cue,related,oughta be related?,notes
abbreviation,music,related_ish,prereq: music/abbreviation+notation
abomination,evil,related,prereq: food+evil/starvation+abomination
addressed,prayers,related,prereq: prayers/addressed+blessed
apocalypse,evil,related,prereq: food+evil/chips+apocalypse
apple,algebra,unrelated,
apple,computer,related_ish,Apple brand cultural
apple,crime,unrelated,
apple,geometry,unrelated,
apple,penguin,unrelated,
apple,pie,related,apple pie
apple,pirate,unrelated,
apple,seed,related,apple seed
apple,volcano,unrelated,
ashen,dark,related,prereq: food+dark/ration+ashen
avant-garde,hard,unrelated,prereq: avant-garde+music/hard+bard
backtrack,exploration,related,prereq: exploration/cul-de-sac+backtrack
bane,evil,related,prereq: food+evil/grain+bane
bank,algebra,unrelated,
bank,geometry,unrelated,
bank,halloween,unrelated,
bank,money,related,money in the bank
bank,penguin,unrelated,
bank,pirate,unrelated,
bank,river,related,riverbank
bank,telescope,unrelated,
bank,vault,related,bank vault
bar,algebra,related_ish,X bar in algebraic notation
bar,chocolate,related,chocolate bar
bar,exam,related,bar exam
bar,geometry,unrelated,
bar,medicine,unrelated,
bar,microscope,unrelated,
bar,penguin,unrelated,
bar,pirate,related_ish,
bar,pub,related,synonym
bar,stool,related,barstool
bard,music,related,prereq: avant-garde+music/hard+bard
bat,ball,related,sports pair
bat,cave,related,bat cave
bat,geometry,unrelated,
bat,medicine,unrelated,
bat,pirate,unrelated,
bat,recipe,unrelated,
bat,telescope,unrelated,
bat,vampire,related,vampire bats
bat,volcano,unrelated,
bi,gay,related,prereq: gay+food/bi+pie
black,dark,related,prereq: food+dark/snack+black
bleak,dark,related,prereq: food+dark/leek+bleak
blessed,heaven,related,prereq: crime+heaven/confessed+blessed
blood,water,related,prereq: water/blood+flood
bow,music,related,music prereq: flow / bow
brain,beam,unrelated,
brain,brick,unrelated,
brain,chimera,unrelated,
brain,cloud,related_ish,
brain,clouds,unrelated_ish,
brain,dolphin,unrelated_ish,
brain,dumb,related,
brain,fish,unrelated_ish,
brain,ice,related,
brain,smart,related,
brain,squeamish,unrelated_ish,
brain,think,related,
brain,zinc,unrelated,
bread,duck,related,
bread,fandango,unrelated,
bread,feast,related,prereq: bread/feast+yeast
bread,food,related,prereq: food+evil/bread+undead
bread,frolic,unrelated,
bread,justice,unrelated,
bread,malice,related_ish,there's a bible verse that makes these be related
bread,melancholy,unrelated,
bread,rhombus,unrelated,
bread,sever,unrelated,
bread,woe,unrelated,
bread,yeast,related,
broom,halloween,related,prereq: halloween/broom+costume
buffet,food,related,prereq: food+dark/buffet+gray
bumbling,clumsy,related,prereq: clumsy/bumbling+fumbling
cake,food,related,prereq: food+evil/cake+rake
carbon,ester,related,prereq: carbon/ester+sequester
carbon,extract,related,prereq: carbon/extract+react
carbon,react,related,prereq: carbon/extract+react
carbon,sequester,related,prereq: carbon/ester+sequester
carbon,sink,related,carbon prereq: sink / zinc
carbon,zinc,related,carbon prereq: sink / zinc
cats,siamese,related,prereq: please+cats -> siamese
celebration,halloween,related,prereq: halloween/celebration+decoration
cell,algebra,unrelated,
cell,biology,related,biology cell
cell,geometry,unrelated,
cell,halloween,unrelated,
cell,penguin,unrelated,
cell,phone,related,cell phone
cell,pirate,unrelated,
cell,prison,related,prison cell
chewed,food,related,prereq: food+evil/chewed+rude
chips,food,related,prereq: food+evil/chips+apocalypse
clam,pasta,related,prereq: pasta/clam+ham
club,algebra,unrelated,
club,geometry,unrelated,
club,golf,related,golf club
club,medicine,unrelated,
club,nightlife,related,nightclub
club,penguin,related,Club Penguin
club,pirate,unrelated,
clumsy,drop,related,prereq: clumsy/drop+flop
clumsy,excuse,related,prereq: clumsy/excuse+shoes
clumsy,flop,related,prereq: clumsy/drop+flop
clumsy,fumbling,related,prereq: clumsy/bumbling+fumbling
clumsy,shoes,related,prereq: clumsy/excuse+shoes
clumsy,stumbling,related,prereq: clumsy/bumbling+stumbling
coke,anthracite,related,
coke,beam,unrelated,
coke,brick,related,a brick of cocaine
coke,candy,unrelated_ish,
coke,cat,unrelated,
coke,cheer,unrelated,
coke,chimera,unrelated,
coke,cloud,unrelated,
coke,clouds,unrelated,
coke,coal,related,
coke,cocaine,related,
coke,cola,related,
coke,computer,unrelated,
coke,crime,unrelated,
coke,dog,unrelated,
coke,dolphin,unrelated,
coke,duck,unrelated,
coke,dumb,unrelated,
coke,evil,unrelated,
coke,fish,unrelated,
coke,fork,unrelated_ish,
coke,frolic,unrelated,
coke,glass,related,
coke,heist,unrelated,
coke,humble,unrelated,
coke,ice,related,
coke,knife,unrelated_ish,
coke,lollipop,whatever,
coke,malice,unrelated,
coke,mine,related,
coke,mouse,unrelated,
coke,mumble,unrelated,
coke,music,unrelated,
coke,pasta,unrelated_ish,
coke,pepsi,related,
coke,phone,unrelated,
coke,prayer,unrelated,
coke,prayers,unrelated,
coke,sever,unrelated,
coke,smart,unrelated,
coke,snow,unrelated,
coke,spoon,related_ish,
coke,squeamish,unrelated,
coke,think,unrelated,
coke,wash,unrelated,
coke,water,related_ish,
concerto,music,related,prereq: music/cello+concerto
consume,food,related,prereq: food+dark/consume+gloom
crab,food,related,prereq: food+dark/crab+drab
crane,algebra,unrelated,
crane,construction,related,construction crane
crane,crime,unrelated,
crane,medicine,unrelated,
crane,origami,related,paper crane
crane,penguin,unrelated,
crane,pirate,unrelated,
crime,acquit,related,
crime,acquitted,related,
crime,algebra,unrelated,
crime,alibi,related,legal term
crime,animation,unrelated,
crime,arrest,related,
crime,baseball,unrelated,
crime,blackmail,related,
crime,burglar,related,
crime,burglary,related,
crime,chassis,unrelated,
crime,commit,related,
crime,committed,related,
crime,confessed,related,
crime,corrupt,related,thematically related
crime,denial,related,
crime,detective,related,crime detection
crime,dishonesty,related,
crime,dog,related_ish,mcgruff the crime dog
crime,drugs,related,
crime,etymology,unrelated,
crime,evidence,related,crime evidence
crime,felon,related,
crime,felony,related,
crime,fight,related,
crime,fraud,related,prereq: crime+heaven/fraud+god
crime,fungus,unrelated,
crime,gang,related,organized crime
crime,gas,unrelated_ish,prereq: crime ought_not gas+mass
crime,grain,unrelated,
crime,gun,related,
crime,heist,related,
crime,homicide,related,
crime,innocent,related,legal antonym
crime,intonation,unrelated,
crime,jail,related,
crime,job,related,
crime,justice,related,
crime,lake,unrelated,prereq: crime ought_not lake+quake
crime,launder,related,money laundering
crime,legume,unrelated,
crime,loot,related,
crime,malice,related,
crime,mass,unrelated_ish,prereq: crime ought_not gas+mass
crime,meningitis,unrelated,
crime,microscope,unrelated,
crime,mob,related,
crime,motive,related,crime motive
crime,murder,related,
crime,nerd,unrelated,prereq: crime ought_not nerd+word
crime,object,unrelated,
crime,ontology,unrelated,
crime,pasta,unrelated,
crime,penguin,unrelated,
crime,penicillin,unrelated,
crime,person,unrelated,
crime,plea,related,
crime,poodle,unrelated,
crime,punishment,related,crime and punishment
crime,quake,unrelated,prereq: crime ought_not lake+quake
crime,repentance,related,
crime,rob,related,
crime,robber,related,
crime,robbery,related,
crime,scallion,unrelated,
crime,scene,related,crime scene
crime,sci-fi,unrelated,
crime,sentence,related,
crime,skulduggery,related,
crime,sky,unrelated,
crime,sleuth,related,
crime,smog,unrelated_ish,they're both noir but not actually causally related
crime,soybean,unrelated,
crime,suspect,related,crime suspect
crime,telescope,unrelated,
crime,theft,related,
crime,thief,related,
crime,thing,unrelated,
crime,thuggery,related,
crime,thugs,related,
crime,transistors,unrelated,
crime,trespassing,related,
crime,trial,related,
crime,truth,related,
crime,vice,related,
crime,volcano,unrelated,
crime,witness,related,crime witness
crime,word,unrelated,prereq: crime ought_not nerd+word
crumb,food,related,prereq: food+evil/crumb+scum
crustacean,food,related,prereq: food+dark/crustacean+illumination
cuisine,food,related,prereq: food+evil/cuisine+mean
cul-de-sac,exploration,related,prereq: exploration/cul-de-sac+backtrack
dares,invoke,related,prereq: invoke/dares+prayers
dark,drab,related,prereq: food+dark/crab+drab
dark,edgy,related,prereq: food+dark/veggie+edgy
dark,gloom,related,prereq: food+dark/consume+gloom
dark,gray,related,prereq: food+dark/buffet+gray
dark,illumination,related,prereq: food+dark/crustacean+illumination
dark,melancholic,related,prereq: food+dark/metabolic+melancholic
dark,murky,related,prereq: food+dark/turkey+murky
dark,unseen,related,prereq: food+dark/cuisine+unseen
death,bled,related,examples from the documentation
death,dead,related,examples from the documentation
death,dread,related,examples from the documentation
deceit,evil,related,prereq: food+evil/wheat+deceit
declare,invoke,related,prereq: invoke/declare+prayer
dessert,food,related,prereq: food+evil/dessert+hurt
diamond,algebra,unrelated,
diamond,baseball,related,diamond (baseball field)
diamond,card,related,suit of cards
diamond,crime,related,diamond heist
diamond,medicine,unrelated,
diamond,penguin,unrelated,
diamond,pirate,related_ish,pirates and gems/treasure
diamond,ring,related,diamond ring
dinner,food,related,prereq: food+evil/dinner+sinner
dish,pasta,related,prereq: pasta/dish+fish
doom,evil,related,prereq: food+evil/mushroom+doom
enjoys,music,related,music prereq: enjoys / noise
evil,greed,related,prereq: food+evil/feed+greed
evil,hurt,related,prereq: food+evil/dessert+hurt
evil,malign,related,prereq: food+evil/wine+malign
evil,maligns,related,prereq: food+evil/heinz+maligns
evil,mean,related,prereq: food+evil/cuisine+mean
evil,pain,related,prereq: food+evil/grain+pain
evil,rake,related_ish,because this sense of rake is archaic/obscure. prereq: food+evil/cake+rake
evil,rude,related,prereq: food+evil/chewed+rude
evil,satanic,related,prereq: food+evil/organic+satanic
evil,scum,related,prereq: food+evil/crumb+scum
evil,sinner,related,prereq: food+evil/dinner+sinner
evil,slavery,related,prereq: food+evil/savory+slavery
evil,traitor,related,prereq: food+evil/waiter+traitor
evil,undead,related,prereq: food+evil/bread+undead
evil,undeserved,related,prereq: food+evil/served+undeserved
evil,vice,related,prereq: food+evil/rice+vice
evil,voldemort,related,prereq: food+evil/sachertorte+voldemort
exciting,interactive,related,prereq: interactive+fiction/exciting+writing
fandango,music,related,prereq: music/fandango+tango
feast,movable,whatever,bulk random lemma base + common preferred + rime (seed 42)
feast,prayers,related,prereq: prayers/feast+priest
feasts,prayers,related,prereq: prayers/feasts+priests
feed,food,related,prereq: food+evil/feed+greed
fiction,writing,related,prereq: interactive+fiction/exciting+writing
fire,algebra,unrelated,
fire,escape,related,fire escape
fire,geometry,unrelated,
fire,hydrant,related,fire hydrant
fire,medicine,unrelated,
fire,penguin,unrelated,
fire,pirate,unrelated,
fire,smoke,related,clearly associated
fish,pasta,related,prereq: pasta/dish+fish
flan,food,related,prereq: gay+food/pan+flan
flans,food,related,prereq: gay+food/trans+flans
flood,water,related,prereq: water/blood+flood
flow,music,related,music prereq: flow / bow
fluidity,water,related,
food,abrasion,unrelated,bulk random lemma base + common preferred + rime (seed 42)
food,abusive,unrelated,bulk random lemma base + common preferred + rime (seed 42)
food,admonition,unrelated,bulk random lemma base + common preferred + rime (seed 42)
food,adolescent,unrelated,bulk random lemma base + common preferred + rime (seed 42)
food,alleviate,unrelated,bulk random lemma base + common preferred + rime (seed 42)
food,alum,unrelated,bulk random lemma base + common preferred + rime (seed 42)
food,amity,unrelated,bulk random lemma base + common preferred + rime (seed 42)
food,amputation,unrelated,bulk random lemma base + common preferred + rime (seed 42)
food,anniversary,unrelated,bulk random lemma base + common preferred + rime (seed 42)
food,aqua,whatever,bulk random lemma base + common preferred + rime (seed 42)
food,arabesque,unrelated,bulk random lemma base + common preferred + rime (seed 42)
food,archipelago,unrelated,bulk random lemma base + common preferred + rime (seed 42)
food,asparagus,related,bulk random lemma base + common preferred + rime (seed 42)
food,assassination,unrelated,bulk random lemma base + common preferred + rime (seed 42)
food,assign,unrelated,bulk random lemma base + common preferred + rime (seed 42)
food,astringent,unrelated,bulk random lemma base + common preferred + rime (seed 42)
food,atone,unrelated,bulk random lemma base + common preferred + rime (seed 42)
food,availability,whatever,bulk random lemma base + common preferred + rime (seed 42)
food,bacon,related,off the top of my head
food,baffle,unrelated,bulk random lemma base + common preferred + rime (seed 42)
food,bag,related,bulk random lemma base + common preferred + rime (seed 42)
food,bamboo,unrelated,bulk random lemma base + common preferred + rime (seed 42)
food,ban,unrelated,bulk random lemma base + common preferred + rime (seed 42)
food,barbecue,whatever,bulk random lemma base + common preferred + rime (seed 42)
food,begotten,unrelated,bulk random lemma base + common preferred + rime (seed 42)
food,behoove,unrelated,bulk random lemma base + common preferred + rime (seed 42)
food,billionth,unrelated,bulk random lemma base + common preferred + rime (seed 42)
food,bloomer,unrelated,bulk random lemma base + common preferred + rime (seed 42)
food,bons,unrelated,bulk random lemma base + common preferred + rime (seed 42)
food,borough,unrelated,bulk random lemma base + common preferred + rime (seed 42)
food,boss,unrelated,bulk random lemma base + common preferred + rime (seed 42)
food,brandy,unrelated,bulk random lemma base + common preferred + rime (seed 42)
food,bread,related,off the top of my head
food,breakfast,related,off the top of my head
food,buddy,unrelated,bulk random lemma base + common preferred + rime (seed 42)
food,buffet,related,bulk random lemma base + common preferred + rime (seed 42)
food,buffeting,unrelated,bulk random lemma base + common preferred + rime (seed 42)
food,bulk,related,off the top of my head
food,buoyant,unrelated,bulk random lemma base + common preferred + rime (seed 42)
food,burn,related,off the top of my head
food,burner,unrelated,off the top of my head
food,calories,related,off the top of my head
food,candid,unrelated,bulk random lemma base + common preferred + rime (seed 42)
food,canned,related,off the top of my head
food,cannoli,related,bulk random lemma base + common preferred + rime (seed 42)
food,canton,unrelated,bulk random lemma base + common preferred + rime (seed 42)
food,carbohydrates,related,off the top of my head
food,carbs,related,off the top of my head
food,chard,related,bulk random lemma base + common preferred + rime (seed 42)
food,chester,unrelated,bulk random lemma base + common preferred + rime (seed 42)
food,chewy,related,bulk random lemma base + common preferred + rime (seed 42)
food,chi,unrelated,bulk random lemma base + common preferred + rime (seed 42)
food,child,whatever,bulk random lemma base + common preferred + rime (seed 42)
food,clashing,unrelated,bulk random lemma base + common preferred + rime (seed 42)
food,cloying,whatever,bulk random lemma base + common preferred + rime (seed 42)
food,cocaine,unrelated,bulk random lemma base + common preferred + rime (seed 42)
food,configure,unrelated,bulk random lemma base + common preferred + rime (seed 42)
food,construct,unrelated,bulk random lemma base + common preferred + rime (seed 42)
food,contamination,related,off the top of my head
food,cook,related,off the top of my head
food,corn,related,off the top of my head
food,cornet,unrelated,bulk random lemma base + common preferred + rime (seed 42)
food,cosmetology,unrelated,bulk random lemma base + common preferred + rime (seed 42)
food,crook,unrelated,bulk random lemma base + common preferred + rime (seed 42)
food,cutout,unrelated,bulk random lemma base + common preferred + rime (seed 42)
food,dele,unrelated,bulk random lemma base + common preferred + rime (seed 42)
food,deli,related,off the top of my head
food,diet,related,off the top of my head
food,dilute,unrelated,bulk random lemma base + common preferred + rime (seed 42)
food,dinner,related,off the top of my head
food,disagreeable,unrelated,bulk random lemma base + common preferred + rime (seed 42)
food,disappoint,unrelated,bulk random lemma base + common preferred + rime (seed 42)
food,divergent,unrelated,bulk random lemma base + common preferred + rime (seed 42)
food,docile,unrelated,bulk random lemma base + common preferred + rime (seed 42)
food,domestically,unrelated,bulk random lemma base + common preferred + rime (seed 42)
food,dominating,unrelated,bulk random lemma base + common preferred + rime (seed 42)
food,dowdy,unrelated,bulk random lemma base + common preferred + rime (seed 42)
food,drew,unrelated,bulk random lemma base + common preferred + rime (seed 42)
food,drink,related,off the top of my head
food,duplicity,unrelated,bulk random lemma base + common preferred + rime (seed 42)
food,durst,unrelated,bulk random lemma base + common preferred + rime (seed 42)
food,eclipse,unrelated,bulk random lemma base + common preferred + rime (seed 42)
food,editorial,unrelated,bulk random lemma base + common preferred + rime (seed 42)
food,egg,related,off the top of my head
food,electricity,unrelated,these cooccur because they're both basic(ish) needs but they oughn't be thematically related
food,emit,unrelated,bulk random lemma base + common preferred + rime (seed 42)
food,ensue,unrelated,bulk random lemma base + common preferred + rime (seed 42)
food,evade,unrelated,bulk random lemma base + common preferred + rime (seed 42)
food,expense,whatever,bulk random lemma base + common preferred + rime (seed 42)
food,fancy,related,off the top of my head
food,farewell,unrelated,bulk random lemma base + common preferred + rime (seed 42)
food,farm,related,off the top of my head
food,fawn,unrelated,bulk random lemma base + common preferred + rime (seed 42)
food,femme,unrelated,bulk random lemma base + common preferred + rime (seed 42)
food,fermentation,whatever,bulk random lemma base + common preferred + rime (seed 42)
food,fiber,related,off the top of my head
food,fibrosis,unrelated,bulk random lemma base + common preferred + rime (seed 42)
food,fiddle,unrelated,bulk random lemma base + common preferred + rime (seed 42)
food,fight,related,bulk random lemma base + common preferred + rime (seed 42)
food,fish,related,bulk random lemma base + common preferred + rime (seed 42)
food,fizzle,unrelated,bulk random lemma base + common preferred + rime (seed 42)
food,folio,unrelated,bulk random lemma base + common preferred + rime (seed 42)
food,forage,related,bulk random lemma base + common preferred + rime (seed 42)
food,fork,related,off the top of my head
food,forum,unrelated,bulk random lemma base + common preferred + rime (seed 42)
food,fourteenth,unrelated,bulk random lemma base + common preferred + rime (seed 42)
food,fragile,unrelated,bulk random lemma base + common preferred + rime (seed 42)
food,fruit,related,off the top of my head
food,gadolinium,unrelated,bulk random lemma base + common preferred + rime (seed 42)
food,garden,related,bulk random lemma base + common preferred + rime (seed 42)
food,gather,related,bulk random lemma base + common preferred + rime (seed 42)
food,gestapo,unrelated,bulk random lemma base + common preferred + rime (seed 42)
food,gist,unrelated,bulk random lemma base + common preferred + rime (seed 42)
food,grain,related,prereq: food+evil/grain+pain
food,grocer,related,off the top of my head
food,grocery,related,off the top of my head
food,gruel,related,bulk random lemma base + common preferred + rime (seed 42)
food,hail,unrelated,bulk random lemma base + common preferred + rime (seed 42)
food,halfpenny,unrelated,bulk random lemma base + common preferred + rime (seed 42)
food,halibut,related,bulk random lemma base + common preferred + rime (seed 42)
food,hash,related,bulk random lemma base + common preferred + rime (seed 42)
food,hasten,unrelated,bulk random lemma base + common preferred + rime (seed 42)
food,healthy,related,off the top of my head
food,heat,related,bulk random lemma base + common preferred + rime (seed 42)
food,heinz,related,prereq: food+evil/heinz+maligns
food,hoist,unrelated,bulk random lemma base + common preferred + rime (seed 42)
food,hulk,unrelated,bulk random lemma base + common preferred + rime (seed 42)
food,hunt,related,bulk random lemma base + common preferred + rime (seed 42)
food,hydration,related,prereq: food+dark/hydration+illumination
food,hysteric,unrelated,bulk random lemma base + common preferred + rime (seed 42)
food,ice,whatever,bulk random lemma base + common preferred + rime (seed 42)
food,icicle,unrelated,bulk random lemma base + common preferred + rime (seed 42)
food,idiotic,unrelated,bulk random lemma base + common preferred + rime (seed 42)
food,impossibility,unrelated,bulk random lemma base + common preferred + rime (seed 42)
food,ingredient,related,off the top of my head
food,inspiration,whatever,bulk random lemma base + common preferred + rime (seed 42)
food,irk,unrelated,bulk random lemma base + common preferred + rime (seed 42)
food,jazzy,unrelated,bulk random lemma base + common preferred + rime (seed 42)
food,jibe,unrelated,bulk random lemma base + common preferred + rime (seed 42)
food,jostle,unrelated,bulk random lemma base + common preferred + rime (seed 42)
food,jurisprudence,unrelated,bulk random lemma base + common preferred + rime (seed 42)
food,kinky,unrelated,bulk random lemma base + common preferred + rime (seed 42)
food,knife,related,off the top of my head
food,lab,whatever,bulk random lemma base + common preferred + rime (seed 42)
food,lassie,unrelated,bulk random lemma base + common preferred + rime (seed 42)
food,launcher,unrelated,bulk random lemma base + common preferred + rime (seed 42)
food,lawyer,unrelated,bulk random lemma base + common preferred + rime (seed 42)
food,leek,related,prereq: food+dark/leek+bleak
food,loony,unrelated,bulk random lemma base + common preferred + rime (seed 42)
food,lunch,related,off the top of my head
food,lynx,unrelated,bulk random lemma base + common preferred + rime (seed 42)
food,macaroni,related,bulk random lemma base + common preferred + rime (seed 42)
food,machinery,unrelated,bulk random lemma base + common preferred + rime (seed 42)
food,magnanimous,unrelated,bulk random lemma base + common preferred + rime (seed 42)
food,maul,unrelated,bulk random lemma base + common preferred + rime (seed 42)
food,meal,related,off the top of my head
food,meat,related,off the top of my head
food,metabolic,related,prereq: food+dark/metabolic+melancholic
food,microwave,related,bulk random lemma base + common preferred + rime (seed 42)
food,migration,unrelated,bulk random lemma base + common preferred + rime (seed 42)
food,movable,whatever,bulk random lemma base + common preferred + rime (seed 42)
food,mushroom,related,prereq: food+evil/mushroom+doom
food,nautical,unrelated,bulk random lemma base + common preferred + rime (seed 42)
food,nondisclosure,unrelated,bulk random lemma base + common preferred + rime (seed 42)
food,nude,unrelated,bulk random lemma base + common preferred + rime (seed 42)
food,nudity,unrelated,bulk random lemma base + common preferred + rime (seed 42)
food,omnipotent,unrelated,bulk random lemma base + common preferred + rime (seed 42)
food,opportunity,unrelated,bulk random lemma base + common preferred + rime (seed 42)
food,organic,related,prereq: food+evil/organic+satanic
food,oven,related,off the top of my head
food,overplay,unrelated,bulk random lemma base + common preferred + rime (seed 42)
food,pan,related,off the top of my head
food,panic,whatever,bulk random lemma base + common preferred + rime (seed 42)
food,pantry,related,off the top of my head
food,parallelogram,unrelated,bulk random lemma base + common preferred + rime (seed 42)
food,parasol,unrelated,bulk random lemma base + common preferred + rime (seed 42)
food,parody,unrelated,bulk random lemma base + common preferred + rime (seed 42)
food,pea,related,bulk random lemma base + common preferred + rime (seed 42)
food,peek,unrelated,bulk random lemma base + common preferred + rime (seed 42)
food,pending,unrelated,bulk random lemma base + common preferred + rime (seed 42)
food,perimeter,unrelated,bulk random lemma base + common preferred + rime (seed 42)
food,pie,related,prereq: gay+food/bi+pie
food,pit,whatever,bulk random lemma base + common preferred + rime (seed 42)
food,plate,related,off the top of my head
food,poison,related,off the top of my head
food,poisoning,related,off the top of my head
food,portion,related,bulk random lemma base + common preferred + rime (seed 42)
food,prepare,related,off the top of my head
food,prosecutorial,unrelated,bulk random lemma base + common preferred + rime (seed 42)
food,protrusion,unrelated,bulk random lemma base + common preferred + rime (seed 42)
food,pursuing,unrelated,bulk random lemma base + common preferred + rime (seed 42)
food,quesadilla,related,bulk random lemma base + common preferred + rime (seed 42)
food,quid,unrelated,bulk random lemma base + common preferred + rime (seed 42)
food,quince,unrelated,bulk random lemma base + common preferred + rime (seed 42)
food,rabbinical,unrelated,bulk random lemma base + common preferred + rime (seed 42)
food,radio,unrelated,bulk random lemma base + common preferred + rime (seed 42)
food,range,related,off the top of my head
food,ration,related,prereq: food+dark/ration+ashen
food,ravage,unrelated,bulk random lemma base + common preferred + rime (seed 42)
food,raw,related,off the top of my head
food,recriminate,unrelated,bulk random lemma base + common preferred + rime (seed 42)
food,redefinition,unrelated,bulk random lemma base + common preferred + rime (seed 42)
food,refiled,unrelated,bulk random lemma base + common preferred + rime (seed 42)
food,renew,unrelated,bulk random lemma base + common preferred + rime (seed 42)
food,repartee,unrelated,bulk random lemma base + common preferred + rime (seed 42)
food,restaurant,related,off the top of my head
food,rhino,unrelated,bulk random lemma base + common preferred + rime (seed 42)
food,rice,related,prereq: food+evil/rice+vice
food,sachertorte,related,prereq: food+evil/sachertorte+voldemort
food,sadistic,unrelated,bulk random lemma base + common preferred + rime (seed 42)
food,salve,unrelated,bulk random lemma base + common preferred + rime (seed 42)
food,sarcophagus,unrelated,bulk random lemma base + common preferred + rime (seed 42)
food,savory,related,prereq: food+evil/savory+slavery
food,sconce,unrelated,bulk random lemma base + common preferred + rime (seed 42)
food,scone,related,bulk random lemma base + common preferred + rime (seed 42)
food,scythe,whatever,off the top of my head
food,sea,whatever,bulk random lemma base + common preferred + rime (seed 42)
food,seafood,related,bulk random lemma base + common preferred + rime (seed 42)
food,seder,related,prereq: food+evil/seder+invader
food,selectivity,unrelated,bulk random lemma base + common preferred + rime (seed 42)
food,sensationalizing,unrelated,bulk random lemma base + common preferred + rime (seed 42)
food,served,related,prereq: food+evil/served+undeserved
food,shoop,unrelated,bulk random lemma base + common preferred + rime (seed 42)
food,shortage,related,off the top of my head
food,skull,unrelated,bulk random lemma base + common preferred + rime (seed 42)
food,slat,unrelated,bulk random lemma base + common preferred + rime (seed 42)
food,smith,unrelated,bulk random lemma base + common preferred + rime (seed 42)
food,snack,related,prereq: food+dark/snack+black
food,sob,unrelated,bulk random lemma base + common preferred + rime (seed 42)
food,sooty,unrelated,bulk random lemma base + common preferred + rime (seed 42)
food,sop,related,bulk random lemma base + common preferred + rime (seed 42)
food,sorceress,unrelated,bulk random lemma base + common preferred + rime (seed 42)
food,spear,unrelated,bulk random lemma base + common preferred + rime (seed 42)
food,speck,whatever,bulk random lemma base + common preferred + rime (seed 42)
food,spoon,related,off the top of my head
food,spreader,unrelated,bulk random lemma base + common preferred + rime (seed 42)
food,squall,unrelated,bulk random lemma base + common preferred + rime (seed 42)
food,starvation,related,prereq: food+evil/starvation+abomination
food,state,unrelated,bulk random lemma base + common preferred + rime (seed 42)
food,stock,related,bulk random lemma base + common preferred + rime (seed 42)
food,store,related,off the top of my head
food,stove,related,off the top of my head
food,subsistence,related,bulk random lemma base + common preferred + rime (seed 42)
food,sugar,related,off the top of my head
food,suiting,unrelated,bulk random lemma base + common preferred + rime (seed 42)
food,suppression,unrelated,bulk random lemma base + common preferred + rime (seed 42)
food,surplus,related,off the top of my head
food,surreptitious,unrelated,bulk random lemma base + common preferred + rime (seed 42)
food,sustainable,related,off the top of my head
food,swanky,unrelated,bulk random lemma base + common preferred + rime (seed 42)
food,switch,unrelated,bulk random lemma base + common preferred + rime (seed 42)
food,tandoori,related,bulk random lemma base + common preferred + rime (seed 42)
food,text,unrelated,bulk random lemma base + common preferred + rime (seed 42)
food,the,related,stop word
food,theme,whatever,bulk random lemma base + common preferred + rime (seed 42)
food,thicc,unrelated,bulk random lemma base + common preferred + rime (seed 42)
food,tiara,unrelated,bulk random lemma base + common preferred + rime (seed 42)
food,titanic,unrelated,bulk random lemma base + common preferred + rime (seed 42)
food,trance,unrelated,bulk random lemma base + common preferred + rime (seed 42)
food,trash,related,bulk random lemma base + common preferred + rime (seed 42)
food,treacle,unrelated,bulk random lemma base + common preferred + rime (seed 42)
food,tulle,unrelated,bulk random lemma base + common preferred + rime (seed 42)
food,turkey,related,prereq: food+dark/turkey+murky
food,twenty,unrelated,bulk random lemma base + common preferred + rime (seed 42)
food,unartistic,unrelated,bulk random lemma base + common preferred + rime (seed 42)
food,unhealthy,related,off the top of my head
food,uninformed,unrelated,bulk random lemma base + common preferred + rime (seed 42)
food,unsteady,unrelated,bulk random lemma base + common preferred + rime (seed 42)
food,unwitting,unrelated,bulk random lemma base + common preferred + rime (seed 42)
food,uprising,unrelated,bulk random lemma base + common preferred + rime (seed 42)
food,utensil,related,off the top of my head
food,utopian,unrelated,bulk random lemma base + common preferred + rime (seed 42)
food,vegetables,related,off the top of my head
food,veggie,related,prereq: food+dark/veggie+edgy
food,vitamins,related,off the top of my head
food,vocal,unrelated,bulk random lemma base + common preferred + rime (seed 42)
food,waiter,related,prereq: food+evil/waiter+traitor
food,warm,related,bulk random lemma base + common preferred + rime (seed 42)
food,wary,unrelated,bulk random lemma base + common preferred + rime (seed 42)
food,wheat,related,prereq: food+evil/wheat+deceit
food,whither,unrelated,bulk random lemma base + common preferred + rime (seed 42)
food,wine,related,prereq: food+evil/wine+malign
food,wing,whatever,bulk random lemma base + common preferred + rime (seed 42)
food,winnings,unrelated,bulk random lemma base + common preferred + rime (seed 42)
food,wiz,unrelated,bulk random lemma base + common preferred + rime (seed 42)
food,yaoi,unrelated,bulk random lemma base + common preferred + rime (seed 42)
football,bait,unrelated,
football,basket,unrelated,
football,bat,unrelated,
football,cat,unrelated,
football,cheer,related,
football,crime,unrelated,
football,dog,unrelated_ish,because hot dogs are served at football games
football,dribble,related,because of soccer
football,duck,unrelated,
football,evil,unrelated,
football,field,related,
football,fish,unrelated,
football,goal,related,
football,heist,unrelated,
football,incomplete,related,prereq: football/yeet+incomplete
football,pass,related,
football,quarterback,related,
football,rod,unrelated,
football,stadium,related,
football,tackle,related,
football,throw,related,
football,violin,unrelated,
fork,pasta,related,prereq: pasta/fork+pork
fortissimo,pianissimo,related,uncommon words
french,pirate,related,prereq: pirate/french+wench
garden,algebra,unrelated,
garden,crime,unrelated,
garden,geometry,unrelated,
garden,penguin,unrelated,
garden,pirate,unrelated,
garden,weed,related,garden weed
gay,active,whatever,bulk random lemma base + common preferred + rime (seed 42)
gay,activism,related,off the top of my head
gay,activist,related,off the top of my head
gay,adaptive,unrelated,bulk random lemma base + common preferred + rime (seed 42)
gay,adjustment,whatever,bulk random lemma base + common preferred + rime (seed 42)
gay,adopt,related,off the top of my head
gay,adoption,related,off the top of my head
gay,anal,related,off the top of my head
gay,and,related,stop word
gay,angling,unrelated,bulk random lemma base + common preferred + rime (seed 42)
gay,approximation,unrelated,bulk random lemma base + common preferred + rime (seed 42)
gay,aquamarine,unrelated,bulk random lemma base + common preferred + rime (seed 42)
gay,army,related,off the top of my head
gay,aro,related,off the top of my head
gay,aromantic,related,off the top of my head
gay,asexual,related,off the top of my head
gay,ashen,unrelated,bulk random lemma base + common preferred + rime (seed 42)
gay,astray,unrelated,bulk random lemma base + common preferred + rime (seed 42)
gay,attraction,related,off the top of my head
gay,attractive,related,off the top of my head
gay,averse,unrelated,bulk random lemma base + common preferred + rime (seed 42)
gay,azure,unrelated,bulk random lemma base + common preferred + rime (seed 42)
gay,bacon,unrelated,bulk random lemma base + common preferred + rime (seed 42)
gay,banal,unrelated,bulk random lemma base + common preferred + rime (seed 42)
gay,bar,related,off the top of my head
gay,bathroom,related,off the top of my head
gay,bdsm,related,off the top of my head
gay,bear,related,off the top of my head
gay,beautiful,related,off the top of my head
gay,beauty,related,off the top of my head
gay,beta,whatever,bulk random lemma base + common preferred + rime (seed 42)
gay,bigot,related,off the top of my head
gay,bigotry,related,off the top of my head
gay,bisexual,related,off the top of my head
gay,blasé,unrelated,bulk random lemma base + common preferred + rime (seed 42)
gay,bog,unrelated,bulk random lemma base + common preferred + rime (seed 42)
gay,boi,related,off the top of my head
gay,borrow,unrelated,bulk random lemma base + common preferred + rime (seed 42)
gay,bowtie,related_ish,bulk random lemma base + common preferred + rime (seed 42)
gay,boy,related,off the top of my head
gay,boyfriend,related,off the top of my head
gay,breakup,related,off the top of my head
gay,bridal,related,bulk random lemma base + common preferred + rime (seed 42)
gay,caboose,unrelated,bulk random lemma base + common preferred + rime (seed 42)
gay,can,related,stop word
gay,canteen,unrelated,bulk random lemma base + common preferred + rime (seed 42)
gay,carefree,related,off the top of my head
gay,chatter,unrelated,bulk random lemma base + common preferred + rime (seed 42)
gay,cheerful,related,off the top of my head
gay,chicago,unrelated,bulk random lemma base + common preferred + rime (seed 42)
gay,clack,unrelated,bulk random lemma base + common preferred + rime (seed 42)
gay,closet,related,bulk random lemma base + common preferred + rime (seed 42)
gay,closeted,related,bulk random lemma base + common preferred + rime (seed 42)
gay,clothing,unrelated,bulk random lemma base + common preferred + rime (seed 42)
gay,club,related,off the top of my head
gay,cock,related,off the top of my head
gay,coke,unrelated,bulk random lemma base + common preferred + rime (seed 42)
gay,come,related,off the top of my head
gay,community,related,off the top of my head
gay,comply,unrelated,bulk random lemma base + common preferred + rime (seed 42)
gay,computation,unrelated,bulk random lemma base + common preferred + rime (seed 42)
gay,conceit,unrelated,bulk random lemma base + common preferred + rime (seed 42)
gay,consent,related,off the top of my head
gay,consequential,unrelated,bulk random lemma base + common preferred + rime (seed 42)
gay,contribution,unrelated,bulk random lemma base + common preferred + rime (seed 42)
gay,courser,unrelated,bulk random lemma base + common preferred + rime (seed 42)
gay,cream,related,bulk random lemma base + common preferred + rime (seed 42)
gay,creeps,unrelated,bulk random lemma base + common preferred + rime (seed 42)
gay,criminality,unrelated,bulk random lemma base + common preferred + rime (seed 42)
gay,criminologist,unrelated,bulk random lemma base + common preferred + rime (seed 42)
gay,crinkle,unrelated,bulk random lemma base + common preferred + rime (seed 42)
gay,croon,unrelated,bulk random lemma base + common preferred + rime (seed 42)
gay,cum,related,off the top of my head
gay,cunt,related,off the top of my head
gay,curious,related,off the top of my head
gay,curl,unrelated,bulk random lemma base + common preferred + rime (seed 42)
gay,date,related,off the top of my head
gay,dating,related,off the top of my head
gay,decoder,unrelated,bulk random lemma base + common preferred + rime (seed 42)
gay,deduct,unrelated,bulk random lemma base + common preferred + rime (seed 42)
gay,delegation,unrelated,bulk random lemma base + common preferred + rime (seed 42)
gay,destruction,unrelated,bulk random lemma base + common preferred + rime (seed 42)
gay,detainment,whatever,bulk random lemma base + common preferred + rime (seed 42)
gay,devolution,unrelated,bulk random lemma base + common preferred + rime (seed 42)
gay,dick,related,off the top of my head
gay,diplomatically,unrelated,bulk random lemma base + common preferred + rime (seed 42)
gay,disabuse,unrelated,bulk random lemma base + common preferred + rime (seed 42)
gay,discontent,unrelated,bulk random lemma base + common preferred + rime (seed 42)
gay,discreet,related,off the top of my head
gay,discriminate,related,off the top of my head
gay,discrimination,related,off the top of my head
gay,disease,related,off the top of my head
gay,dissipation,unrelated,bulk random lemma base + common preferred + rime (seed 42)
gay,drag,related,off the top of my head
gay,drape,unrelated,bulk random lemma base + common preferred + rime (seed 42)
gay,duff,unrelated,bulk random lemma base + common preferred + rime (seed 42)
gay,duke,unrelated,bulk random lemma base + common preferred + rime (seed 42)
gay,dumb,unrelated,bulk random lemma base + common preferred + rime (seed 42)
gay,ecological,unrelated,bulk random lemma base + common preferred + rime (seed 42)
gay,electrification,unrelated,bulk random lemma base + common preferred + rime (seed 42)
gay,emit,unrelated,bulk random lemma base + common preferred + rime (seed 42)
gay,enrage,unrelated,bulk random lemma base + common preferred + rime (seed 42)
gay,ethylene,unrelated,bulk random lemma base + common preferred + rime (seed 42)
gay,euthanasia,unrelated,bulk random lemma base + common preferred + rime (seed 42)
gay,ever,unrelated,bulk random lemma base + common preferred + rime (seed 42)
gay,excise,unrelated,bulk random lemma base + common preferred + rime (seed 42)
gay,facade,unrelated,bulk random lemma base + common preferred + rime (seed 42)
gay,family,related,off the top of my head
gay,fantasy,related,off the top of my head
gay,farm,unrelated,bulk random lemma base + common preferred + rime (seed 42)
gay,fired,whatever,bulk random lemma base + common preferred + rime (seed 42)
gay,firm,related,bulk random lemma base + common preferred + rime (seed 42)
gay,flowery,related,bulk random lemma base + common preferred + rime (seed 42)
gay,foggy,unrelated,bulk random lemma base + common preferred + rime (seed 42)
gay,fractal,unrelated,bulk random lemma base + common preferred + rime (seed 42)
gay,frost,unrelated,bulk random lemma base + common preferred + rime (seed 42)
gay,fuck,related,off the top of my head
gay,fun,related,off the top of my head
gay,gal,whatever,bulk random lemma base + common preferred + rime (seed 42)
gay,gate,unrelated,bulk random lemma base + common preferred + rime (seed 42)
gay,gender,related,off the top of my head
gay,genetic,related,off the top of my head
gay,geologist,unrelated,bulk random lemma base + common preferred + rime (seed 42)
gay,gert,unrelated,bulk random lemma base + common preferred + rime (seed 42)
gay,girl,related,off the top of my head
gay,girlfriend,related,off the top of my head
gay,glad,whatever,bulk random lemma base + common preferred + rime (seed 42)
gay,glory,related,off the top of my head
gay,gobble,whatever,bulk random lemma base + common preferred + rime (seed 42)
gay,golden,related,off the top of my head
gay,grain,unrelated,bulk random lemma base + common preferred + rime (seed 42)
gay,grooming,related,off the top of my head
gay,guerilla,unrelated,bulk random lemma base + common preferred + rime (seed 42)
gay,guide,unrelated,bulk random lemma base + common preferred + rime (seed 42)
gay,halloween,unrelated,bulk random lemma base + common preferred + rime (seed 42)
gay,handsome,related,off the top of my head
gay,happy,related,off the top of my head
gay,hasty,unrelated,bulk random lemma base + common preferred + rime (seed 42)
gay,hate,related,off the top of my head
gay,heiress,unrelated,bulk random lemma base + common preferred + rime (seed 42)
gay,hermaphrodite,related,off the top of my head
gay,heterosexual,related,off the top of my head
gay,hipster,unrelated,bulk random lemma base + common preferred + rime (seed 42)
gay,homey,unrelated,bulk random lemma base + common preferred + rime (seed 42)
gay,homie,unrelated,bulk random lemma base + common preferred + rime (seed 42)
gay,homosexual,related,off the top of my head
gay,hooky,unrelated,bulk random lemma base + common preferred + rime (seed 42)
gay,horn,unrelated,off the top of my head
gay,horny,related,off the top of my head
gay,hysteric,unrelated,bulk random lemma base + common preferred + rime (seed 42)
gay,hysterics,unrelated,bulk random lemma base + common preferred + rime (seed 42)
gay,impressionism,unrelated,bulk random lemma base + common preferred + rime (seed 42)
gay,inattention,unrelated,bulk random lemma base + common preferred + rime (seed 42)
gay,inductor,unrelated,bulk random lemma base + common preferred + rime (seed 42)
gay,infection,related,off the top of my head
gay,inside,whatever,bulk random lemma base + common preferred + rime (seed 42)
gay,intersex,related,off the top of my head
gay,inveterate,unrelated,bulk random lemma base + common preferred + rime (seed 42)
gay,jack,related,off the top of my head
gay,jill,related,off the top of my head
gay,jog,unrelated,bulk random lemma base + common preferred + rime (seed 42)
gay,jones,unrelated,bulk random lemma base + common preferred + rime (seed 42)
gay,jordan,unrelated,bulk random lemma base + common preferred + rime (seed 42)
gay,kell,unrelated,bulk random lemma base + common preferred + rime (seed 42)
gay,kine,unrelated,bulk random lemma base + common preferred + rime (seed 42)
gay,kinesiology,unrelated,bulk random lemma base + common preferred + rime (seed 42)
gay,king,related,off the top of my head
gay,kink,related,off the top of my head
gay,kinky,related,off the top of my head
gay,knack,unrelated,bulk random lemma base + common preferred + rime (seed 42)
gay,korean,unrelated,bulk random lemma base + common preferred + rime (seed 42)
gay,layoff,whatever,bulk random lemma base + common preferred + rime (seed 42)
gay,leaving,unrelated,bulk random lemma base + common preferred + rime (seed 42)
gay,lesbian,related,off the top of my head
gay,lode,unrelated,bulk random lemma base + common preferred + rime (seed 42)
gay,loony,unrelated,bulk random lemma base + common preferred + rime (seed 42)
gay,love,related,off the top of my head
gay,lover,related,off the top of my head
gay,magician,unrelated,bulk random lemma base + common preferred + rime (seed 42)
gay,malformed,unrelated,bulk random lemma base + common preferred + rime (seed 42)
gay,marquise,unrelated,bulk random lemma base + common preferred + rime (seed 42)
gay,marriage,related,off the top of my head
gay,mechanical,unrelated,bulk random lemma base + common preferred + rime (seed 42)
gay,menu,unrelated,bulk random lemma base + common preferred + rime (seed 42)
gay,messy,whatever,bulk random lemma base + common preferred + rime (seed 42)
gay,military,related,off the top of my head
gay,misadventure,unrelated,bulk random lemma base + common preferred + rime (seed 42)
gay,moot,unrelated,bulk random lemma base + common preferred + rime (seed 42)
gay,mortify,unrelated,bulk random lemma base + common preferred + rime (seed 42)
gay,native,unrelated,bulk random lemma base + common preferred + rime (seed 42)
gay,navigational,unrelated,bulk random lemma base + common preferred + rime (seed 42)
gay,noah,unrelated,bulk random lemma base + common preferred + rime (seed 42)
gay,nodding,unrelated,bulk random lemma base + common preferred + rime (seed 42)
gay,noise,unrelated,bulk random lemma base + common preferred + rime (seed 42)
gay,novel,unrelated,bulk random lemma base + common preferred + rime (seed 42)
gay,onstage,whatever,bulk random lemma base + common preferred + rime (seed 42)
gay,openly,related,bulk random lemma base + common preferred + rime (seed 42)
gay,ophthalmology,unrelated,bulk random lemma base + common preferred + rime (seed 42)
gay,orgy,related,off the top of my head
gay,out,related,bulk random lemma base + common preferred + rime (seed 42)
gay,pallor,unrelated,bulk random lemma base + common preferred + rime (seed 42)
gay,pandemonium,unrelated,bulk random lemma base + common preferred + rime (seed 42)
gay,pansexual,related,off the top of my head
gay,parade,related,off the top of my head
gay,park,related,bulk random lemma base + common preferred + rime (seed 42)
gay,partner,related,off the top of my head
gay,penis,related,off the top of my head
gay,phonetically,unrelated,bulk random lemma base + common preferred + rime (seed 42)
gay,plunder,unrelated,bulk random lemma base + common preferred + rime (seed 42)
gay,plunge,unrelated,bulk random lemma base + common preferred + rime (seed 42)
gay,pollock,unrelated,bulk random lemma base + common preferred + rime (seed 42)
gay,poly,related,off the top of my head
gay,polyamorous,related,off the top of my head
gay,polyamory,related,off the top of my head
gay,porn,related,off the top of my head
gay,pornography,related,off the top of my head
gay,prairie,unrelated,bulk random lemma base + common preferred + rime (seed 42)
gay,prejudice,related,off the top of my head
gay,pride,related,off the top of my head
gay,privy,whatever,bulk random lemma base + common preferred + rime (seed 42)
gay,promiscuity,related,off the top of my head
gay,promiscuous,related,off the top of my head
gay,proud,related,off the top of my head
gay,psychosis,unrelated,bulk random lemma base + common preferred + rime (seed 42)
gay,pupal,unrelated,bulk random lemma base + common preferred + rime (seed 42)
gay,pussy,related,off the top of my head
gay,queen,related,off the top of my head
gay,queer,related,off the top of my head
gay,quitter,unrelated,bulk random lemma base + common preferred + rime (seed 42)
gay,rafts,unrelated,bulk random lemma base + common preferred + rime (seed 42)
gay,reciprocity,unrelated,bulk random lemma base + common preferred + rime (seed 42)
gay,refuse,unrelated,bulk random lemma base + common preferred + rime (seed 42)
gay,reintroduce,unrelated,bulk random lemma base + common preferred + rime (seed 42)
gay,relationship,related,off the top of my head
gay,renown,unrelated,bulk random lemma base + common preferred + rime (seed 42)
gay,renter,unrelated,bulk random lemma base + common preferred + rime (seed 42)
gay,reroute,unrelated,bulk random lemma base + common preferred + rime (seed 42)
gay,resplendent,unrelated,bulk random lemma base + common preferred + rime (seed 42)
gay,restore,unrelated,bulk random lemma base + common preferred + rime (seed 42)
gay,reviving,unrelated,bulk random lemma base + common preferred + rime (seed 42)
gay,rights,related,off the top of my head
gay,romantic,related,off the top of my head
gay,runner,unrelated,bulk random lemma base + common preferred + rime (seed 42)
gay,sack,unrelated,bulk random lemma base + common preferred + rime (seed 42)
gay,safe,whatever,bulk random lemma base + common preferred + rime (seed 42)
gay,safer,related,off the top of my head
gay,sapphic,related,off the top of my head
gay,sare,unrelated,bulk random lemma base + common preferred + rime (seed 42)
gay,school,unrelated,bulk random lemma base + common preferred + rime (seed 42)
gay,scientific,unrelated,bulk random lemma base + common preferred + rime (seed 42)
gay,seat,unrelated,bulk random lemma base + common preferred + rime (seed 42)
gay,secret,whatever,bulk random lemma base + common preferred + rime (seed 42)
gay,secrete,whatever,bulk random lemma base + common preferred + rime (seed 42)
gay,secretion,whatever,bulk random lemma base + common preferred + rime (seed 42)
gay,seller,unrelated,bulk random lemma base + common preferred + rime (seed 42)
gay,sender,unrelated,bulk random lemma base + common preferred + rime (seed 42)
gay,sex,related,off the top of my head
gay,sexual,related,off the top of my head
gay,sheet,unrelated,bulk random lemma base + common preferred + rime (seed 42)
gay,shower,related,off the top of my head
gay,siesta,unrelated,bulk random lemma base + common preferred + rime (seed 42)
gay,sincere,unrelated,bulk random lemma base + common preferred + rime (seed 42)
gay,single,related,bulk random lemma base + common preferred + rime (seed 42)
gay,situationship,related,off the top of my head
gay,sizable,unrelated,bulk random lemma base + common preferred + rime (seed 42)
gay,slide,unrelated,bulk random lemma base + common preferred + rime (seed 42)
gay,slut,related,off the top of my head
gay,solemn,unrelated,bulk random lemma base + common preferred + rime (seed 42)
gay,spend,unrelated,bulk random lemma base + common preferred + rime (seed 42)
gay,splash,whatever,bulk random lemma base + common preferred + rime (seed 42)
gay,spurn,whatever,bulk random lemma base + common preferred + rime (seed 42)
gay,stage,whatever,bulk random lemma base + common preferred + rime (seed 42)
gay,stand,related,off the top of my head
gay,still,unrelated,bulk random lemma base + common preferred + rime (seed 42)
gay,stint,unrelated,bulk random lemma base + common preferred + rime (seed 42)
gay,straight,related,off the top of my head
gay,stranger,unrelated,bulk random lemma base + common preferred + rime (seed 42)
gay,strip,whatever,bulk random lemma base + common preferred + rime (seed 42)
gay,stud,related,bulk random lemma base + common preferred + rime (seed 42)
gay,subvert,whatever,bulk random lemma base + common preferred + rime (seed 42)
gay,susceptibility,unrelated,bulk random lemma base + common preferred + rime (seed 42)
gay,toot,unrelated,bulk random lemma base + common preferred + rime (seed 42)
gay,top,related,off the top of my head
gay,topping,related,off the top of my head
gay,tract,unrelated,bulk random lemma base + common preferred + rime (seed 42)
gay,trans,related,prereq: gay+food/trans+flans
gay,translational,unrelated,bulk random lemma base + common preferred + rime (seed 42)
gay,treasure,unrelated,bulk random lemma base + common preferred + rime (seed 42)
gay,trimester,unrelated,bulk random lemma base + common preferred + rime (seed 42)
gay,truculent,unrelated,bulk random lemma base + common preferred + rime (seed 42)
gay,twink,related,off the top of my head
gay,unemotional,unrelated,bulk random lemma base + common preferred + rime (seed 42)
gay,unpaid,unrelated,bulk random lemma base + common preferred + rime (seed 42)
gay,unskilled,unrelated,bulk random lemma base + common preferred + rime (seed 42)
gay,verify,unrelated,bulk random lemma base + common preferred + rime (seed 42)
gay,verse,related,off the top of my head
gay,vietnam,unrelated,bulk random lemma base + common preferred + rime (seed 42)
gay,vulva,related,off the top of my head
gay,wank,related,off the top of my head
gay,warren,unrelated,bulk random lemma base + common preferred + rime (seed 42)
gay,wart,unrelated,bulk random lemma base + common preferred + rime (seed 42)
gay,while,unrelated,bulk random lemma base + common preferred + rime (seed 42)
gay,whore,related,off the top of my head
gay,wine,whatever,bulk random lemma base + common preferred + rime (seed 42)
gay,winery,whatever,bulk random lemma base + common preferred + rime (seed 42)
gay,would've,related,stop word
gay,wreak,unrelated,bulk random lemma base + common preferred + rime (seed 42)
gay,yaoi,related,off the top of my head
geometry,angle,related,
geometry,arc,related,polysemy: geometric arc vs story arc
geometry,area,related,
geometry,bisect,related,
geometry,compass,related,
geometry,construction,related,
geometry,cube,related,
geometry,degree,related,polysemy: geometric degree vs academic degree
geometry,fandango,unrelated,
geometry,frolic,unrelated,
geometry,geometric,related,
geometry,justice,unrelated,
geometry,line,related,
geometry,malice,unrelated,
geometry,math,related,
geometry,mathematics,related,
geometry,measure,related,
geometry,melancholy,unrelated,
geometry,mortgage,unrelated,
geometry,parallel,related,geometric term
geometry,penguin,unrelated,
geometry,perpendicular,related,geometric term
geometry,plane,related,polysemy: geometric plane vs airplane
geometry,point,related,
geometry,prism,related,
geometry,proof,related,
geometry,quadrilateral,related,
geometry,radius,related,geometric term
geometry,rhombus,related,
geometry,sever,unrelated,
geometry,survey,related,
geometry,symmetry,related,geometric property
geometry,tangent,related,polysemy: geometric vs going off on a tangent
geometry,theta,related,
geometry,triangle,related,
geometry,volcano,unrelated,
geometry,volume,related,
geometry,woe,unrelated,
george,davisdon,unrelated,
george,washington,related,
god,heaven,related,prereq: crime+heaven/fraud+god
grave,death,related,basic
halloween,bat,related,halloween prereq: bat / cat
halloween,cat,related,halloween prereq: bat / cat
halloween,cider,related,halloween prereq: cider / spider
halloween,costume,related,
halloween,decoration,related,
halloween,fairy,related,
halloween,fright,related,
halloween,ira,unrelated,prereq: halloween ought_not day+ira
halloween,lindsay,unrelated,
halloween,lindsey,unrelated,
halloween,nicki,unrelated,
halloween,night,related,
halloween,pauline,unrelated,
halloween,pumpkin,related,
halloween,scary,related,
halloween,snyder,unrelated,prereq: halloween ought_not cider+snyder
halloween,spider,related,halloween prereq: cider / spider
halloween,treat,related,halloween prereq: sheet / treat
ham,pasta,related,prereq: pasta/clam+ham
harley,davidson,related,
harley,washington,unrelated,
heal,prayers,related,prereq: prayers/heal+kneel
hospital,ward,related,
humble,prayers,related,prereq: prayers/humble+mumble
humidity,water,related,prereq: water/humidity+turbidity
ice,penguin,related,
invader,evil,related,prereq: food+evil/seder+invader
invoke,prayer,related,prereq: invoke/declare+prayer
invoke,prayers,related,prereq: invoke/dares+prayers
jew,prayers,related,prereq: prayers/jew+pew
knee,prayers,related,prereq: prayers/knee+plea
lady,sister,related,prereq: sinister+sister/shady+lady
light,algebra,unrelated,
light,bulb,related,light bulb
light,candle,related,produces light
light,crime,unrelated,
light,dark,related,antonym pair
light,feather,related,light as a feather
light,geometry,unrelated,
light,mortgage,unrelated,
light,pasta,unrelated,
light,penguin,unrelated,
light,pirate,unrelated,
light,prayer,unrelated,
light,surgery,unrelated,
magic,chants,related,
magic,trance,related,
mascara,makeup,related,
math,mathematics,related,morphological variants oughta be related but not words that are merely orthographically similar
medical,disease,related,
medical,expertise,related,
medical,fees,related,
medical,medicine,related,
medicine,diagnosis,related,medical term
medicine,disease,related,
medicine,dosage,related,medical term
medicine,expertise,related,
medicine,nurse,related,medical profession
medicine,pill,related,form of medicine
medicine,prescription,related,medical term
medicine,remedy,related,near-synonym
medicine,stethoscope,related,medical instrument
medicine,surgery,related,medical procedure
medicine,symptom,related,medical term
medicine,ward,related_ish,hospital ward polysemy
melancholy,frolic,unrelated,uncommon words
melancholy,woe,related,uncommon words
mow,lawn,related,basic
mow,moll,unrelated,morphological variants oughta be related but not words that are merely orthographically similar
mow,mosh,unrelated,morphological variants oughta be related but not words that are merely orthographically similar
mow,mowed,related,morphological variants oughta be related but not words that are merely orthographically similar
mow,mower,related,morphological variants oughta be related but not words that are merely orthographically similar
mow,mowing,related,morphological variants oughta be related but not words that are merely orthographically similar
mow,mows,related,morphological variants oughta be related but not words that are merely orthographically similar
mumble,prayers,related,prereq: prayers/humble+mumble
music,abbreviation,related,music prereq: abbreviation / notation
music,accidental,related,
music,algebra,related_ish,music is math
music,arpeggio,related,
music,audition,related,
music,bar,related,
music,baroque,related,
music,bars,related,
music,base,unrelated,
music,bass,related,
music,beat,related,music prereq: beat / repeat
music,brass,related,
music,bridal,related,music prereq: bridal / idol
music,bridge,related,polysemy: musical bridge vs structure
music,cantata,related,
music,cello,related,
music,chamber,related,chamber music
music,choral,related,
music,chord,related,
music,clarinet,related,
music,composition,related,
music,coral,unrelated,
music,croon,related,
music,crooner,related,
music,dance,related,thematically associated
music,drumsticks,related,
music,duck,unrelated,
music,duet,related,
music,ears,related,music prereq: ears / spheres
music,flat,related,
music,flute,related,
music,folk,related,
music,fortissimo,related,
music,funk,related,
music,glissando,related,'glissando' is related to 'musical' so we just have to get from 'music' to 'musical'
music,gong,related,
music,harmonic,related,
music,harp,related,
music,idol,related,music prereq: bridal / idol
music,instrumental,related,
music,jingle,related,
music,justice,unrelated,
music,key,related,polysemy: musical key vs door key
music,lute,related,
music,lyric,related,clearly related
music,mandolin,related,music prereq: violin / mandolin
music,march,related,march music / military march
music,measure,related,polysemy: musical measure vs measurement
music,melody,related,clearly related
music,minuet,related,
music,mix,related,
music,mortgage,unrelated,
music,movement,related,polysemy: symphony movement vs physical movement
music,musician,related,music prereq: composition* / musician*
music,natural,related_ish,natural note vs nature
music,noise,related,music prereq: enjoys / noise
music,notation,related,
music,note,related,musical note
music,oboe,related,prereq: music/oboe+piano
music,orchestration,related,music prereq: orchestration / vibration
music,overtone,related,
music,penguin,unrelated,
music,percussion,related,music prereq: percussion / repercussion
music,pianissimo,related,
music,piano,related,
music,piece,related,
music,pitch,related,polysemy: musical pitch vs throw
music,prerecorded,related,
music,progression,related,
music,punk,related,
music,quartet,related,
music,quintet,related,
music,rancid,unrelated,
music,rave,related,
music,recital,related,music prereq: recital / title
music,record,related,
music,recorded,related,
music,release,related,
music,repeat,related,music prereq: beat / repeat
music,repercussion,unrelated,music prereq: percussion / repercussion, but it's unrelated
music,repertoire,related,
music,rest,related,music prereq: rest / expressed
music,rhombus,unrelated,
music,rhythm,related,clearly related
music,ritardando,related,music prereq: glissando / ritardando
music,scale,related,polysemy: musical scale vs fish scale
music,score,related,
music,scores,related,
music,session,related,
music,sever,unrelated,
music,sharp,related,
music,sheet,related,
music,show,related,
music,silence,related,antonym / thematic contrast
music,sing,related,
music,single,related,
music,sings,related,
music,solo,related,prereq: music/cello+solo
music,sonata,related,
music,song,related,
music,sonic,related,
music,soprano,related,
music,spheres,related,music prereq: ears / spheres
music,staff,related,polysemy: musical staff vs employees
music,strings,related,
music,suite,related_ish,musical suite
music,swing,related,
music,symphony,related,prereq: music/symphony+timpani
music,tango,related,
music,telescope,unrelated,
music,tempo,related,musical term
music,timpani,related,prereq: music/symphony+timpani
music,title,related,music prereq: recital / title
music,tonal,related,
music,trombone,related,
music,tune,related,
music,tuner,related,
music,vibration,related,music prereq: orchestration / vibration
music,viola,related,
music,violin,related,music prereq: violin / mandolin
music,violins,related,
music,volcano,unrelated,
music,wave,related,
music,winds,related,
music,xylophone,related,
pack,exploration,related,prereq: exploration/pack+track
pasta,animation,unrelated,
pasta,bank,unrelated,
pasta,baseball,unrelated,
pasta,champagne,related,
pasta,chassis,unrelated,
pasta,dog,unrelated,
pasta,etymology,unrelated,
pasta,fandango,unrelated,
pasta,frolic,unrelated,
pasta,grain,related,
pasta,intonation,unrelated,
pasta,intuition,unrelated,
pasta,italian,related,
pasta,justice,unrelated,
pasta,malice,unrelated,
pasta,melancholy,unrelated,
pasta,meningitis,unrelated,
pasta,object,unrelated,
pasta,ontology,unrelated,
pasta,paste,related,prereq: pasta/paste+taste
pasta,penicillin,unrelated,
pasta,poodle,unrelated,
pasta,pork,related,prereq: pasta/fork+pork
pasta,rhombus,unrelated,
pasta,scallion,related,
pasta,sever,unrelated,
pasta,stocks,unrelated,
pasta,taste,related,prereq: pasta/paste+taste
pasta,thing,unrelated,
pasta,transistors,unrelated,
pasta,woe,unrelated,
person,adult,related,
person,algebra,unrelated,
person,anyone,related,
person,appeal,unrelated,
person,body,related,person's body
person,character,related,polysemy: fictional character vs personality
person,chassis,unrelated,
person,child,related,
person,coral,unrelated,
person,drain,unrelated,
person,duck,unrelated,
person,entity,related,
person,first,related,
person,fortissimo,unrelated,
person,fungus,unrelated,
person,geometry,unrelated,
person,harp,unrelated,
person,human,related,
person,ice,unrelated,
person,individual,related,
person,loot,unrelated,
person,malice,unrelated,
person,man,related,
person,math,unrelated,
person,missing,related,
person,neutered,unrelated,
person,nobody,related,
person,paw,unrelated,
person,penguin,unrelated,
person,penicillin,unrelated,
person,people,related,
person,personal,related,
person,place,unrelated_ish,
person,proof,unrelated,
person,rancid,unrelated,
person,rhombus,unrelated,
person,scallion,unrelated,
person,second,related,
person,self,related,
person,sever,unrelated,
person,someone,related,
person,steam,unrelated,
person,stranger,related_ish,a stranger is a person
person,stream,unrelated,
person,supply,unrelated,
person,telescope,unrelated,
person,third,related,
person,transistors,unrelated,
person,undertow,unrelated,
person,vice,unrelated,
person,volcano,unrelated,
person,woe,unrelated,
person,woman,related,
person,zucchini,unrelated,
pirate,adipose,unrelated,
pirate,algebra,unrelated,
pirate,altogether,unrelated,bulk random lemma base + common preferred + rime (seed 42)
pirate,ancestral,unrelated,bulk random lemma base + common preferred + rime (seed 42)
pirate,anchor,related,ship's anchor
pirate,anne,related,bulk random lemma base + common preferred + rime (seed 42)
pirate,antecedent,unrelated,bulk random lemma base + common preferred + rime (seed 42)
pirate,apologetic,unrelated,bulk random lemma base + common preferred + rime (seed 42)
pirate,ascent,whatever,bulk random lemma base + common preferred + rime (seed 42)
pirate,asexual,unrelated,
pirate,asthmatic,unrelated,bulk random lemma base + common preferred + rime (seed 42)
pirate,attention,unrelated,bulk random lemma base + common preferred + rime (seed 42)
pirate,aversion,unrelated,bulk random lemma base + common preferred + rime (seed 42)
pirate,ballerina,unrelated,
pirate,barrel,related,rum barrel
pirate,beaut,whatever,bulk random lemma base + common preferred + rime (seed 42)
pirate,begotten,unrelated,bulk random lemma base + common preferred + rime (seed 42)
pirate,believe,unrelated,bulk random lemma base + common preferred + rime (seed 42)
pirate,beneficent,unrelated,bulk random lemma base + common preferred + rime (seed 42)
pirate,billionth,unrelated,bulk random lemma base + common preferred + rime (seed 42)
pirate,bipartisan,unrelated,bulk random lemma base + common preferred + rime (seed 42)
pirate,bloke,unrelated,bulk random lemma base + common preferred + rime (seed 42)
pirate,bohemia,unrelated,bulk random lemma base + common preferred + rime (seed 42)
pirate,bold,related,pirate prereq: bold / gold
pirate,booker,unrelated,bulk random lemma base + common preferred + rime (seed 42)
pirate,bounty,related,bounty on pirates
pirate,brag,related,bulk random lemma base + common preferred + rime (seed 42)
pirate,braggart,related,bulk random lemma base + common preferred + rime (seed 42)
pirate,brilliant,unrelated,bulk random lemma base + common preferred + rime (seed 42)
pirate,brussel,unrelated,bulk random lemma base + common preferred + rime (seed 42)
pirate,buccaneer,related,
pirate,buffet,unrelated,bulk random lemma base + common preferred + rime (seed 42)
pirate,bungee,unrelated,
pirate,buried,related,buried treasure
pirate,cache,related,pirate prereq: cache / lash
pirate,cannon,related,ship's cannon
pirate,canst,unrelated,bulk random lemma base + common preferred + rime (seed 42)
pirate,chimpanzee,whatever,bulk random lemma base + common preferred + rime (seed 42)
pirate,claret,unrelated,bulk random lemma base + common preferred + rime (seed 42)
pirate,coast,related,
pirate,cocker,unrelated,bulk random lemma base + common preferred + rime (seed 42)
pirate,commandeer,related,
pirate,compass,related,nautical navigation
pirate,conn,unrelated,bulk random lemma base + common preferred + rime (seed 42)
pirate,connotation,unrelated,bulk random lemma base + common preferred + rime (seed 42)
pirate,consolidation,unrelated,bulk random lemma base + common preferred + rime (seed 42)
pirate,consultant,unrelated,bulk random lemma base + common preferred + rime (seed 42)
pirate,cornea,unrelated,
pirate,couple,unrelated,bulk random lemma base + common preferred + rime (seed 42)
pirate,cove,related,
pirate,cracker,related,
pirate,creek,unrelated,bulk random lemma base + common preferred + rime (seed 42)
pirate,crew,related,
pirate,crybaby,unrelated,bulk random lemma base + common preferred + rime (seed 42)
pirate,daring,related,pirate prereq: daring / swearing
pirate,defendant,whatever,bulk random lemma base + common preferred + rime (seed 42)
pirate,deleterious,whatever,bulk random lemma base + common preferred + rime (seed 42)
pirate,denounce,related,bulk random lemma base + common preferred + rime (seed 42)
pirate,derail,unrelated,bulk random lemma base + common preferred + rime (seed 42)
pirate,distribute,whatever,bulk random lemma base + common preferred + rime (seed 42)
pirate,distributor,unrelated,bulk random lemma base + common preferred + rime (seed 42)
pirate,dominant,whatever,bulk random lemma base + common preferred + rime (seed 42)
pirate,doodle,unrelated,
pirate,doubloons,related,
pirate,dove,unrelated,bulk random lemma base + common preferred + rime (seed 42)
pirate,dualistic,unrelated,bulk random lemma base + common preferred + rime (seed 42)
pirate,duckling,unrelated,bulk random lemma base + common preferred + rime (seed 42)
pirate,dvd,related,
pirate,ebony,unrelated,
pirate,elect,unrelated,bulk random lemma base + common preferred + rime (seed 42)
pirate,embrace,unrelated,bulk random lemma base + common preferred + rime (seed 42)
pirate,enemy,related,bulk random lemma base + common preferred + rime (seed 42)
pirate,essence,unrelated,bulk random lemma base + common preferred + rime (seed 42)
pirate,expel,unrelated,bulk random lemma base + common preferred + rime (seed 42)
pirate,facie,unrelated,prereq: pirate ought_not facie+racy
pirate,finery,related,bulk random lemma base + common preferred + rime (seed 42)
pirate,fixer,whatever,bulk random lemma base + common preferred + rime (seed 42)
pirate,flag,related,Jolly Roger
pirate,flush,unrelated,bulk random lemma base + common preferred + rime (seed 42)
pirate,forbearance,unrelated,bulk random lemma base + common preferred + rime (seed 42)
pirate,frantically,unrelated,bulk random lemma base + common preferred + rime (seed 42)
pirate,frisbee,unrelated,
pirate,frock,unrelated,bulk random lemma base + common preferred + rime (seed 42)
pirate,fulfilled,whatever,bulk random lemma base + common preferred + rime (seed 42)
pirate,fursona,related,pirate prereq: fursona / jonah
pirate,galaxy,unrelated,
pirate,gamey,whatever,bulk random lemma base + common preferred + rime (seed 42)
pirate,gang,related,pirate prereq: gang / hang
pirate,genetic,unrelated,bulk random lemma base + common preferred + rime (seed 42)
pirate,ghost,related,
pirate,gold,related,pirate prereq: bold / gold
pirate,gong,unrelated,bulk random lemma base + common preferred + rime (seed 42)
pirate,gotta,unrelated,bulk random lemma base + common preferred + rime (seed 42)
pirate,governmental,unrelated,bulk random lemma base + common preferred + rime (seed 42)
pirate,grifter,unrelated,bulk random lemma base + common preferred + rime (seed 42)
pirate,hacker,related,
pirate,hang,related,pirate prereq: gang / hang
pirate,headfirst,unrelated,bulk random lemma base + common preferred + rime (seed 42)
pirate,hemostasis,unrelated,bulk random lemma base + common preferred + rime (seed 42)
pirate,herewith,unrelated,bulk random lemma base + common preferred + rime (seed 42)
pirate,heron,unrelated,bulk random lemma base + common preferred + rime (seed 42)
pirate,hie,unrelated,bulk random lemma base + common preferred + rime (seed 42)
pirate,homemade,unrelated,
pirate,homophobic,unrelated,
pirate,hook,related,Captain Hook
pirate,hose,whatever,bulk random lemma base + common preferred + rime (seed 42)
pirate,hound,unrelated,bulk random lemma base + common preferred + rime (seed 42)
pirate,hush,unrelated,bulk random lemma base + common preferred + rime (seed 42)
pirate,hymen,unrelated,bulk random lemma base + common preferred + rime (seed 42)
pirate,immense,unrelated,bulk random lemma base + common preferred + rime (seed 42)
pirate,immobile,unrelated,bulk random lemma base + common preferred + rime (seed 42)
pirate,impartial,unrelated,bulk random lemma base + common preferred + rime (seed 42)
pirate,impartiality,unrelated,bulk random lemma base + common preferred + rime (seed 42)
pirate,impasse,unrelated,bulk random lemma base + common preferred + rime (seed 42)
pirate,indeed,unrelated,bulk random lemma base + common preferred + rime (seed 42)
pirate,individualistic,related,bulk random lemma base + common preferred + rime (seed 42)
pirate,insurgency,whatever,bulk random lemma base + common preferred + rime (seed 42)
pirate,iris,unrelated,
pirate,isaac,unrelated,
pirate,island,related,pirate island
pirate,isn't,related,stop word
pirate,jewish,unrelated,bulk random lemma base + common preferred + rime (seed 42)
pirate,jonah,related,pirate prereq: fursona / jonah
pirate,judicious,unrelated,bulk random lemma base + common preferred + rime (seed 42)
pirate,jury,whatever,bulk random lemma base + common preferred + rime (seed 42)
pirate,kindle,unrelated,bulk random lemma base + common preferred + rime (seed 42)
pirate,laser,unrelated,
pirate,lasting,unrelated,bulk random lemma base + common preferred + rime (seed 42)
pirate,lemming,unrelated,bulk random lemma base + common preferred + rime (seed 42)
pirate,lich,unrelated,bulk random lemma base + common preferred + rime (seed 42)
pirate,lilt,unrelated,bulk random lemma base + common preferred + rime (seed 42)
pirate,loot,related,
pirate,marsala,unrelated,bulk random lemma base + common preferred + rime (seed 42)
pirate,mast,related,ship part
pirate,microscope,unrelated,
pirate,miko,unrelated,
pirate,miracle,unrelated,bulk random lemma base + common preferred + rime (seed 42)
pirate,molt,unrelated,bulk random lemma base + common preferred + rime (seed 42)
pirate,monkey,related,bulk random lemma base + common preferred + rime (seed 42)
pirate,mortgage,unrelated,
pirate,mrs.,unrelated,
pirate,mutineer,related,prereq: pirate/buccaneer+mutineer
pirate,mutiny,related,nautical
pirate,mystic,whatever,bulk random lemma base + common preferred + rime (seed 42)
pirate,navy,related,bulk random lemma base + common preferred + rime (seed 42)
pirate,needlework,unrelated,
pirate,needs,whatever,bulk random lemma base + common preferred + rime (seed 42)
pirate,nervous,unrelated,bulk random lemma base + common preferred + rime (seed 42)
pirate,nestling,unrelated,bulk random lemma base + common preferred + rime (seed 42)
pirate,nobody,unrelated,bulk random lemma base + common preferred + rime (seed 42)
pirate,oodles,whatever,bulk random lemma base + common preferred + rime (seed 42)
pirate,oratory,unrelated,bulk random lemma base + common preferred + rime (seed 42)
pirate,origami,unrelated,bulk random lemma base + common preferred + rime (seed 42)
pirate,pagan,unrelated,bulk random lemma base + common preferred + rime (seed 42)
pirate,pais,unrelated,bulk random lemma base + common preferred + rime (seed 42)
pirate,parish,unrelated,bulk random lemma base + common preferred + rime (seed 42)
pirate,parrot,related,cultural association
pirate,patch,related,eyepatch
pirate,pedantic,unrelated,
pirate,peer-to-peer,related,
pirate,peg,related,pirate prereq: peg / leg
pirate,penguin,unrelated,
pirate,peritoneum,unrelated,bulk random lemma base + common preferred + rime (seed 42)
pirate,perry,unrelated,bulk random lemma base + common preferred + rime (seed 42)
pirate,pew,unrelated,
pirate,pimping,unrelated,
pirate,plank,related,
pirate,plunder,related,clearly related
pirate,politician,unrelated,bulk random lemma base + common preferred + rime (seed 42)
pirate,polycystic,unrelated,bulk random lemma base + common preferred + rime (seed 42)
pirate,popcorn,unrelated,
pirate,precede,unrelated,bulk random lemma base + common preferred + rime (seed 42)
pirate,prehistoric,unrelated,
pirate,prize,related,bulk random lemma base + common preferred + rime (seed 42)
pirate,prominent,unrelated,bulk random lemma base + common preferred + rime (seed 42)
pirate,psychiatric,unrelated,bulk random lemma base + common preferred + rime (seed 42)
pirate,punt,whatever,bulk random lemma base + common preferred + rime (seed 42)
pirate,puny,unrelated,bulk random lemma base + common preferred + rime (seed 42)
pirate,pupil,unrelated,
pirate,quisling,unrelated,bulk random lemma base + common preferred + rime (seed 42)
pirate,quitter,unrelated,bulk random lemma base + common preferred + rime (seed 42)
pirate,raison,unrelated,bulk random lemma base + common preferred + rime (seed 42)
pirate,ransom,related,pirate prereq: handsome / ransom
pirate,redevelop,unrelated,bulk random lemma base + common preferred + rime (seed 42)
pirate,reef,related,
pirate,reentry,unrelated,bulk random lemma base + common preferred + rime (seed 42)
pirate,reindeer,unrelated,
pirate,removable,unrelated,bulk random lemma base + common preferred + rime (seed 42)
pirate,replant,unrelated,bulk random lemma base + common preferred + rime (seed 42)
pirate,retiring,whatever,bulk random lemma base + common preferred + rime (seed 42)
pirate,roc,related_ish,
pirate,rote,unrelated,bulk random lemma base + common preferred + rime (seed 42)
pirate,rum,related,
pirate,saber,related,
pirate,scintillating,unrelated,bulk random lemma base + common preferred + rime (seed 42)
pirate,scribe,unrelated,bulk random lemma base + common preferred + rime (seed 42)
pirate,scrubber,unrelated,bulk random lemma base + common preferred + rime (seed 42)
pirate,scurvy,related,
pirate,sea,related,
pirate,sectarian,unrelated,bulk random lemma base + common preferred + rime (seed 42)
pirate,seek,unrelated,bulk random lemma base + common preferred + rime (seed 42)
pirate,series,unrelated,bulk random lemma base + common preferred + rime (seed 42)
pirate,señora,unrelated,bulk random lemma base + common preferred + rime (seed 42)
pirate,ship,related,
pirate,shore,related,prereq: pirate/shore+tor
pirate,simulacrum,unrelated,bulk random lemma base + common preferred + rime (seed 42)
pirate,simulation,unrelated,bulk random lemma base + common preferred + rime (seed 42)
pirate,single,unrelated,bulk random lemma base + common preferred + rime (seed 42)
pirate,slam,whatever,bulk random lemma base + common preferred + rime (seed 42)
pirate,slicer,unrelated,bulk random lemma base + common preferred + rime (seed 42)
pirate,sock,unrelated,bulk random lemma base + common preferred + rime (seed 42)
pirate,solo,whatever,bulk random lemma base + common preferred + rime (seed 42)
pirate,soporific,unrelated,bulk random lemma base + common preferred + rime (seed 42)
pirate,spleen,unrelated,bulk random lemma base + common preferred + rime (seed 42)
pirate,spoiler,unrelated,bulk random lemma base + common preferred + rime (seed 42)
pirate,stage,unrelated,bulk random lemma base + common preferred + rime (seed 42)
pirate,stalls,unrelated,bulk random lemma base + common preferred + rime (seed 42)
pirate,standby,unrelated,bulk random lemma base + common preferred + rime (seed 42)
pirate,stepson,unrelated,bulk random lemma base + common preferred + rime (seed 42)
pirate,stole,related,bulk random lemma base + common preferred + rime (seed 42)
pirate,suite,unrelated,bulk random lemma base + common preferred + rime (seed 42)
pirate,supposition,unrelated,bulk random lemma base + common preferred + rime (seed 42)
pirate,swank,whatever,bulk random lemma base + common preferred + rime (seed 42)
pirate,swashbucke,related,bulk random lemma base + common preferred + rime (seed 42)
pirate,swashbuckler,related,bulk random lemma base + common preferred + rime (seed 42)
pirate,swashbuckling,related,bulk random lemma base + common preferred + rime (seed 42)
pirate,swearing,related,pirate prereq: daring / swearing
pirate,tattoo,related,
pirate,thief,related,
pirate,tinkle,unrelated,bulk random lemma base + common preferred + rime (seed 42)
pirate,tiring,whatever,bulk random lemma base + common preferred + rime (seed 42)
pirate,tor,related,prereq: pirate/shore+tor
pirate,trove,related,
pirate,tusk,unrelated,bulk random lemma base + common preferred + rime (seed 42)
pirate,twinkling,whatever,bulk random lemma base + common preferred + rime (seed 42)
pirate,unappreciated,unrelated,bulk random lemma base + common preferred + rime (seed 42)
pirate,underestimate,unrelated,bulk random lemma base + common preferred + rime (seed 42)
pirate,unheard,unrelated,bulk random lemma base + common preferred + rime (seed 42)
pirate,unidentified,unrelated,bulk random lemma base + common preferred + rime (seed 42)
pirate,unrecognizable,unrelated,bulk random lemma base + common preferred + rime (seed 42)
pirate,urban,unrelated,bulk random lemma base + common preferred + rime (seed 42)
pirate,urologist,unrelated,bulk random lemma base + common preferred + rime (seed 42)
pirate,van,unrelated,bulk random lemma base + common preferred + rime (seed 42)
pirate,vapid,unrelated,bulk random lemma base + common preferred + rime (seed 42)
pirate,vault,whatever,bulk random lemma base + common preferred + rime (seed 42)
pirate,volcano,unrelated,
pirate,wanna,unrelated,very common words oughta be related to everything
pirate,warren,unrelated,bulk random lemma base + common preferred + rime (seed 42)
pirate,wattle,unrelated,bulk random lemma base + common preferred + rime (seed 42)
pirate,wench,related,
pirate,where's,unrelated,bulk random lemma base + common preferred + rime (seed 42)
pirate,whip,related_ish,lash/whip/flogging association
pirate,yang,unrelated,bulk random lemma base + common preferred + rime (seed 42)
prayers,appeal,related,
prayers,blessed,related,prayers prereq: blessed / request
prayers,request,related,prayers prereq: blessed / request
prayers,duck,unrelated,
prayers,exhortations,related,
prayers,fandango,unrelated,
prayers,frolic,unrelated,
prayers,healing,related,
prayers,justice,related,
prayers,kneel,related,
prayers,kneeling,related,
prayers,malice,unrelated,
prayers,meditations,related,
prayers,melancholy,unrelated,
prayers,pew,related,
prayers,plea,related,
prayers,priest,related,
prayers,priests,related,prereq: prayers/feast+priest
prayers,rancid,unrelated,
prayers,recite,related,prayers prereq: recite* / rite*
prayers,recites,related,prereq: prayers/recites+rites
prayers,rhombus,unrelated,
prayers,rite,related,prayers prereq: recite* / rite*
prayers,sever,unrelated,
rain,beam,unrelated,
rain,brick,unrelated,
rain,chimera,unrelated,
rain,cloud,related,
rain,clouds,related,
rain,dolphin,unrelated,
rain,dumb,unrelated,
rain,fish,unrelated,
rain,ice,related_ish,
rain,smart,unrelated,
rain,snow,related,
rain,squeamish,unrelated,
rain,think,unrelated,
rain,zinc,unrelated,
rhombus,frolic,unrelated,uncommon words
rhombus,pianissimo,unrelated,uncommon words
rhombus,quadrilateral,related,uncommon words
rhombus,woe,unrelated,uncommon words
school,algebra,related,
school,bully,related,school bully
school,chalk,related,school chalk
school,crime,related_ish,school crime
school,halloween,related_ish,halloween is a school holiday
school,penguin,unrelated,
school,pirate,unrelated,
sex,fuck,related,obscene words are permitted
shady,sinister,related,prereq: sinister+sister/shady+lady
sky,water,related,prereq: water/sky+supply
slosh,water,related,prereq: water/slosh+wash
sprayed,water,related,prereq: water/sprayed+wade
spring,algebra,unrelated,
spring,bloom,related,spring (season)
spring,coil,related,spring (coil)
spring,crime,unrelated,
spring,geometry,unrelated,
spring,microscope,unrelated,
spring,pirate,unrelated,
spring,water,related,spring water
star,algebra,unrelated,
star,asterisk,related,
star,astronomer,related,
star,astronomy,related,
star,astrophysics,related,
star,bright,related,stars are bright
star,celebrity,related,
star,chart,related,star chart / astrology
star,constellation,related,
star,david,related_ish,Star of David
star,duck,unrelated,
star,fandango,unrelated_ish,fandango is a movie ticket app and star has the sense of movie star
star,frolic,unrelated,
star,galaxy,related,
star,gaze,related,stargazing
star,gold,related,
star,guest,related,
star,hollywood,related,Hollywood star
star,justice,unrelated,
star,light,related,
star,lord,related,Peter Quill
star,malice,unrelated,
star,melancholy,unrelated,
star,mortgage,unrelated,
star,north,related,North Star
star,penguin,unrelated,
star,planet,related,
star,rancid,unrelated,
star,rhombus,unrelated_ish,both geometric shapes
star,sever,unrelated,
star,shooting,related,shooting star
star,solar,related,
star,sparkle,related,
star,stellar,related,
star,sun,related,
star,twinkle,related,
star,volcano,unrelated,
star,wish,related,wish upon a star
star,woe,unrelated,
supplied,water,related,prereq: water/supplied+tide
thing,cat,unrelated,a very common word and a common word
thing,crime,unrelated,a very common word and a common word
thing,item,related,very common words
thing,object,related,very common words
thing,pasta,unrelated,a very common word and a common word
track,exploration,related,prereq: exploration/pack+track
train,algebra,unrelated,
train,exercise,related,training
train,geometry,unrelated,
train,halloween,unrelated,
train,penguin,unrelated,
train,pirate,unrelated,
train,station,related,train station
tree,forest,related,basic
tree,leaf,related,basic
tree,treece,unrelated,morphological variants oughta be related but not words that are merely orthographically similar
tree,trees,related,morphological variants oughta be related but not words that are merely orthographically similar
tree,treese,unrelated,morphological variants oughta be related but not words that are merely orthographically similar
tree,treesh,unrelated,morphological variants oughta be related but not words that are merely orthographically similar
tree,treetop,related,morphological variants oughta be related but not words that are merely orthographically similar
tree,treetops,related,morphological variants oughta be related but not words that are merely orthographically similar
tuesday,wednesday,related,
turbidity,water,related,prereq: water/humidity+turbidity
wash,water,related,prereq: water/slosh+wash
water,bay,related,
water,beam,unrelated,
water,brick,unrelated,
water,chimera,unrelated,
water,cool,related,
water,dam,related,
water,dip,related,
water,dolphin,related,
water,drain,related,
water,drink,related,
water,duck,related,
water,dumb,unrelated,
water,fandango,unrelated,
water,fish,related,
water,flow,related,
water,flush,related,
water,frolic,unrelated,
water,gush,related,
water,ice,related,
water,malice,unrelated,
water,marine,related,
water,melancholy,unrelated,
water,metal,unrelated_ish,
water,pee,related,
water,pool,related,
water,rain,related,
water,rancid,unrelated,
water,rhombus,unrelated,
water,saline,related,
water,sea,related,
water,sever,unrelated,
water,sink,related,
water,sip,related,
water,smart,unrelated,
water,snow,related,
water,spray,related,
water,squeamish,unrelated,
water,steam,related,
water,sting,unrelated,
water,stream,related,
water,supply,related,
water,swam,related,
water,sweat,related,
water,think,unrelated,
water,tide,related,
water,wade,related,
water,wet,related,
water,woe,unrelated,
water,zinc,unrelated,
wave,algebra,unrelated,
wave,crime,related,crime wave
wave,geometry,related,
wave,goodbye,related,wave goodbye
wave,ocean,related,ocean wave
wave,penguin,related_ish,penguins are water birds
wave,pirate,related,pirates and ocean waves
wedding,algebra,unrelated,
wedding,bouquet,related,wedding bouquet
wedding,crime,unrelated,
wedding,geometry,unrelated,
wedding,penguin,unrelated,
wedding,pirate,unrelated,
wedding,veil,related,wedding veil
winter,algebra,unrelated,
winter,crime,unrelated,
winter,geometry,unrelated,
winter,hibernate,related,seasonal association
winter,penguin,related_ish,penguins live in cold
winter,pirate,unrelated,
word,etymology,related,a very common word and an uncommon word
cat,abhor,whatever,
cat,ability,whatever,
cat,able,whatever,
cat,abuser,related,
cat,abyssinian,related,cat review
cat,accept,whatever,
cat,accidental,whatever,
cat,ace,unrelated,cat review
cat,achin',whatever,
cat,acid,unrelated,
cat,acquiescence,whatever,
cat,acquire,whatever,
cat,acumen,unrelated,bulk random lemma base + common preferred + rime (seed 42)
cat,adder,unrelated_ish,cat review
cat,addict,whatever,
cat,admin,unrelated,bulk random lemma base + common preferred + rime (seed 42)
cat,admit,unrelated,cat review
cat,adopt,related,cat review
cat,adoption,related,
cat,adorn,whatever,
cat,adult,related,
cat,affect,whatever,
cat,affection,related,
cat,affix,unrelated,cat review
cat,agape,whatever,
cat,aggression,related,
cat,aggressive,related,
cat,agility,related,
cat,ago,unrelated,bulk random lemma base + common preferred + rime (seed 42)
cat,agonist,unrelated,
cat,agree,unrelated,bulk random lemma base + common preferred + rime (seed 42)
cat,agreed,unrelated,bulk random lemma base + common preferred + rime (seed 42)
cat,agreement,unrelated,bulk random lemma base + common preferred + rime (seed 42)
cat,aid,whatever,
cat,aids,whatever,
cat,air,unrelated,
cat,albumin,unrelated,
cat,alfalfa,whatever,
cat,algebra,unrelated,
cat,alien,whatever,
cat,allergic,related,bulk random lemma base + common preferred + rime (seed 42)
cat,allergy,related,bulk random lemma base + common preferred + rime (seed 42)
cat,alley,related,cat review
cat,ally,whatever,
cat,alpha,whatever,
cat,alsatian,related,
cat,amour,whatever,
cat,angora,related,
cat,animal,related,cat review
cat,annoy,whatever,
cat,annoyance,whatever,
cat,annuity,unrelated,bulk random lemma base + common preferred + rime (seed 42)
cat,anorectic,whatever,
cat,antenna,whatever,
cat,antique,whatever,
cat,ape,whatever,
cat,apologie,unrelated,
cat,appliance,whatever,
cat,apt,whatever,
cat,aquarium,related,
cat,aquatic,whatever,
cat,arboreal,related,
cat,arching,unrelated,bulk random lemma base + common preferred + rime (seed 42)
cat,aright,unrelated,bulk random lemma base + common preferred + rime (seed 42)
cat,ark,whatever,
cat,armadillo,whatever,
cat,arms,whatever,
cat,aroma,whatever,
cat,art,related,
cat,arthritic,related,
cat,artillery,unrelated,bulk random lemma base + common preferred + rime (seed 42)
cat,arty,whatever,
cat,ascribe,whatever,
cat,ash,whatever,
cat,asleep,related,bulk random lemma base + common preferred + rime (seed 42)
cat,ass,related,
cat,assertive,unrelated,bulk random lemma base + common preferred + rime (seed 42)
cat,assign,whatever,
cat,assistance,whatever,
cat,assort,whatever,
cat,assume,whatever,
cat,asthmatic,related,
cat,astride,whatever,
cat,astrology,related,
cat,astronomy,unrelated,
cat,asymptomatic,whatever,
cat,ate,related,
cat,attach,whatever,
cat,attack,related,
cat,attic,whatever,
cat,aunt,related,
cat,aural,whatever,
cat,automobile,whatever,
cat,awning,whatever,
cat,baboon,whatever,
cat,babs,unrelated,
cat,baby,related,
cat,back,related,
cat,bacon,related,
cat,bag,related,
cat,bagel,unrelated,
cat,baggy,whatever,
cat,bait,related,
cat,bald,whatever,
cat,ball,related,
cat,balloon,whatever,
cat,balm,whatever,
cat,bambino,unrelated,
cat,banal,unrelated,bulk random lemma base + common preferred + rime (seed 42)
cat,banana,unrelated,
cat,band,unrelated,
cat,bandana,unrelated,
cat,bantam,related,
cat,bar,related,
cat,barb,whatever,
cat,bard,whatever,
cat,barf,related,
cat,bark,unrelated,bulk random lemma base + common preferred + rime (seed 42)
cat,barn,related,
cat,barometer,unrelated,bulk random lemma base + common preferred + rime (seed 42)
cat,basement,related,
cat,basket,related,
cat,bassinet,whatever,
cat,bastard,whatever,
cat,bastille,unrelated,bulk random lemma base + common preferred + rime (seed 42)
cat,bat,whatever,
cat,bath,related,
cat,bats,whatever,
cat,batty,whatever,
cat,bazaar,whatever,
cat,beagle,whatever,
cat,beak,unrelated,
cat,bear,whatever,
cat,beard,whatever,
cat,beast,related,
cat,beat,whatever,
cat,beau,unrelated,
cat,beaver,related,
cat,bed,related,
cat,bedraggle,related,
cat,bee,whatever,
cat,beef,whatever,
cat,beeline,whatever,
cat,beep,whatever,
cat,beer,unrelated,
cat,beet,unrelated,bulk random lemma base + common preferred + rime (seed 42)
cat,beignet,whatever,
cat,bell,related,
cat,bellow,unrelated,
cat,belt,unrelated,
cat,ben,unrelated,
cat,benign,whatever,
cat,benny,unrelated,
cat,berate,unrelated,bulk random lemma base + common preferred + rime (seed 42)
cat,berry,unrelated,
cat,berserk,unrelated,
cat,berserker,unrelated,
cat,beseeching,unrelated,bulk random lemma base + common preferred + rime (seed 42)
cat,beset,unrelated,bulk random lemma base + common preferred + rime (seed 42)
cat,best,whatever,
cat,bestiality,related,
cat,bestride,whatever,
cat,bib,whatever,
cat,biddy,related,
cat,biff,unrelated,
cat,big,related,
cat,bike,unrelated,
cat,billet,unrelated,
cat,billy,unrelated,
cat,bin,unrelated,
cat,binge,unrelated,
cat,bingo,unrelated,
cat,bint,unrelated,bulk random lemma base + common preferred + rime (seed 42)
cat,biology,whatever,
cat,bipedal,unrelated,
cat,bird,related,cat review
cat,biscuit,related,
cat,biscuits,related,cat review
cat,bisque,unrelated,
cat,bitch,whatever,
cat,bitchy,whatever,
cat,bite,related,cat review
cat,biter,related,
cat,bittie,whatever,
cat,bizarre,whatever,
cat,black,related,bulk random lemma base + common preferred + rime (seed 42)
cat,bladder,related,
cat,bleach,unrelated,
cat,bleat,unrelated,
cat,blighter,unrelated,
cat,blind,related,
cat,blitz,unrelated,
cat,bloat,whatever,
cat,block,unrelated,
cat,blog,related,
cat,bloke,unrelated,
cat,blond,unrelated,
cat,blonde,unrelated,
cat,blotter,unrelated,
cat,blubber,unrelated,
cat,blue,related,bulk random lemma base + common preferred + rime (seed 42)
cat,blues,whatever,
cat,bluey,whatever,
cat,blushing,unrelated,bulk random lemma base + common preferred + rime (seed 42)
cat,boa,unrelated,
cat,boar,unrelated,
cat,board,unrelated,
cat,boat,related,
cat,boater,whatever,
cat,bob,unrelated,
cat,bobby,unrelated,
cat,bobcat,related,
cat,bod,whatever,
cat,body,whatever,bulk random lemma base + common preferred + rime (seed 42)
cat,boggy,unrelated,bulk random lemma base + common preferred + rime (seed 42)
cat,boiler,unrelated,
cat,bold,unrelated,
cat,bolt,unrelated,
cat,bolus,unrelated,
cat,bone,whatever,
cat,bones,whatever,
cat,bong,unrelated,
cat,bonny,unrelated,
cat,bonsai,unrelated,
cat,boo,unrelated,
cat,booby,unrelated,
cat,boof,whatever,
cat,booger,unrelated,
cat,book,unrelated,
cat,bookworm,unrelated,
cat,boomer,unrelated,
cat,boost,unrelated,
cat,boot,unrelated,
cat,booth,unrelated,
cat,bop,whatever,
cat,border,unrelated,
cat,bot,unrelated,
cat,botanical,whatever,
cat,bottle,related,
cat,bounce,unrelated,
cat,bout,unrelated,
cat,bow,related,
cat,bowel,whatever,
cat,bowl,related,
cat,bowler,unrelated,
cat,bowtie,whatever,
cat,box,related,
cat,boxy,unrelated,
cat,boy,related,
cat,brad,unrelated,cat review
cat,brahmin,unrelated,
cat,bran,unrelated,
cat,brand,whatever,
cat,brat,whatever,
cat,bread,whatever,
cat,breast,whatever,
cat,breath,related,
cat,breathe,whatever,
cat,breather,unrelated,
cat,breed,related,
cat,breeder,related,
cat,brie,unrelated,bulk random lemma base + common preferred + rime (seed 42)
cat,brier,unrelated,cat review
cat,bring,unrelated,
cat,bristle,whatever,
cat,british,whatever,
cat,broad,unrelated,
cat,broiler,unrelated,
cat,bronchitis,whatever,
cat,brontosaurus,unrelated,
cat,brood,whatever,
cat,broody,whatever,
cat,broom,related,
cat,brother,whatever,
cat,brown,related,
cat,brownie,whatever,
cat,browse,whatever,
cat,bruiser,whatever,
cat,brunette,unrelated,
cat,brush,related,
cat,brussel,unrelated,
cat,brute,whatever,
cat,bub,unrelated,
cat,bubby,unrelated,
cat,buck,unrelated,
cat,buckle,unrelated,bulk random lemma base + common preferred + rime (seed 42)
cat,bud,unrelated,
cat,buddha,related,
cat,buddhist,whatever,
cat,buddy,whatever,
cat,buff,unrelated,
cat,buffoon,unrelated,
cat,bug,related,
cat,build,unrelated,
cat,bull,unrelated,
cat,bully,whatever,
cat,bumble,unrelated,
cat,bumper,whatever,
cat,bun,unrelated,
cat,bundle,unrelated,
cat,bunk,unrelated,
cat,bunker,unrelated,
cat,burglar,related,bulk random lemma base + common preferred + rime (seed 42)
cat,burnt,unrelated,bulk random lemma base + common preferred + rime (seed 42)
cat,buzzing,unrelated,bulk random lemma base + common preferred + rime (seed 42)
cat,cabana,unrelated,
cat,cache,unrelated,bulk random lemma base + common preferred + rime (seed 42)
cat,cad,unrelated,cat review
cat,cafe,related,cat review
cat,cage,related,
cat,calf,whatever,bulk random lemma base + common preferred + rime (seed 42)
cat,calico,related,bulk random lemma base + common preferred + rime (seed 42)
cat,candy,unrelated,
cat,cape,unrelated,cat review
cat,carcinoma,whatever,
cat,carnation,unrelated,cat review
cat,carrie,unrelated,
cat,casebook,unrelated,bulk random lemma base + common preferred + rime (seed 42)
cat,catatonic,unrelated,
cat,cats,related,
cat,cavort,whatever,
cat,cereal,whatever,
cat,cetacean,unrelated,cat review
cat,chapeau,unrelated,
cat,charlotte,unrelated,cat review
cat,chartreuse,unrelated,bulk random lemma base + common preferred + rime (seed 42)
cat,chaser,whatever,
cat,cheese,unrelated,bulk random lemma base + common preferred + rime (seed 42)
cat,cheetah,related,cat review
cat,chef,whatever,
cat,chenille,unrelated,bulk random lemma base + common preferred + rime (seed 42)
cat,chew,whatever,
cat,chiller,whatever,
cat,chip,related,cat review
cat,chit,unrelated,cat review
cat,choose,whatever,
cat,christmas,whatever,bulk random lemma base + common preferred + rime (seed 42)
cat,chum,unrelated,
cat,chunk,unrelated,
cat,cigarette,unrelated,
cat,civet,related,cat review
cat,clang,unrelated,bulk random lemma base + common preferred + rime (seed 42)
cat,clause,unrelated,bulk random lemma base + common preferred + rime (seed 42)
cat,claw,related,cat review
cat,claws,related,bulk random lemma base + common preferred + rime (seed 42)
cat,climb,related,cat review
cat,clipper,related,
cat,cloaca,unrelated,cat review
cat,cloche,unrelated,cat review
cat,cloth,unrelated,cat review
cat,cloud,unrelated,cat review
cat,clove,unrelated,cat review
cat,coca,unrelated,cat review
cat,cocaine,unrelated,cat review
cat,cockatiel,related,
cat,coherence,unrelated,bulk random lemma base + common preferred + rime (seed 42)
cat,cola,unrelated,
cat,collar,related,cat review
cat,colon,unrelated,bulk random lemma base + common preferred + rime (seed 42)
cat,colonic,unrelated,
cat,command,whatever,
cat,community,unrelated,bulk random lemma base + common preferred + rime (seed 42)
cat,condor,unrelated,cat review
cat,cone,related,
cat,conservative,unrelated,bulk random lemma base + common preferred + rime (seed 42)
cat,construct,unrelated,
cat,container,unrelated,cat review
cat,cook,whatever,
cat,coon,related,cat review
cat,corn,whatever,
cat,cougar,related,cat review
cat,cough,whatever,
cat,crabby,whatever,
cat,cranky,whatever,bulk random lemma base + common preferred + rime (seed 42)
cat,craw,whatever,
cat,cream,related,bulk random lemma base + common preferred + rime (seed 42)
cat,credibility,unrelated,bulk random lemma base + common preferred + rime (seed 42)
cat,crisp,unrelated,bulk random lemma base + common preferred + rime (seed 42)
cat,crocodilian,unrelated,
cat,cruel,whatever,
cat,crummy,unrelated,bulk random lemma base + common preferred + rime (seed 42)
cat,cud,unrelated,
cat,cure,unrelated,
cat,cute,related,
cat,cyber,unrelated,
cat,cycle,unrelated,bulk random lemma base + common preferred + rime (seed 42)
cat,cynic,unrelated,bulk random lemma base + common preferred + rime (seed 42)
cat,dalmatian,whatever,bulk random lemma base + common preferred + rime (seed 42)
cat,dander,related,cat review
cat,darling,related,
cat,data,whatever,bulk random lemma base + common preferred + rime (seed 42)
cat,dear,related,
cat,debt,unrelated,bulk random lemma base + common preferred + rime (seed 42)
cat,deduction,unrelated,cat review
cat,deepen,unrelated,bulk random lemma base + common preferred + rime (seed 42)
cat,degradation,unrelated,bulk random lemma base + common preferred + rime (seed 42)
cat,delirious,whatever,
cat,detergent,unrelated,bulk random lemma base + common preferred + rime (seed 42)
cat,diesel,unrelated_ish,cat review
cat,digoxin,unrelated_ish,cat review
cat,direct,unrelated,cat review
cat,dirt,unrelated,bulk random lemma base + common preferred + rime (seed 42)
cat,disfigure,whatever,bulk random lemma base + common preferred + rime (seed 42)
cat,distance,whatever,bulk random lemma base + common preferred + rime (seed 42)
cat,divan,unrelated,
cat,divorcee,unrelated,bulk random lemma base + common preferred + rime (seed 42)
cat,dixie,unrelated,cat review
cat,dobbin,whatever,cat review
cat,dog,related,bulk random lemma base + common preferred + rime (seed 42)
cat,doggy,related,
cat,domestic,related,cat review
cat,doo,related,
cat,douse,unrelated,bulk random lemma base + common preferred + rime (seed 42)
cat,downstairs,whatever,
cat,drawer,unrelated,
cat,dream,whatever,bulk random lemma base + common preferred + rime (seed 42)
cat,drier,unrelated,cat review
cat,droopy,unrelated,
cat,duck,related_ish,humans apparently associate these
cat,dude,unrelated,
cat,dumps,unrelated,bulk random lemma base + common preferred + rime (seed 42)
cat,dusty,unrelated,
cat,dutch,unrelated,bulk random lemma base + common preferred + rime (seed 42)
cat,dyer,unrelated,cat review
cat,ear,related,bulk random lemma base + common preferred + rime (seed 42)
cat,ears,related,
cat,eater,related,
cat,ecology,whatever,bulk random lemma base + common preferred + rime (seed 42)
cat,egyptian,related,cat review
cat,eject,unrelated,bulk random lemma base + common preferred + rime (seed 42)
cat,elbow,unrelated,bulk random lemma base + common preferred + rime (seed 42)
cat,electronic,unrelated,bulk random lemma base + common preferred + rime (seed 42)
cat,elope,unrelated,bulk random lemma base + common preferred + rime (seed 42)
cat,em,unrelated,bulk random lemma base + common preferred + rime (seed 42)
cat,emulsion,unrelated,bulk random lemma base + common preferred + rime (seed 42)
cat,epileptic,whatever,
cat,equator,unrelated,bulk random lemma base + common preferred + rime (seed 42)
cat,ever,unrelated,
cat,external,unrelated,bulk random lemma base + common preferred + rime (seed 42)
cat,extinct,whatever,
cat,eye,related,cat review
cat,factor,unrelated,bulk random lemma base + common preferred + rime (seed 42)
cat,fairy,whatever,
cat,fanatic,whatever,bulk random lemma base + common preferred + rime (seed 42)
cat,fancier,related,
cat,fancy,related,
cat,fandango,unrelated,
cat,fang,related,cat review
cat,farm,related,bulk random lemma base + common preferred + rime (seed 42)
cat,faulty,unrelated,bulk random lemma base + common preferred + rime (seed 42)
cat,fauna,related,
cat,feline,related,cat review
cat,fence,whatever,bulk random lemma base + common preferred + rime (seed 42)
cat,fencer,unrelated,bulk random lemma base + common preferred + rime (seed 42)
cat,fender,unrelated,cat review
cat,feral,related,cat review
cat,fics,unrelated,cat review
cat,fidelity,unrelated,bulk random lemma base + common preferred + rime (seed 42)
cat,fig,whatever,
cat,filly,unrelated,bulk random lemma base + common preferred + rime (seed 42)
cat,fish,related,
cat,flank,whatever,bulk random lemma base + common preferred + rime (seed 42)
cat,flannel,unrelated,bulk random lemma base + common preferred + rime (seed 42)
cat,fleas,related,
cat,flit,unrelated,bulk random lemma base + common preferred + rime (seed 42)
cat,fluffy,related,cat review
cat,fondue,unrelated,bulk random lemma base + common preferred + rime (seed 42)
cat,food,related,bulk random lemma base + common preferred + rime (seed 42)
cat,forbearance,unrelated,bulk random lemma base + common preferred + rime (seed 42)
cat,forearm,unrelated,bulk random lemma base + common preferred + rime (seed 42)
cat,foregoing,unrelated,bulk random lemma base + common preferred + rime (seed 42)
cat,fossa,related,cat review
cat,foster,related,
cat,fraternal,whatever,
cat,friar,unrelated,cat review
cat,friend,related,
cat,frog,related,
cat,fundamental,unrelated,bulk random lemma base + common preferred + rime (seed 42)
cat,fur,related,cat review
cat,gain,unrelated,cat review
cat,gasp,whatever,
cat,geezer,whatever,
cat,ghost,unrelated,
cat,girl,related,bulk random lemma base + common preferred + rime (seed 42)
cat,glinting,unrelated,bulk random lemma base + common preferred + rime (seed 42)
cat,glitter,unrelated,bulk random lemma base + common preferred + rime (seed 42)
cat,gnaw,related,
cat,goiter,unrelated,bulk random lemma base + common preferred + rime (seed 42)
cat,gotta,unrelated,bulk random lemma base + common preferred + rime (seed 42)
cat,graffiti,unrelated,
cat,gravimetric,unrelated,bulk random lemma base + common preferred + rime (seed 42)
cat,gray,related,bulk random lemma base + common preferred + rime (seed 42)
cat,greatest,whatever,bulk random lemma base + common preferred + rime (seed 42)
cat,green,unrelated,bulk random lemma base + common preferred + rime (seed 42)
cat,gremlin,related,
cat,grenade,unrelated,bulk random lemma base + common preferred + rime (seed 42)
cat,grumpy,related,bulk random lemma base + common preferred + rime (seed 42)
cat,guitarist,whatever,bulk random lemma base + common preferred + rime (seed 42)
cat,gussie,whatever,
cat,guzzler,unrelated,bulk random lemma base + common preferred + rime (seed 42)
cat,hair,related,cat review
cat,hash,unrelated,bulk random lemma base + common preferred + rime (seed 42)
cat,hawk,related,
cat,heat,related,cat review
cat,henna,whatever,
cat,hereto,unrelated,bulk random lemma base + common preferred + rime (seed 42)
cat,hirsute,related,
cat,hoax,unrelated,bulk random lemma base + common preferred + rime (seed 42)
cat,hobby,related,
cat,home,whatever,bulk random lemma base + common preferred + rime (seed 42)
cat,hone,unrelated,bulk random lemma base + common preferred + rime (seed 42)
cat,hooter,unrelated,
cat,hooves,unrelated,cat review
cat,house,related,cat review
cat,howl,whatever,cat review
cat,humane,related,cat review
cat,hump,related,
cat,hunker,unrelated,
cat,hunt,related,bulk random lemma base + common preferred + rime (seed 42)
cat,hydrochloric,unrelated,bulk random lemma base + common preferred + rime (seed 42)
cat,hyperactive,whatever,
cat,hyperbolic,unrelated,bulk random lemma base + common preferred + rime (seed 42)
cat,hypoallergenic,related,bulk random lemma base + common preferred + rime (seed 42)
cat,hypocritical,unrelated,bulk random lemma base + common preferred + rime (seed 42)
cat,illumination,unrelated,bulk random lemma base + common preferred + rime (seed 42)
cat,imagineer,unrelated,
cat,incantation,unrelated,bulk random lemma base + common preferred + rime (seed 42)
cat,incantes,unrelated,
cat,indoor,related,cat review
cat,inflict,unrelated,bulk random lemma base + common preferred + rime (seed 42)
cat,ingest,whatever,bulk random lemma base + common preferred + rime (seed 42)
cat,inhalation,unrelated,cat review
cat,inhale,unrelated,
cat,inheriting,unrelated,bulk random lemma base + common preferred + rime (seed 42)
cat,innervation,unrelated,cat review
cat,inside,related,cat review
cat,instigation,unrelated,bulk random lemma base + common preferred + rime (seed 42)
cat,insulation,unrelated,cat review
cat,intravenous,whatever,
cat,inverter,unrelated,bulk random lemma base + common preferred + rime (seed 42)
cat,isometric,unrelated,bulk random lemma base + common preferred + rime (seed 42)
cat,item,unrelated,
cat,items,unrelated,
cat,jacket,unrelated,
cat,jaguar,related,cat review
cat,jenny,unrelated,
cat,jester,unrelated,cat review
cat,jolly,whatever,
cat,jour,unrelated,bulk random lemma base + common preferred + rime (seed 42)
cat,jubilation,unrelated,bulk random lemma base + common preferred + rime (seed 42)
cat,jubilee,unrelated,bulk random lemma base + common preferred + rime (seed 42)
cat,justice,unrelated,
cat,karen,unrelated,
cat,kay,unrelated,cat review
cat,kays,unrelated,cat review
cat,kettle,unrelated,
cat,khaki,unrelated,cat review
cat,king,whatever,
cat,kitten,related,cat review
cat,kitty,related,bulk random lemma base + common preferred + rime (seed 42)
cat,kiwi,unrelated,
cat,knack,unrelated,
cat,knee,unrelated,bulk random lemma base + common preferred + rime (seed 42)
cat,kooky,whatever,
cat,ladle,unrelated,bulk random lemma base + common preferred + rime (seed 42)
cat,lady,related,cat review
cat,lass,whatever,
cat,lead,related,
cat,leg,related,
cat,lemur,whatever,bulk random lemma base + common preferred + rime (seed 42)
cat,lib,unrelated,
cat,lick,related,cat review
cat,liger,related,cat review
cat,limp,related,
cat,lion,related,cat review
cat,litter,related,bulk random lemma base + common preferred + rime (seed 42)
cat,lodger,whatever,
cat,long,related,cat review
cat,loose,unrelated,
cat,louse,whatever,bulk random lemma base + common preferred + rime (seed 42)
cat,lunch,whatever,bulk random lemma base + common preferred + rime (seed 42)
cat,luncheon,unrelated,bulk random lemma base + common preferred + rime (seed 42)
cat,lupine,unrelated,
cat,lynx,related,cat review
cat,madeleine,unrelated,
cat,main,unrelated,cat review
cat,makin',unrelated,
cat,malice,unrelated,
cat,mang,unrelated,
cat,mange,related,
cat,manger,whatever,bulk random lemma base + common preferred + rime (seed 42)
cat,mangy,related,
cat,manx,related,cat review
cat,mare,related,
cat,maroon,unrelated,bulk random lemma base + common preferred + rime (seed 42)
cat,masonic,unrelated,bulk random lemma base + common preferred + rime (seed 42)
cat,mast,unrelated,
cat,max,unrelated,
cat,maze,unrelated,cat review
cat,mechanic,unrelated,cat review
cat,melancholy,unrelated,
cat,melt,unrelated,bulk random lemma base + common preferred + rime (seed 42)
cat,mem,unrelated,bulk random lemma base + common preferred + rime (seed 42)
cat,mend,unrelated,
cat,meniscus,unrelated,bulk random lemma base + common preferred + rime (seed 42)
cat,menses,unrelated,bulk random lemma base + common preferred + rime (seed 42)
cat,meow,related,bulk random lemma base + common preferred + rime (seed 42)
cat,messianic,unrelated,bulk random lemma base + common preferred + rime (seed 42)
cat,mewl,related,cat review
cat,mice,related,cat review
cat,microchip,related,cat review
cat,milk,related,bulk random lemma base + common preferred + rime (seed 42)
cat,millet,unrelated,
cat,mirror,unrelated,bulk random lemma base + common preferred + rime (seed 42)
cat,miscellaneous,unrelated,cat review
cat,misrepresent,unrelated,bulk random lemma base + common preferred + rime (seed 42)
cat,miss,whatever,
cat,mocha,unrelated,cat review
cat,mode,unrelated,
cat,mogul,unrelated,bulk random lemma base + common preferred + rime (seed 42)
cat,monkey,whatever,
cat,mortgage,unrelated,
cat,moth,related,
cat,mouse,related,cat review
cat,mouser,related,cat review
cat,mule,whatever,
cat,mutt,unrelated,
cat,muzzle,related,cat review
cat,nanny,whatever,
cat,nap,related,cat review
cat,naïveté,unrelated,bulk random lemma base + common preferred + rime (seed 42)
cat,need,whatever,
cat,negation,unrelated,cat review
cat,neighs,unrelated,cat review
cat,net,unrelated,
cat,neuter,related,cat review
cat,neutered,related,
cat,niche,unrelated,
cat,nick,whatever,bulk random lemma base + common preferred + rime (seed 42)
cat,night,related,bulk random lemma base + common preferred + rime (seed 42)
cat,nocturnal,related,cat review
cat,nosy,whatever,
cat,nuzzle,related,cat review
cat,obedience,related,
cat,object,unrelated,
cat,objects,unrelated,
cat,ocelot,related,cat review
cat,ocicat,related,cat review
cat,odometer,unrelated,bulk random lemma base + common preferred + rime (seed 42)
cat,ollie,unrelated,
cat,organ,unrelated,bulk random lemma base + common preferred + rime (seed 42)
cat,outside,related,cat review
cat,owl,related,
cat,pad,related,cat review
cat,paddock,whatever,
cat,pajama,whatever,bulk random lemma base + common preferred + rime (seed 42)
cat,panda,unrelated,
cat,panther,related,cat review
cat,parisian,whatever,
cat,pastor,unrelated,bulk random lemma base + common preferred + rime (seed 42)
cat,patas,related,
cat,patriarchal,unrelated,bulk random lemma base + common preferred + rime (seed 42)
cat,paul,unrelated,bulk random lemma base + common preferred + rime (seed 42)
cat,paw,related,cat review
cat,peach,unrelated,
cat,pelt,related,
cat,penguin,related_ish,humans apparently associate these
cat,perch,related,
cat,persian,related,cat review
cat,pessimistic,unrelated,bulk random lemma base + common preferred + rime (seed 42)
cat,pet,related,cat review
cat,petitioner,unrelated,bulk random lemma base + common preferred + rime (seed 42)
cat,pho,unrelated,cat review
cat,phoebe,unrelated_ish,cat review
cat,phonetically,unrelated,bulk random lemma base + common preferred + rime (seed 42)
cat,pie,whatever,
cat,pipe,unrelated,
cat,plant,whatever,
cat,plume,unrelated,
cat,poker,unrelated,bulk random lemma base + common preferred + rime (seed 42)
cat,pondering,unrelated,bulk random lemma base + common preferred + rime (seed 42)
cat,pony,whatever,
cat,poodle,whatever,bulk random lemma base + common preferred + rime (seed 42)
cat,poo,related,cat review
cat,poop,related,bulk random lemma base + common preferred + rime (seed 42)
cat,porridge,unrelated,
cat,potpourri,whatever,
cat,potty,whatever,bulk random lemma base + common preferred + rime (seed 42)
cat,pounce,related,
cat,praline,unrelated,
cat,preceding,unrelated,bulk random lemma base + common preferred + rime (seed 42)
cat,prehensile,related,
cat,presidency,unrelated,bulk random lemma base + common preferred + rime (seed 42)
cat,pressurization,unrelated,bulk random lemma base + common preferred + rime (seed 42)
cat,prey,related,bulk random lemma base + common preferred + rime (seed 42)
cat,primer,unrelated,cat review
cat,prior,unrelated,cat review
cat,privation,unrelated,bulk random lemma base + common preferred + rime (seed 42)
cat,proctor,unrelated,bulk random lemma base + common preferred + rime (seed 42)
cat,production,unrelated,bulk random lemma base + common preferred + rime (seed 42)
cat,prognosis,unrelated,bulk random lemma base + common preferred + rime (seed 42)
cat,projecting,unrelated,bulk random lemma base + common preferred + rime (seed 42)
cat,proprietary,unrelated,
cat,proscenium,unrelated,bulk random lemma base + common preferred + rime (seed 42)
cat,prowl,related,bulk random lemma base + common preferred + rime (seed 42)
cat,psychology,unrelated,bulk random lemma base + common preferred + rime (seed 42)
cat,puff,unrelated,
cat,puma,related,cat review
cat,pure,whatever,
cat,purple,unrelated,bulk random lemma base + common preferred + rime (seed 42)
cat,purr,related,bulk random lemma base + common preferred + rime (seed 42)
cat,puss,related,cat review
cat,pussy,related,cat review
cat,pussycat,related,cat review
cat,quack,whatever,
cat,quiz,unrelated,bulk random lemma base + common preferred + rime (seed 42)
cat,rabbit,related,
cat,raccoon,whatever,cat review
cat,rads,unrelated,cat review
cat,rake,unrelated,
cat,rancid,unrelated,
cat,raptor,unrelated_ish,
cat,ray,unrelated,
cat,reason,unrelated,cat review
cat,recliner,related,
cat,reconfigure,unrelated,bulk random lemma base + common preferred + rime (seed 42)
cat,rectangle,unrelated,cat review
cat,rectangular,unrelated,cat review
cat,reductive,unrelated,bulk random lemma base + common preferred + rime (seed 42)
cat,regard,whatever,
cat,reggie,unrelated,cat review
cat,renegotiate,unrelated,bulk random lemma base + common preferred + rime (seed 42)
cat,renovation,unrelated,bulk random lemma base + common preferred + rime (seed 42)
cat,rental,unrelated,cat review
cat,research,unrelated,bulk random lemma base + common preferred + rime (seed 42)
cat,reside,whatever,
cat,resume,unrelated,bulk random lemma base + common preferred + rime (seed 42)
cat,ret,whatever,
cat,retention,unrelated,bulk random lemma base + common preferred + rime (seed 42)
cat,reversion,unrelated,bulk random lemma base + common preferred + rime (seed 42)
cat,rhino,unrelated,
cat,rhombus,unrelated,
cat,rip,unrelated,
cat,robber,unrelated,bulk random lemma base + common preferred + rime (seed 42)
cat,robot,related,
cat,rogers,unrelated,bulk random lemma base + common preferred + rime (seed 42)
cat,roost,whatever,
cat,rouge,unrelated,cat review
cat,routine,whatever,
cat,rug,whatever,
cat,runic,unrelated,cat review
cat,rush,unrelated,bulk random lemma base + common preferred + rime (seed 42)
cat,russian,related,cat review
cat,rusty,unrelated,
cat,saber,related,cat review
cat,sac,unrelated,cat review
cat,sachet,unrelated,cat review
cat,said,unrelated,
cat,salutation,unrelated,bulk random lemma base + common preferred + rime (seed 42)
cat,sane,whatever,
cat,sarah,unrelated,bulk random lemma base + common preferred + rime (seed 42)
cat,sare,unrelated,bulk random lemma base + common preferred + rime (seed 42)
cat,satsuma,unrelated,cat review
cat,saucer,related,bulk random lemma base + common preferred + rime (seed 42)
cat,savannah,related,
cat,scalar,unrelated,cat review
cat,scarab,whatever,
cat,schema,unrelated,bulk random lemma base + common preferred + rime (seed 42)
cat,scientific,unrelated,bulk random lemma base + common preferred + rime (seed 42)
cat,scissor,unrelated,
cat,scrape,whatever,
cat,scratch,related,cat review
cat,sealer,unrelated,
cat,search,whatever,bulk random lemma base + common preferred + rime (seed 42)
cat,season,unrelated,cat review
cat,secession,unrelated,bulk random lemma base + common preferred + rime (seed 42)
cat,senhor,unrelated,
cat,sensationalize,unrelated,cat review
cat,sever,unrelated,
cat,shabby,whatever,
cat,shape,whatever,
cat,she's,unrelated,bulk random lemma base + common preferred + rime (seed 42)
cat,sheer,unrelated,bulk random lemma base + common preferred + rime (seed 42)
cat,shellack,whatever,
cat,shit,related,bulk random lemma base + common preferred + rime (seed 42)
cat,shite,unrelated_ish,bulk random lemma base + common preferred + rime (seed 42)
cat,shorn,related,
cat,show,related,cat review
cat,shuffle,unrelated,
cat,silk,unrelated,cat review
cat,simmer,unrelated,bulk random lemma base + common preferred + rime (seed 42)
cat,simp,whatever,
cat,single,whatever,
cat,sire,whatever,bulk random lemma base + common preferred + rime (seed 42)
cat,skimmer,unrelated,bulk random lemma base + common preferred + rime (seed 42)
cat,skin,related,there's more than one way
cat,skipper,unrelated,bulk random lemma base + common preferred + rime (seed 42)
cat,slab,unrelated,
cat,sleep,related,bulk random lemma base + common preferred + rime (seed 42)
cat,sleuth,unrelated,
cat,slew,unrelated,bulk random lemma base + common preferred + rime (seed 42)
cat,slurp,whatever,
cat,smoky,whatever,
cat,snake,whatever,
cat,sneeze,related,
cat,snort,related,
cat,sod,unrelated,
cat,soft,related,cat review
cat,soothing,related,cat review
cat,sooty,unrelated,
cat,soup,unrelated,
cat,soya,unrelated,bulk random lemma base + common preferred + rime (seed 42)
cat,spaghetti,unrelated,cat review
cat,spark,unrelated,bulk random lemma base + common preferred + rime (seed 42)
cat,spatial,unrelated,bulk random lemma base + common preferred + rime (seed 42)
cat,spay,related,cat review
cat,spiny,unrelated,cat review
cat,sporty,unrelated,bulk random lemma base + common preferred + rime (seed 42)
cat,spot,whatever,
cat,sprocket,unrelated,cat review
cat,squalid,unrelated,
cat,squirrel,related,
cat,stale,unrelated,cat review
cat,staler,unrelated,cat review
cat,stall,unrelated,
cat,steak,whatever,bulk random lemma base + common preferred + rime (seed 42)
cat,stealthy,related,
cat,stegosaurus,unrelated,cat review
cat,stiffen,unrelated,bulk random lemma base + common preferred + rime (seed 42)
cat,stilt,unrelated,
cat,stomper,unrelated,
cat,stove,unrelated,
cat,stray,related,
cat,streaky,unrelated,
cat,stretch,related,cat review
cat,stretchy,unrelated,bulk random lemma base + common preferred + rime (seed 42)
cat,stricken,unrelated,cat review
cat,striper,unrelated,bulk random lemma base + common preferred + rime (seed 42)
cat,stroll,whatever,
cat,stuffers,unrelated,cat review
cat,stupor,unrelated,
cat,suckle,unrelated,bulk random lemma base + common preferred + rime (seed 42)
cat,suede,whatever,
cat,superb,unrelated,bulk random lemma base + common preferred + rime (seed 42)
cat,supplement,whatever,
cat,surgical,unrelated,bulk random lemma base + common preferred + rime (seed 42)
cat,swallow,related,
cat,swill,unrelated,
cat,tabby,related,cat review
cat,table,whatever,
cat,tail,related,cat review
cat,tarpaulin,unrelated,bulk random lemma base + common preferred + rime (seed 42)
cat,tat,unrelated,
cat,technician,unrelated,
cat,teeth,related,cat review
cat,telescope,unrelated,
cat,tempura,unrelated,bulk random lemma base + common preferred + rime (seed 42)
cat,terrier,unrelated,
cat,terse,unrelated,bulk random lemma base + common preferred + rime (seed 42)
cat,text,unrelated,cat review
cat,thief,whatever,bulk random lemma base + common preferred + rime (seed 42)
cat,thimble,unrelated,cat review
cat,thing,unrelated,
cat,things,unrelated,
cat,third,unrelated,bulk random lemma base + common preferred + rime (seed 42)
cat,thrush,related,
cat,tiger,related,cat review
cat,tights,unrelated,bulk random lemma base + common preferred + rime (seed 42)
cat,tigon,related,cat review
cat,tile,unrelated_ish,
cat,tinker,unrelated,bulk random lemma base + common preferred + rime (seed 42)
cat,toaster,unrelated,
cat,tomato,unrelated,bulk random lemma base + common preferred + rime (seed 42)
cat,tool,unrelated,
cat,toon,unrelated,
cat,tooth,related,cat review
cat,topic,unrelated,bulk random lemma base + common preferred + rime (seed 42)
cat,tot,unrelated,
cat,toxoplasmosis,related,cat review
cat,trace,unrelated,
cat,trance,unrelated,
cat,trawler,unrelated,
cat,treasure,unrelated,bulk random lemma base + common preferred + rime (seed 42)
cat,tree,related,cat review
cat,triangle,unrelated,cat review
cat,triangular,unrelated,cat review
cat,tripe,whatever,
cat,trunk,unrelated,
cat,tumor,whatever,
cat,tuna,related,cat review
cat,tux,related,
cat,tuxedo,related,
cat,twink,unrelated,
cat,twister,unrelated,bulk random lemma base + common preferred + rime (seed 42)
cat,twitch,whatever,bulk random lemma base + common preferred + rime (seed 42)
cat,ultrasonic,whatever,
cat,unattractive,unrelated,bulk random lemma base + common preferred + rime (seed 42)
cat,unconfirmed,unrelated,bulk random lemma base + common preferred + rime (seed 42)
cat,underneath,whatever,
cat,undertow,unrelated,
cat,unforeseeable,unrelated,bulk random lemma base + common preferred + rime (seed 42)
cat,unfrozen,unrelated,bulk random lemma base + common preferred + rime (seed 42)
cat,ungodly,unrelated,bulk random lemma base + common preferred + rime (seed 42)
cat,upturned,unrelated,bulk random lemma base + common preferred + rime (seed 42)
cat,urination,related,
cat,vagina,related,cat review
cat,vase,unrelated,
cat,vector,unrelated,cat review
cat,venom,unrelated,cat review
cat,verb,unrelated,
cat,verbal,whatever,
cat,vet,related,bulk random lemma base + common preferred + rime (seed 42)
cat,veteran,unrelated,cat review
cat,veterinarian,related,cat review
cat,vibrato,unrelated,bulk random lemma base + common preferred + rime (seed 42)
cat,vietnamese,whatever,
cat,viola,unrelated,bulk random lemma base + common preferred + rime (seed 42)
cat,void,unrelated,
cat,volcano,unrelated,
cat,voyeur,unrelated,bulk random lemma base + common preferred + rime (seed 42)
cat,vulnerability,unrelated,bulk random lemma base + common preferred + rime (seed 42)
cat,wagon,unrelated,
cat,wand,unrelated,
cat,wander,whatever,bulk random lemma base + common preferred + rime (seed 42)
cat,wanker,unrelated,bulk random lemma base + common preferred + rime (seed 42)
cat,wash,related,cat review
cat,weak,unrelated,bulk random lemma base + common preferred + rime (seed 42)
cat,wear,unrelated,
cat,wedgie,unrelated,bulk random lemma base + common preferred + rime (seed 42)
cat,weep,unrelated,bulk random lemma base + common preferred + rime (seed 42)
cat,wet,related,
cat,wheel,unrelated,bulk random lemma base + common preferred + rime (seed 42)
cat,whereof,unrelated,bulk random lemma base + common preferred + rime (seed 42)
cat,whey,unrelated,bulk random lemma base + common preferred + rime (seed 42)
cat,whip,unrelated,
cat,whisk,unrelated,cat review
cat,whisker,related,cat review
cat,whiskers,related,
cat,white,related,bulk random lemma base + common preferred + rime (seed 42)
cat,whiz,unrelated,bulk random lemma base + common preferred + rime (seed 42)
cat,widdle,related,
cat,wild,related,cat review
cat,wildcat,related,
cat,win,unrelated,
cat,witch,related,cat review
cat,woe,unrelated,
cat,wood,unrelated,
cat,worms,related,cat review
cat,wren,related,
cat,wring,unrelated,bulk random lemma base + common preferred + rime (seed 42)
cat,yarn,related,cat review
cat,yawn,related,
cat,yeti,unrelated,cat review
cat,yodel,unrelated,cat review
cat,yowl,unrelated,cat review
cat,zen,whatever,
cat,zucchini,unrelated,
cat,term,unrelated,active-learn cat:strong:90
cat,sheep,whatever,active-learn cat:strong:96
cat,clean,related,active-learn cat:strong:91
cat,spook,related,active-learn cat:strong:81
cat,duckling,related,active-learn cat:strong:75
cat,chain,unrelated,active-learn cat:strong:84
cat,loyal,unrelated,active-learn cat:strong:81
cat,floor,unrelated,active-learn cat:strong:93
cat,mascot,related,active-learn cat:strong:92
cat,rooster,related,active-learn cat:strong:96
cat,freak,whatever,active-learn cat:strong:75
cat,hog,unrelated,active-learn cat:strong:84
cat,kangaroo,unrelated,active-learn cat:strong:92
cat,dental,related,active-learn cat:strong:85
cat,turkey,related,active-learn cat:strong:90
cat,magic,related,active-learn cat:strong:79
cat,hissing,related,active-learn cat:strong:90
cat,rank,unrelated,active-learn cat:strong:84
cat,owner,related,active-learn cat:strong:92
cat,killer,related,active-learn cat:strong:82
cat,leash,related,active-learn cat:strong:93
cat,lay,related,active-learn cat:strong:79
cat,man,whatever,active-learn cat:strong:90
cat,hat,related,active-learn cat:strong:94
cat,rex,unrelated,active-learn cat:strong:81
cat,paint,related,active-learn cat:strong:85
cat,chimp,whatever,active-learn cat:strong:89
cat,nest,unrelated,active-learn cat:strong:93
cat,top,unrelated,active-learn cat:strong:94
cat,tortoise,unrelated,active-learn cat:strong:95
cat,forest,whatever,active-learn cat:strong:91
cat,face,related,active-learn cat:strong:79
cat,couch,related,active-learn cat:strong:97
cat,sit,related,active-learn cat:strong:90
cat,nasal,unrelated,active-learn cat:strong:75
cat,terrarium,unrelated,active-learn cat:strong:78
cat,gentle,related,active-learn cat:strong:97
cat,large,related,active-learn cat:strong:89
cat,shaggy,related,active-learn cat:strong:84
cat,jack,unrelated,active-learn cat:strong:86
cat,computer,whatever,active-learn cat:strong:88
cat,tramp,unrelated,active-learn cat:strong:93
cat,foot,related,active-learn cat:strong:88
cat,tubby,related,active-learn cat:strong:83
cat,destroy,whatever,active-learn cat:strong:81
cat,lint,unrelated,active-learn cat:strong:92
cat,scat,related,active-learn cat:strong:76
cat,tick,related,active-learn cat:strong:95
cat,care,related,active-learn cat:strong:91
cat,wombat,unrelated,active-learn cat:strong:83
cat,turtle,unrelated,active-learn cat:strong:97
cat,cuddle,related,active-learn cat:strong:98
cat,stripe,related,active-learn cat:strong:97
cat,pillow,related,active-learn cat:strong:90
cat,mummy,related,active-learn cat:strong:87
cat,companion,related,active-learn cat:strong:95
cat,fowl,related,active-learn cat:strong:78
cat,teddy,unrelated,active-learn cat:strong:80
cat,scooby,unrelated,active-learn cat:strong:86
cat,castration,related,active-learn cat:strong:86
cat,lab,unrelated,active-learn cat:strong:91
cat,liver,related,active-learn cat:strong:92
cat,park,whatever,active-learn cat:strong:93
cat,line,unrelated,active-learn cat:strong:92
cat,mammal,related,active-learn cat:strong:100
cat,snout,unrelated,active-learn cat:strong:93
cat,sammy,unrelated,active-learn cat:strong:77
cat,camel,unrelated,active-learn cat:strong:94
cat,female,related,active-learn cat:strong:89
cat,puppy,related,active-learn cat:strong:91
cat,gecko,unrelated,active-learn cat:strong:82
cat,ferret,whatever,active-learn cat:strong:95
cat,furry,related,active-learn cat:strong:99
cat,fuzz,related,active-learn cat:strong:99
cat,wool,whatever,active-learn cat:strong:99
cat,enclosure,related,active-learn cat:strong:82
cat,play,related,active-learn cat:strong:96
cat,hose,unrelated,active-learn cat:strong:96
cat,draw,unrelated,active-learn cat:strong:82
cat,parrot,unrelated,active-learn cat:strong:97
cat,puppet,whatever,active-learn cat:strong:85
cat,lizard,whatever,active-learn cat:strong:94
cat,kibble,related,active-learn cat:strong:87
cat,tucker,unrelated,active-learn cat:strong:85
cat,reader,whatever,active-learn cat:strong:81
cat,cunning,related,active-learn cat:strong:94
cat,level,unrelated,active-learn cat:strong:82
cat,iguana,unrelated,active-learn cat:strong:87
cat,cairn,unrelated,active-learn cat:strong:82
cat,deer,unrelated,active-learn cat:strong:85
cat,squeaky,related,active-learn cat:strong:84
cat,cutie,related,active-learn cat:strong:83
cat,crate,unrelated,active-learn cat:strong:96
cat,pest,related,active-learn cat:strong:82
cat,scrap,whatever,active-learn cat:strong:91
cat,scamp,related,active-learn cat:strong:87
cat,protest,related,active-learn cat:strong:79
cat,shelf,related,active-learn cat:strong:92
cat,hen,related,active-learn cat:strong:92
cat,hutch,unrelated,active-learn cat:strong:81
cat,trash,whatever,active-learn cat:strong:77
cat,euthanasia,related,active-learn cat:strong:85
cat,avian,related,active-learn cat:strong:81
cat,llamas,whatever,active-learn cat:strong:85
cat,doll,whatever,active-learn cat:strong:96
cat,cable,related,active-learn cat:strong:82
cat,dragon,unrelated,active-learn cat:strong:95
cat,cut,unrelated,active-learn cat:strong:94
cat,male,related,active-learn cat:strong:88
cat,base,unrelated,active-learn cat:strong:77
cat,tin,related,active-learn cat:strong:94
cat,turd,related,active-learn cat:strong:87
cat,snow,related,active-learn cat:strong:91
cat,zoological,related,active-learn cat:strong:75
cat,cozy,related,active-learn cat:strong:84
cat,farmer,related,active-learn cat:strong:75
cat,cookie,related,active-learn cat:strong:98
cat,ceramic,related,active-learn cat:strong:81
cat,sock,related,active-learn cat:strong:75
cat,ermine,whatever,active-learn cat:strong:83
cat,seal,whatever,active-learn cat:strong:88
cat,opossum,whatever,active-learn cat:strong:75
cat,giraffe,unrelated,active-learn cat:strong:92
cat,constrictor,unrelated,active-learn cat:strong:97
cat,spaniel,unrelated,active-learn cat:strong:81
cat,quiet,related,active-learn cat:strong:85
cat,pooch,related,active-learn cat:strong:85
cat,sewer,unrelated,active-learn cat:strong:80
cat,fluff,related,active-learn cat:strong:90
cat,burrow,unrelated,active-learn cat:strong:93
cat,vivisection,whatever,active-learn cat:strong:79
cat,duct,unrelated,active-learn cat:strong:80
cat,plain,unrelated,active-learn cat:strong:76
cat,sniffer,related,active-learn cat:strong:93
cat,prowler,related,active-learn cat:strong:85
cat,meat,related,active-learn cat:strong:93
cat,lassie,unrelated,active-learn cat:strong:86
cat,wag,unrelated,active-learn cat:strong:85
cat,seagull,related,active-learn cat:strong:95
cat,race,unrelated,active-learn cat:strong:87
cat,plush,related,active-learn cat:strong:97
cat,scruffy,related,active-learn cat:strong:92
cat,woof,unrelated,active-learn cat:strong:89
cat,nose,related,active-learn cat:strong:99
cat,nestle,related,active-learn cat:strong:86
cat,skunk,whatever,active-learn cat:strong:94
cat,scared,related,active-learn cat:strong:94
cat,reptilian,unrelated,active-learn cat:strong:88
cat,type,whatever,active-learn cat:strong:76
cat,stable,whatever,active-learn cat:strong:92
cat,coyote,unrelated,active-learn cat:strong:93
cat,form,whatever,active-learn cat:strong:76
cat,pooh,unrelated,active-learn cat:strong:93
cat,fight,related,active-learn cat:strong:88
cat,dotty,whatever,active-learn cat:strong:82
cat,shelter,related,active-learn cat:strong:96
cat,foxy,unrelated,active-learn cat:strong:92
cat,kennel,related,active-learn cat:strong:94
cat,stump,unrelated,active-learn cat:strong:80
cat,ground,unrelated,active-learn cat:strong:82
cat,fat,related,active-learn cat:strong:94
cat,bedroom,related,active-learn cat:strong:92
cat,shark,whatever,active-learn cat:strong:91
cat,little,related,active-learn cat:strong:79
cat,creature,related,active-learn cat:strong:99
cat,mop,unrelated,active-learn cat:strong:84
cat,kid,related,active-learn cat:strong:89
cat,hobo,unrelated,active-learn cat:strong:79
cat,chinchilla,unrelated,active-learn cat:strong:82
cat,shepherd,whatever,active-learn cat:strong:96
cat,mark,related,active-learn cat:strong:75
cat,pee,related,
cat,piss,related,
cat,urine,related,
cat,middle,unrelated,active-learn cat:strong:86
cat,curb,unrelated,active-learn cat:strong:77
cat,chicken,related,active-learn cat:strong:99
cat,fecal,related,active-learn cat:strong:80
cat,giant,related,active-learn cat:strong:76
cat,scamper,related,active-learn cat:strong:84
cat,ducky,whatever,active-learn cat:strong:84
cat,go,whatever,active-learn cat:strong:86
cat,vagrant,whatever,active-learn cat:strong:81
cat,sweetie,related,active-learn cat:strong:77
cat,super,whatever,active-learn cat:strong:80
cat,needy,related,active-learn cat:strong:94
cat,chirp,related,active-learn cat:strong:80
cat,rattle,unrelated_ish,active-learn cat:strong:75
cat,hammock,whatever,active-learn cat:strong:84
cat,eared,related,active-learn cat:strong:90
cat,quick,related,active-learn cat:strong:93
cat,dingo,unrelated,active-learn cat:strong:90
cat,predator,related,active-learn cat:strong:97
cat,fear,related,active-learn cat:strong:83
cat,dead,related,active-learn cat:strong:75
cat,gizmo,unrelated,active-learn cat:strong:84
cat,gorilla,unrelated,active-learn cat:strong:95
cat,sphinx,related,active-learn cat:strong:98
cat,fox,whatever,active-learn cat:strong:94
cat,coat,whatever,active-learn cat:strong:92
cat,sun,related,active-learn cat:strong:89
cat,rabid,related,active-learn cat:strong:90
cat,legged,related,active-learn cat:strong:95
cat,informal,unrelated,active-learn cat:strong:75
cat,potato,unrelated,active-learn cat:strong:83
cat,cart,whatever,active-learn cat:strong:78
cat,person,related,active-learn cat:strong:87
cat,cocker,unrelated,active-learn cat:strong:86
cat,snoopy,unrelated,active-learn cat:strong:92
cat,cold,related,active-learn cat:strong:77
cat,toad,whatever,active-learn cat:strong:75
cat,pat,related,active-learn cat:strong:96
cat,domesticity,related,active-learn cat:strong:93
cat,lily,whatever,active-learn cat:strong:81
cat,loft,whatever,active-learn cat:strong:76
cat,koala,unrelated,active-learn cat:strong:93
cat,game,whatever,active-learn cat:strong:97
cat,sound,whatever,active-learn cat:strong:91
cat,color,related,active-learn cat:strong:94
cat,fit,related,active-learn cat:strong:89
cat,desk,related,active-learn cat:strong:95
cat,trapper,whatever,active-learn cat:strong:88
cat,mink,whatever,active-learn cat:strong:86
cat,sloth,related,active-learn cat:strong:92
cat,garage,whatever,active-learn cat:strong:85
cat,fiddle,related,active-learn cat:strong:95
cat,snarl,related,active-learn cat:strong:80
cat,tickle,related,active-learn cat:strong:77
cat,grass,related,active-learn cat:strong:81
cat,gator,unrelated,active-learn cat:strong:80
cat,common,whatever,active-learn cat:strong:83
cat,street,related,active-learn cat:strong:94
cat,noodle,unrelated,active-learn cat:strong:86
cat,frisky,related,active-learn cat:strong:91
cat,feces,related,active-learn cat:strong:91
cat,molly,unrelated,active-learn cat:strong:91
cat,rule,unrelated,active-learn cat:strong:80
cat,scooter,unrelated,active-learn cat:strong:78
cat,cake,whatever,active-learn cat:strong:97
cat,nibble,related,active-learn cat:strong:85
cat,tom,related,active-learn cat:strong:88
cat,brindle,related,active-learn cat:strong:92
cat,lap,related,active-learn cat:strong:99
cat,string,related,active-learn cat:strong:80
cat,cub,unrelated,active-learn cat:strong:78
cat,healthy,related,active-learn cat:strong:95
cat,hood,related,active-learn cat:strong:81
cat,sitter,related,active-learn cat:strong:90
cat,dove,related,active-learn cat:strong:84
cat,cry,whatever,active-learn cat:strong:91
cat,neck,whatever,active-learn cat:strong:81
cat,hairy,related,active-learn cat:strong:93
cat,thoroughbred,related,active-learn cat:strong:94
cat,egg,whatever,active-learn cat:strong:85
cat,droppings,related,active-learn cat:strong:93
cat,move,whatever,active-learn cat:strong:82
cat,car,whatever,active-learn cat:strong:98
cat,pen,whatever,active-learn cat:strong:76
cat,druid,related,active-learn cat:strong:79
cat,think,whatever,active-learn cat:strong:85
cat,zoo,related,active-learn cat:strong:98
cat,daisy,whatever,active-learn cat:strong:95
cat,small,related,active-learn cat:strong:97
cat,pussyfoot,related,active-learn cat:strong:92
cat,child,related,active-learn cat:strong:80
cat,horse,related,active-learn cat:strong:97
cat,old,related,active-learn cat:strong:94
cat,love,related,active-learn cat:strong:88
cat,fiber,whatever,active-learn cat:strong:93
cat,feather,whatever,active-learn cat:strong:90
cat,get,whatever,active-learn cat:strong:99
cat,curious,related,active-learn cat:strong:98
cat,spider,whatever,active-learn cat:strong:93
cat,legs,related,active-learn cat:strong:98
cat,carrot,unrelated,active-learn cat:strong:83
cat,slinky,related,active-learn cat:strong:85
cat,ox,unrelated,active-learn cat:strong:97
cat,mite,related,active-learn cat:strong:87
cat,thunder,whatever,active-learn cat:strong:80
cat,tigers,related,active-learn cat:strong:95
cat,dish,related,active-learn cat:strong:85
cat,domestication,related,active-learn cat:strong:94
cat,tame,related,active-learn cat:strong:95
cat,lover,related,active-learn cat:strong:96
cat,figure,related,active-learn cat:strong:81
cat,sniff,related,active-learn cat:strong:98
cat,diet,related,active-learn cat:strong:85
cat,mean,related,active-learn cat:strong:93
cat,fin,unrelated,active-learn cat:strong:81
cat,eat,related,active-learn cat:strong:98
cat,cotton,unrelated,active-learn cat:strong:86
cat,cross,unrelated,active-learn cat:strong:96
cat,smart,related,active-learn cat:strong:92
cat,adorable,related,active-learn cat:strong:89
cat,ratty,related,active-learn cat:strong:90
cat,yard,related,active-learn cat:strong:88
cat,yellow,whatever,active-learn cat:strong:98
cat,trot,unrelated,active-learn cat:strong:89
cat,pit,unrelated,active-learn cat:strong:83
cat,gag,unrelated,active-learn cat:strong:82
cat,smell,related,active-learn cat:strong:75
cat,runt,related,active-learn cat:strong:82
cat,drink,related,active-learn cat:strong:97
cat,put,whatever,active-learn cat:strong:88
cat,mate,related,active-learn cat:strong:97
cat,herd,related,active-learn cat:strong:77
cat,canary,related,active-learn cat:strong:96
cat,door,related,active-learn cat:strong:79
cat,cow,related,active-learn cat:strong:95
cat,coop,whatever,active-learn cat:strong:88
cat,stallion,whatever,active-learn cat:strong:75
cat,feed,related,active-learn cat:strong:97
cat,kipper,related,active-learn cat:strong:87
cat,macaw,whatever,active-learn cat:strong:89
cat,warm,related,active-learn cat:strong:79
cat,nail,related,active-learn cat:strong:75
cat,grizzly,unrelated,active-learn cat:strong:92
cat,goat,whatever,active-learn cat:strong:91
cat,short,unrelated,active-learn cat:strong:75
cat,basset,unrelated,active-learn cat:strong:80
cat,meme,related,active-learn cat:strong:84
cat,snoop,unrelated,active-learn cat:strong:83
cat,wonder,whatever,active-learn cat:strong:85
cat,shag,whatever,active-learn cat:strong:82
cat,guppy,related,active-learn cat:strong:76
cat,rub,related,active-learn cat:strong:81
cat,jungle,related,active-learn cat:strong:94
cat,mouth,related,active-learn cat:strong:94
cat,slobber,related,active-learn cat:strong:83
cat,read,unrelated,active-learn cat:strong:93
cat,spike,unrelated,active-learn cat:strong:87
cat,fawn,unrelated,active-learn cat:strong:96
cat,guy,related,active-learn cat:strong:80
cat,sparky,unrelated,active-learn cat:strong:84
cat,pig,unrelated,active-learn cat:strong:99
cat,piggy,unrelated,active-learn cat:strong:81
cat,herder,related,active-learn cat:border:51
cat,butters,related,active-learn cat:border:40
cat,whistle,related,active-learn cat:border:58
cat,tripod,related,active-learn cat:border:41
cat,confine,whatever,active-learn cat:border:59
cat,retaining,unrelated,active-learn cat:border:40
cat,slang,unrelated,active-learn cat:border:56
cat,chest,whatever,active-learn cat:border:54
cat,soul,whatever,active-learn cat:border:56
cat,stoop,whatever,active-learn cat:border:45
cat,scare,related,active-learn cat:border:43
cat,coherent,unrelated,active-learn cat:border:42
cat,strangle,whatever,active-learn cat:border:54
cat,tatty,unrelated,active-learn cat:border:44
cat,style,whatever,active-learn cat:border:53
cat,cocoon,unrelated,active-learn cat:border:44
cat,assisting,unrelated,active-learn cat:border:40
cat,rage,unrelated,active-learn cat:border:41
cat,ornithology,unrelated,active-learn cat:border:53
cat,stole,unrelated,active-learn cat:border:50
cat,ecclesiastical,unrelated,active-learn cat:border:51
cat,simple,unrelated,active-learn cat:border:49
cat,mime,unrelated,active-learn cat:border:44
cat,meditation,whatever,active-learn cat:border:42
cat,outdoors,related,active-learn cat:border:50
cat,spell,whatever,active-learn cat:border:51
cat,cosset,whatever,active-learn cat:border:57
cat,lisp,whatever,active-learn cat:border:48
cat,defecation,related,active-learn cat:border:57
cat,perishing,whatever,active-learn cat:border:40
cat,taxonomic,whatever,active-learn cat:border:47
cat,chewy,unrelated,active-learn cat:border:51
cat,tube,related,active-learn cat:border:60
cat,pudding,unrelated,active-learn cat:border:53
cat,shrub,related,active-learn cat:border:60
cat,harassing,whatever,active-learn cat:border:40
cat,snowy,whatever,active-learn cat:border:54
cat,detector,unrelated,active-learn cat:border:45
cat,disposing,unrelated,active-learn cat:border:40
cat,proper,unrelated,active-learn cat:border:51
cat,smear,unrelated,active-learn cat:border:49
cat,cluck,unrelated,active-learn cat:border:48
cat,ranch,related,active-learn cat:border:40
cat,laundry,whatever,active-learn cat:border:55
cat,entire,unrelated,active-learn cat:border:51
cat,clue,unrelated,active-learn cat:border:43
cat,locket,whatever,active-learn cat:border:40
cat,pate,unrelated,active-learn cat:border:42
cat,slapping,unrelated,active-learn cat:border:40
cat,loss,related,active-learn cat:border:51
cat,invited,unrelated,active-learn cat:border:40
cat,crush,whatever,active-learn cat:border:45
cat,sprite,unrelated,active-learn cat:border:50
cat,spangling,unrelated,active-learn cat:border:40
cat,chuff,unrelated,active-learn cat:border:50
cat,humorist,whatever,active-learn cat:border:42
cat,bridging,unrelated,active-learn cat:border:40
cat,commie,unrelated,active-learn cat:border:41
cat,ocular,related,active-learn cat:border:45
cat,part,unrelated,active-learn cat:border:54
cat,manners,unrelated,active-learn cat:border:40
cat,cutter,unrelated,active-learn cat:border:48
cat,squall,unrelated,active-learn cat:border:46
cat,cheep,unrelated,active-learn cat:border:53
cat,worldwide,unrelated,active-learn cat:border:44
cat,carton,unrelated,active-learn cat:border:47
cat,slumber,related,active-learn cat:border:58
cat,warren,unrelated,active-learn cat:border:42
cat,mess,related,active-learn cat:border:53
cat,abutting,unrelated,active-learn cat:border:40
cat,attribute,unrelated,active-learn cat:border:52
cat,snicker,unrelated,active-learn cat:border:42
cat,disposition,unrelated,active-learn cat:border:52
cat,asian,whatever,active-learn cat:border:54
cat,elder,whatever,active-learn cat:border:58
cat,member,unrelated,active-learn cat:border:56
cat,shorty,unrelated,active-learn cat:border:43
cat,dress,related,active-learn cat:border:51
cat,harry,unrelated,active-learn cat:border:43
cat,slimming,whatever,active-learn cat:border:40
cat,wise,whatever,active-learn cat:border:40
cat,knit,related,active-learn cat:border:51
cat,possessor,whatever,active-learn cat:border:51
cat,right,unrelated,active-learn cat:border:51
cat,dominant,whatever,active-learn cat:border:53
cat,renter,related,active-learn cat:border:44
cat,stage,unrelated,active-learn cat:border:56
cat,rest,related,active-learn cat:border:45
cat,gobble,whatever,active-learn cat:border:59
cat,grizzle,unrelated,active-learn cat:border:42
cat,blizzard,unrelated,active-learn cat:border:50
cat,ration,whatever,active-learn cat:border:55
cat,joint,whatever,active-learn cat:border:47
cat,us,unrelated,active-learn cat:border:55
cat,laughter,whatever,active-learn cat:border:42
cat,file,related,active-learn cat:border:60
cat,maxi,unrelated,active-learn cat:border:49
cat,collard,whatever,active-learn cat:border:41
cat,mute,whatever,active-learn cat:border:46
cat,linking,unrelated,active-learn cat:border:40
cat,winner,whatever,active-learn cat:border:48
cat,muffle,unrelated,active-learn cat:border:42
cat,flounder,whatever,active-learn cat:border:49
cat,veggie,whatever,active-learn cat:border:45
cat,befriend,related,active-learn cat:border:43
cat,claim,unrelated,active-learn cat:border:52
cat,vent,unrelated,active-learn cat:border:52
cat,champ,unrelated,active-learn cat:border:52
cat,occurring,unrelated,active-learn cat:border:40
cat,ecclesiastic,unrelated,active-learn cat:border:44
cat,nightie,whatever,active-learn cat:border:42
cat,dickens,unrelated,active-learn cat:border:53
cat,maple,unrelated,active-learn cat:border:45
cat,hisses,related,active-learn cat:border:40
cat,flaunting,unrelated,active-learn cat:border:40
cat,field,whatever,active-learn cat:border:41
cat,trenching,unrelated,active-learn cat:border:40
cat,unsex,unrelated,active-learn cat:border:45
cat,weed,unrelated,active-learn cat:border:53
cat,fetish,related,active-learn cat:border:59
cat,smoke,unrelated,active-learn cat:border:45
cat,packet,unrelated,active-learn cat:border:56
cat,hyena,whatever,active-learn cat:border:55
cat,seducing,unrelated,active-learn cat:border:40
cat,saddening,unrelated,active-learn cat:border:40
cat,drum,unrelated,active-learn cat:border:47
cat,cathartic,unrelated,active-learn cat:border:43
cat,gazelle,unrelated,active-learn cat:border:56
cat,rocker,unrelated,active-learn cat:border:43
cat,pellet,unrelated,active-learn cat:border:48
cat,canting,unrelated,active-learn cat:border:40
cat,gnostic,unrelated,active-learn cat:border:44
cat,slob,unrelated,active-learn cat:border:53
cat,scrotum,unrelated,active-learn cat:border:41
cat,dominatrix,unrelated,active-learn cat:border:49
cat,heifer,unrelated,active-learn cat:border:60
cat,habit,unrelated,active-learn cat:border:51
cat,strange,whatever,active-learn cat:border:53
cat,wart,whatever,active-learn cat:border:60
cat,betraying,unrelated,active-learn cat:border:40
cat,irritation,unrelated,active-learn cat:border:42
cat,holistic,unrelated,active-learn cat:border:45
cat,news,unrelated,active-learn cat:border:46
cat,camellia,whatever,active-learn cat:border:52
cat,garment,whatever,active-learn cat:border:40
cat,conventional,unrelated,active-learn cat:border:45
cat,australian,unrelated,active-learn cat:border:50
cat,cancer,whatever,active-learn cat:border:53
cat,comb,related,active-learn cat:border:53
cat,squat,unrelated,active-learn cat:border:57
cat,crunch,unrelated,active-learn cat:border:40
cat,ladder,related,active-learn cat:border:49
cat,clerical,unrelated,active-learn cat:border:58
cat,local,unrelated,active-learn cat:border:55
cat,peep,unrelated,active-learn cat:border:50
cat,rocking,unrelated,active-learn cat:border:40
cat,stooge,unrelated,active-learn cat:border:40
cat,washer,whatever,active-learn cat:border:45
cat,hind,related,active-learn cat:border:45
cat,whore,unrelated,active-learn cat:border:42
cat,crumbling,unrelated,active-learn cat:border:40
cat,rib,whatever,active-learn cat:border:53
cat,jimmy,unrelated,active-learn cat:border:43
cat,possessive,whatever,active-learn cat:border:58
cat,fulfilling,whatever,active-learn cat:border:42
cat,chance,unrelated,active-learn cat:border:49
cat,lorry,unrelated,active-learn cat:border:44
cat,dentist,related,active-learn cat:border:45
cat,molar,related,active-learn cat:border:54
cat,mac,unrelated,active-learn cat:border:55
cat,bore,unrelated,active-learn cat:border:42
cat,upright,unrelated,active-learn cat:border:54
cat,scabby,unrelated,active-learn cat:border:52
cat,transplant,whatever,active-learn cat:border:51
cat,keyboard,related,active-learn cat:border:44
cat,piano,related,
cat,charge,unrelated,active-learn cat:border:57
cat,heavy,related,active-learn cat:border:46
cat,tallyho,unrelated,active-learn cat:border:47
cat,putt,unrelated,active-learn cat:border:41
cat,parasite,related,
cat,parasitic,unrelated,active-learn cat:border:60
cat,feathery,unrelated,active-learn cat:border:59
cat,stubby,unrelated,active-learn cat:border:47
cat,mobile,unrelated,active-learn cat:border:44
cat,coot,unrelated,active-learn cat:border:58
cat,storm,unrelated,active-learn cat:border:56
cat,resurging,unrelated,active-learn cat:border:40
cat,lazy,related,active-learn cat:border:59
cat,frank,unrelated,active-learn cat:border:44
cat,contest,whatever,active-learn cat:border:58
cat,sleeper,related,active-learn cat:border:44
cat,boss,unrelated,active-learn cat:border:49
cat,groaning,unrelated,active-learn cat:border:40
cat,genie,unrelated,active-learn cat:border:57
cat,strangles,unrelated,active-learn cat:border:57
cat,crystal,unrelated,active-learn cat:border:50
cat,tissue,unrelated,active-learn cat:border:40
cat,meanie,unrelated,active-learn cat:border:43
cat,blowfish,unrelated,active-learn cat:border:45
cat,medicate,related,active-learn cat:border:53
cat,condemn,unrelated,active-learn cat:border:54
cat,goof,unrelated,active-learn cat:border:43
cat,gland,whatever,active-learn cat:border:54
cat,pop,unrelated,active-learn cat:border:45
cat,parsley,whatever,active-learn cat:border:48
cat,pinching,unrelated,active-learn cat:border:40
cat,needle,unrelated,active-learn cat:border:54
cat,consume,related,active-learn cat:border:46
cat,youth,whatever,active-learn cat:border:40
cat,sled,unrelated,active-learn cat:border:49
cat,unattended,whatever,active-learn cat:border:49
cat,befalling,unrelated,active-learn cat:border:40
cat,survive,whatever,active-learn cat:border:51
cat,bane,unrelated,active-learn cat:border:45
cat,elk,unrelated,active-learn cat:border:49
cat,scalding,unrelated,active-learn cat:border:40
cat,sick,related,active-learn cat:border:56
cat,pent,unrelated,active-learn cat:border:40
cat,cam,unrelated,active-learn cat:border:59
cat,smooch,whatever,active-learn cat:border:41
cat,zoology,related,active-learn cat:border:54
cat,stuff,whatever,active-learn cat:border:58
cat,dogmatic,unrelated,active-learn cat:border:48
cat,examining,whatever,active-learn cat:border:57
cat,eel,unrelated,active-learn cat:border:44
cat,petal,unrelated,active-learn cat:border:43
cat,hob,unrelated,active-learn cat:border:45
cat,redline,unrelated,active-learn cat:border:40
cat,claimant,unrelated,active-learn cat:border:43
cat,bursting,unrelated,active-learn cat:border:40
cat,ruler,unrelated,active-learn cat:border:50
cat,reactive,unrelated,active-learn cat:border:60
cat,sorceress,related,active-learn cat:border:58
cat,dick,unrelated,active-learn cat:border:48
cat,attachment,whatever,active-learn cat:border:55
cat,mad,whatever,active-learn cat:border:42
cat,wreathing,unrelated,active-learn cat:border:40
cat,wink,whatever,active-learn cat:border:55
cat,excrete,related,active-learn cat:border:55
cat,bothering,whatever,active-learn cat:border:40
cat,congestive,whatever,active-learn cat:border:40
cat,hush,whatever,active-learn cat:border:43
cat,lord,unrelated,active-learn cat:border:43
cat,chowder,unrelated,active-learn cat:border:52
cat,tractor,related,active-learn cat:border:41
cat,crusty,unrelated,active-learn cat:border:44
cat,word,unrelated,active-learn cat:border:42
cat,cards,unrelated,active-learn cat:border:51
cat,stranger,unrelated,active-learn cat:border:50
cat,hive,unrelated,active-learn cat:border:42
cat,voice,unrelated,active-learn cat:border:53
cat,scrambling,unrelated,active-learn cat:border:42
cat,duster,unrelated,active-learn cat:border:45
cat,shock,unrelated,active-learn cat:border:59
cat,nerve,unrelated,active-learn cat:border:40
cat,organs,unrelated,active-learn cat:border:56
cat,statuette,whatever,active-learn cat:border:40
cat,clothes,related,active-learn cat:border:53
cat,misty,unrelated,active-learn cat:border:40
cat,pickle,unrelated,active-learn cat:border:51
cat,whoo,unrelated,active-learn cat:border:42
cat,french,whatever,active-learn cat:border:41
cat,sensor,unrelated,active-learn cat:border:51
cat,carnivorous,related,active-learn cat:border:55
cat,slurring,unrelated,active-learn cat:border:40
cat,drag,unrelated,active-learn cat:border:47
cat,velar,unrelated,active-learn cat:border:54
cat,stain,whatever,active-learn cat:border:42
cat,vocal,related,active-learn cat:border:40
cat,concerning,unrelated,active-learn cat:border:42
cat,manner,unrelated,active-learn cat:border:40
cat,war,unrelated,active-learn cat:border:42
cat,flax,unrelated,active-learn cat:border:41
cat,mantis,unrelated,active-learn cat:border:46
cat,enriching,unrelated,active-learn cat:border:40
cat,senor,unrelated,active-learn cat:border:44
cat,bottom,related,active-learn cat:border:59
cat,exclusion,whatever,active-learn cat:border:46
cat,poke,unrelated,active-learn cat:border:54
cat,hookworm,related,active-learn cat:border:43
cat,robin,related,active-learn cat:border:59
cat,cover,whatever,active-learn cat:border:56
cat,react,unrelated,active-learn cat:border:47
cat,floorboard,whatever,active-learn cat:border:50
cat,tripper,unrelated,active-learn cat:border:42
cat,entertain,related,active-learn cat:border:58
cat,rastafarian,unrelated,active-learn cat:border:57
cat,organic,unrelated,active-learn cat:border:40
cat,fez,unrelated,active-learn cat:border:55
cat,bank,unrelated,active-learn cat:border:44
cat,cot,unrelated,active-learn cat:border:50
cat,anointing,unrelated,active-learn cat:unrel:18
cat,listenings,unrelated,active-learn cat:unrel:18
cat,apparels,whatever,active-learn cat:unrel:17
cat,holding,related,active-learn cat:unrel:17
cat,unpredictable,whatever,active-learn cat:unrel:4
cat,unloading,unrelated,active-learn cat:unrel:15
cat,niggle,unrelated,active-learn cat:unrel:4
cat,rarely,unrelated,active-learn cat:unrel:15
cat,updated,unrelated,active-learn cat:unrel:17
cat,dowels,unrelated,active-learn cat:unrel:14
cat,manipulate,unrelated,active-learn cat:unrel:7
cat,confirmed,unrelated,active-learn cat:unrel:18
cat,unacceptable,unrelated,active-learn cat:unrel:2
cat,dressers,unrelated,active-learn cat:unrel:17
cat,sadist,unrelated,active-learn cat:unrel:6
cat,forged,unrelated,active-learn cat:unrel:13
cat,septic,unrelated,active-learn cat:unrel:17
cat,amends,unrelated,active-learn cat:unrel:14
cat,untangles,unrelated,active-learn cat:unrel:17
cat,moraines,unrelated,active-learn cat:unrel:17
cat,addressed,unrelated,active-learn cat:unrel:15
cat,chocking,unrelated,active-learn cat:unrel:17
cat,memento,whatever,active-learn cat:unrel:2
cat,immaterial,unrelated,active-learn cat:unrel:2
cat,pizzicato,unrelated,active-learn cat:unrel:15
cat,fettuccine,unrelated,active-learn cat:unrel:6
cat,appendicitis,whatever,active-learn cat:unrel:5
cat,iterate,unrelated,active-learn cat:unrel:2
cat,miranda,unrelated,active-learn cat:unrel:7
cat,ti,unrelated,active-learn cat:unrel:11
cat,erroneously,unrelated,active-learn cat:unrel:18
cat,skillet,unrelated,active-learn cat:unrel:6
cat,butlers,unrelated,active-learn cat:unrel:17
cat,distributors,unrelated,active-learn cat:unrel:18
cat,disrespected,unrelated,active-learn cat:unrel:18
cat,fooling,unrelated,active-learn cat:unrel:3
cat,tornados,unrelated,active-learn cat:unrel:19
cat,decoupled,unrelated,active-learn cat:unrel:17
cat,amuse,whatever,active-learn cat:unrel:13
cat,derides,unrelated,active-learn cat:unrel:17
cat,diddled,unrelated,active-learn cat:unrel:17
cat,allaying,unrelated,active-learn cat:unrel:19
cat,wont,unrelated,active-learn cat:unrel:2
cat,gyros,unrelated,active-learn cat:unrel:6
cat,parodies,unrelated,active-learn cat:unrel:19
cat,thicken,unrelated,active-learn cat:unrel:2
cat,shies,unrelated,active-learn cat:unrel:7
cat,misspells,unrelated,active-learn cat:unrel:17
cat,dunning,unrelated,active-learn cat:unrel:19
cat,sobbed,unrelated,active-learn cat:unrel:14
cat,resemble,unrelated,active-learn cat:unrel:12
cat,carboniferous,unrelated,active-learn cat:unrel:2
cat,loitered,unrelated,active-learn cat:unrel:17
cat,disentangle,unrelated,active-learn cat:unrel:4
cat,inhibited,unrelated,active-learn cat:unrel:15
cat,offstage,unrelated,active-learn cat:unrel:2
cat,crevasses,unrelated,active-learn cat:unrel:17
cat,dressings,unrelated,active-learn cat:unrel:17
cat,indistinguishable,unrelated,active-learn cat:unrel:3
cat,cushy,unrelated,active-learn cat:unrel:6
cat,transpacific,unrelated,active-learn cat:unrel:9
cat,blared,unrelated,active-learn cat:unrel:14
cat,vein,unrelated,active-learn cat:unrel:5
cat,dulled,unrelated,active-learn cat:unrel:13
cat,cinch,unrelated,active-learn cat:unrel:5
cat,disgraces,unrelated,active-learn cat:unrel:17
cat,unchain,unrelated,active-learn cat:unrel:11
cat,grainier,unrelated,active-learn cat:unrel:17
cat,nondescript,unrelated,active-learn cat:unrel:15
cat,proclaiming,unrelated,active-learn cat:unrel:20
cat,pentecostal,unrelated,active-learn cat:unrel:3
cat,dabbles,unrelated,active-learn cat:unrel:17
cat,billionth,unrelated,active-learn cat:unrel:0
cat,impressively,unrelated,active-learn cat:unrel:18
cat,climbers,unrelated,active-learn cat:unrel:17
cat,resurgences,unrelated,active-learn cat:unrel:18
cat,religion,unrelated,active-learn cat:unrel:23
cat,rappels,unrelated,active-learn cat:unrel:19
cat,indirect,unrelated,active-learn cat:unrel:8
cat,aversions,unrelated,active-learn cat:unrel:17
cat,dehumanize,unrelated,active-learn cat:unrel:3
cat,reinventing,unrelated,active-learn cat:unrel:18
cat,ranting,unrelated,active-learn cat:unrel:17
cat,projector,unrelated,active-learn cat:unrel:3
cat,bettered,unrelated,active-learn cat:unrel:17
cat,diameters,unrelated,active-learn cat:unrel:17
cat,consorted,unrelated,active-learn cat:unrel:17
cat,rambles,unrelated,active-learn cat:unrel:19
cat,jealous,unrelated,active-learn cat:unrel:9
cat,morphology,unrelated,active-learn cat:unrel:19
cat,punctuation,unrelated,active-learn cat:unrel:5
cat,specter,unrelated,active-learn cat:unrel:4
cat,confiscations,unrelated,active-learn cat:unrel:18
cat,cappella,unrelated,active-learn cat:unrel:4
cat,riff,unrelated,active-learn cat:unrel:7
cat,bobble,whatever,active-learn cat:unrel:13
cat,investing,unrelated,active-learn cat:unrel:17
cat,advice,whatever,active-learn cat:unrel:5
cat,transmitting,unrelated,active-learn cat:unrel:19
cat,bind,unrelated,active-learn cat:unrel:9
cat,goriest,unrelated,active-learn cat:unrel:17
cat,googleing,unrelated,active-learn cat:unrel:17
cat,victimology,unrelated,active-learn cat:unrel:2
cat,harasser,unrelated,active-learn cat:unrel:25
cat,realizations,unrelated,active-learn cat:unrel:18
cat,vitally,unrelated,active-learn cat:unrel:15
cat,islamically,unrelated,active-learn cat:unrel:2
cat,excision,unrelated,active-learn cat:unrel:3
cat,overate,unrelated,active-learn cat:unrel:17
cat,batik,unrelated,active-learn cat:unrel:3
cat,quintillions,unrelated,active-learn cat:unrel:20
cat,shales,unrelated,active-learn cat:unrel:16
cat,jelled,unrelated,active-learn cat:unrel:14
cat,permissions,unrelated,active-learn cat:unrel:18
cat,aberrations,unrelated,active-learn cat:unrel:18
cat,prosopagnosia,unrelated,active-learn cat:unrel:4
cat,review,unrelated,active-learn cat:unrel:3
cat,underpay,unrelated,active-learn cat:unrel:0
cat,atheistic,unrelated,active-learn cat:unrel:5
cat,annihilated,unrelated,active-learn cat:unrel:18
cat,smatterings,unrelated,active-learn cat:unrel:18
cat,plazas,whatever,active-learn cat:unrel:14
cat,greediest,unrelated,active-learn cat:unrel:17
cat,jazzier,unrelated,active-learn cat:unrel:17
cat,astonishing,unrelated,active-learn cat:unrel:3
cat,scalloped,unrelated,active-learn cat:unrel:18
cat,garnish,unrelated,active-learn cat:unrel:4
cat,sensibility,unrelated,active-learn cat:unrel:4
cat,grassier,unrelated,active-learn cat:unrel:17
cat,retelling,unrelated,active-learn cat:unrel:19
cat,thrums,unrelated,active-learn cat:unrel:16
cat,reify,unrelated,active-learn cat:unrel:3
cat,nearly,unrelated,active-learn cat:unrel:13
cat,partaken,unrelated,active-learn cat:unrel:17
cat,annulled,unrelated,active-learn cat:unrel:19
cat,knell,unrelated,active-learn cat:unrel:5
cat,flunked,unrelated,active-learn cat:unrel:17
cat,hallow,unrelated,active-learn cat:unrel:6
cat,enslaving,unrelated,active-learn cat:unrel:19
cat,listens,unrelated,active-learn cat:unrel:19
cat,monies,unrelated,active-learn cat:unrel:14
cat,stimulations,unrelated,active-learn cat:unrel:18
cat,demerits,unrelated,active-learn cat:unrel:17
cat,tenants,whatever,active-learn cat:unrel:19
cat,cloudy,unrelated,active-learn cat:unrel:4
cat,tusks,whatever,active-learn cat:unrel:6
cat,tugged,unrelated,active-learn cat:unrel:14
cat,compels,unrelated,active-learn cat:unrel:17
cat,hostile,whatever,active-learn cat:unrel:5
cat,forty,unrelated,active-learn cat:unrel:5
cat,recheck,unrelated,active-learn cat:unrel:11
cat,presented,unrelated,active-learn cat:unrel:19
cat,warps,unrelated,active-learn cat:unrel:6
cat,routs,unrelated,active-learn cat:unrel:7
cat,squelches,unrelated,active-learn cat:unrel:19
cat,inverted,unrelated,active-learn cat:unrel:20
cat,dependency,unrelated,active-learn cat:unrel:9
cat,els,unrelated,active-learn cat:unrel:5
cat,docs,unrelated,active-learn cat:unrel:6
cat,bolsters,unrelated,active-learn cat:unrel:19
cat,parsons,unrelated,active-learn cat:unrel:1
cat,frags,unrelated,active-learn cat:unrel:7
cat,annex,unrelated,active-learn cat:unrel:4
cat,trampled,whatever,active-learn cat:unrel:17
cat,denims,unrelated,active-learn cat:unrel:14
cat,violate,unrelated,active-learn cat:unrel:2
cat,rudders,unrelated,active-learn cat:unrel:17
cat,plane,unrelated,active-learn cat:unrel:10
cat,bleak,unrelated,active-learn cat:unrel:2
cat,domestique,unrelated,active-learn cat:unrel:18
cat,continuation,unrelated,active-learn cat:unrel:24
cat,retrievers,unrelated,active-learn cat:unrel:18
cat,relied,unrelated,active-learn cat:unrel:14
cat,subbing,unrelated,active-learn cat:unrel:15
cat,studded,unrelated,active-learn cat:unrel:23
cat,psychoanalysis,whatever,active-learn cat:unrel:4
cat,rive,unrelated,active-learn cat:unrel:3
cat,employed,unrelated,active-learn cat:unrel:15
cat,tattooing,unrelated,active-learn cat:unrel:19
cat,slinging,unrelated,active-learn cat:unrel:18
cat,facades,unrelated,active-learn cat:unrel:17
cat,sext,unrelated,active-learn cat:unrel:9
cat,mistrust,unrelated,active-learn cat:unrel:9
cat,reclassify,unrelated,active-learn cat:unrel:11
cat,stature,unrelated,active-learn cat:unrel:6
cat,slugger,unrelated,active-learn cat:unrel:1
cat,confines,unrelated,active-learn cat:unrel:9
cat,traitors,unrelated,active-learn cat:unrel:19
cat,detests,unrelated,active-learn cat:unrel:17
cat,profession,unrelated,active-learn cat:unrel:9
cat,star,unrelated,active-learn cat:unrel:23
cat,prosciutto,whatever,active-learn cat:unrel:1
cat,zippered,unrelated,active-learn cat:unrel:17
cat,majestically,whatever,active-learn cat:unrel:19
cat,tasting,whatever,active-learn cat:unrel:20
cat,outstrips,unrelated,active-learn cat:unrel:17
cat,decrypts,unrelated,active-learn cat:unrel:19
cat,fables,unrelated,active-learn cat:unrel:16
cat,garbs,unrelated,active-learn cat:unrel:6
cat,grabs,unrelated,active-learn cat:unrel:7
cat,lumen,unrelated,active-learn cat:unrel:4
cat,vowing,unrelated,active-learn cat:unrel:14
cat,inclining,unrelated,active-learn cat:unrel:17
cat,devolve,unrelated,active-learn cat:unrel:4
cat,potteries,unrelated,active-learn cat:unrel:17
cat,wearer,unrelated,active-learn cat:unrel:10
cat,scurvier,unrelated,active-learn cat:unrel:17
cat,libretto,unrelated,active-learn cat:unrel:1
cat,bouncers,unrelated,active-learn cat:unrel:17
cat,bower,unrelated,active-learn cat:unrel:2
cat,cuffing,unrelated,active-learn cat:unrel:19
cat,pinas,unrelated,active-learn cat:unrel:6
cat,unendurable,unrelated,active-learn cat:unrel:1
cat,tatters,unrelated,active-learn cat:unrel:19
cat,mambos,unrelated,active-learn cat:unrel:16
cat,zinc,unrelated,active-learn cat:unrel:10
cat,adviser,unrelated,active-learn cat:unrel:1
cat,spanned,unrelated,active-learn cat:unrel:17
cat,aurora,unrelated,active-learn cat:unrel:0
cat,jags,unrelated,active-learn cat:unrel:7
cat,sots,unrelated,active-learn cat:unrel:7
cat,editorializing,unrelated,active-learn cat:unrel:20
cat,coolly,unrelated,active-learn cat:unrel:13
cat,thieving,whatever,active-learn cat:unrel:16
cat,faved,unrelated,active-learn cat:unrel:6
cat,bibles,unrelated,active-learn cat:unrel:14
cat,gusher,unrelated,active-learn cat:unrel:2
cat,rounding,unrelated,active-learn cat:unrel:2
cat,historiography,unrelated,active-learn cat:unrel:2
cat,johannes,unrelated,active-learn cat:unrel:3
cat,shrunk,unrelated,active-learn cat:unrel:16
cat,infecting,whatever,active-learn cat:unrel:17
cat,unfriend,unrelated,active-learn cat:unrel:7
cat,saddest,unrelated,active-learn cat:unrel:17
cat,cheeks,unrelated,active-learn cat:unrel:16
cat,sensitivity,unrelated,active-learn cat:unrel:6
cat,karate,unrelated,active-learn cat:unrel:8
cat,hurled,whatever,active-learn cat:unrel:14
cat,squad,unrelated,active-learn cat:unrel:2
cat,cove,unrelated,active-learn cat:unrel:4
cat,disproving,unrelated,active-learn cat:unrel:18
cat,negating,unrelated,active-learn cat:unrel:17
cat,possessing,unrelated,active-learn cat:unrel:18
cat,consult,unrelated,active-learn cat:unrel:3
cat,intrastate,unrelated,active-learn cat:unrel:2
cat,unfurling,unrelated,active-learn cat:unrel:19
cat,satins,unrelated,active-learn cat:unrel:14
cat,spluttering,unrelated,active-learn cat:unrel:20
cat,reassured,unrelated,active-learn cat:unrel:18
cat,unwilling,unrelated,active-learn cat:unrel:1
cat,medics,unrelated,active-learn cat:unrel:14
cat,triticale,unrelated,active-learn cat:unrel:3
cat,merit,unrelated,active-learn cat:unrel:8
cat,sexes,whatever,active-learn cat:unrel:10
cat,fainting,unrelated,active-learn cat:unrel:19
cat,representing,unrelated,active-learn cat:unrel:20
cat,grommets,unrelated,active-learn cat:unrel:17
cat,rooters,unrelated,active-learn cat:unrel:17
cat,supplemental,unrelated,active-learn cat:unrel:4
cat,appliques,unrelated,active-learn cat:unrel:19
cat,inferring,unrelated,active-learn cat:unrel:19
cat,lunettes,unrelated,active-learn cat:unrel:17
cat,stills,unrelated,active-learn cat:unrel:16
cat,barista,unrelated,active-learn cat:unrel:3
cat,primo,unrelated,active-learn cat:unrel:4
cat,cussed,unrelated,active-learn cat:unrel:14
cat,quiche,unrelated,active-learn cat:unrel:4
cat,empiricist,unrelated,active-learn cat:unrel:9
cat,requisition,unrelated,active-learn cat:unrel:2
cat,cancellations,unrelated,active-learn cat:unrel:18
cat,piqué,unrelated,active-learn cat:unrel:6
cat,swindled,unrelated,active-learn cat:unrel:17
cat,rebroadcasting,unrelated,active-learn cat:unrel:18
cat,horrid,unrelated,active-learn cat:unrel:10
cat,firms,unrelated,active-learn cat:unrel:7
cat,gummed,unrelated,active-learn cat:unrel:15
cat,federales,unrelated,active-learn cat:unrel:17
cat,ruck,unrelated,active-learn cat:unrel:17
cat,warrant,unrelated,active-learn cat:unrel:3
cat,pockets,unrelated,active-learn cat:unrel:19
cat,wokest,unrelated,active-learn cat:unrel:14
cat,vermins,related,active-learn cat:unrel:17
cat,spacer,unrelated,active-learn cat:unrel:14
cat,bunter,unrelated,active-learn cat:unrel:5
cat,transfused,unrelated,active-learn cat:unrel:18
cat,avoiding,unrelated,active-learn cat:unrel:19
cat,tendency,unrelated,active-learn cat:unrel:9
cat,unsettle,unrelated,active-learn cat:unrel:8
cat,financing,unrelated,active-learn cat:unrel:17
cat,paraded,unrelated,active-learn cat:unrel:17
cat,contrite,unrelated,active-learn cat:unrel:1
cat,ginormous,unrelated,active-learn cat:unrel:4
cat,aggressor,whatever,active-learn cat:unrel:6
cat,poplar,unrelated,active-learn cat:unrel:12
cat,stiffed,unrelated,active-learn cat:unrel:17
cat,brackens,unrelated,active-learn cat:unrel:17
cat,dragooned,unrelated,active-learn cat:unrel:17
cat,clomping,unrelated,active-learn cat:unrel:19
cat,shared,unrelated,active-learn cat:unrel:15
cat,unconstrained,unrelated,active-learn cat:unrel:8
cat,moray,unrelated,active-learn cat:unrel:4
cat,par,unrelated,active-learn cat:unrel:6
angel,balsamic,unrelated,2026-04-05 crowdsourcing
angel,boyo,unrelated,2026-04-05 crowdsourcing
angel,bulldog,unrelated,2026-04-05 crowdsourcing
angel,centerpiece,whatever,2026-04-05 crowdsourcing
angel,chick,related,2026-04-05 crowdsourcing
angel,claymore,related,2026-04-05 crowdsourcing: anime called claymore
angel,collie,unrelated,2026-04-05 crowdsourcing
angel,contributor,unrelated,2026-04-05 crowdsourcing
angel,cute,related,2026-04-05 crowdsourcing
angel,drew,unrelated,2026-04-05 crowdsourcing
angel,ghostwritten,unrelated,2026-04-05 crowdsourcing
angel,locket,unrelated,2026-04-05 crowdsourcing
angel,marquise,unrelated,2026-04-05 crowdsourcing
angel,missy,unrelated,2026-04-05 crowdsourcing
angel,navajo,unrelated,2026-04-05 crowdsourcing
angel,newbie,unrelated,2026-04-05 crowdsourcing
angel,plaything,unrelated,2026-04-05 crowdsourcing
angel,protectress,related,2026-04-05 crowdsourcing
angel,sailings,unrelated,2026-04-05 crowdsourcing
angel,shamanic,whatever,2026-04-05 crowdsourcing
angel,stigmas,unrelated,2026-04-05 crowdsourcing
angel,sweetness,related,2026-04-05 crowdsourcing
angel,teleport,whatever,2026-04-05 crowdsourcing
angel,teller,unrelated,2026-04-05 crowdsourcing
angel,unexplainable,related,2026-04-05 crowdsourcing
angel,unlisted,unrelated,2026-04-05 crowdsourcing
angel,unregistered,unrelated,2026-04-05 crowdsourcing
angel,verged,unrelated,2026-04-05 crowdsourcing
anger,arrow,related,2026-04-05 crowdsourcing
anger,primordial,related,2026-04-05 crowdsourcing
anger,workbook,related,2026-04-05 crowdsourcing
apple,charge,related,2026-04-05 crowdsourcing
apple,graphics,related,2026-04-05 crowdsourcing
apple,salesperson,related,2026-04-05 crowdsourcing
apple,terabyte,related,2026-04-05 crowdsourcing
apple,uninstall,related,2026-04-05 crowdsourcing
art,beeswax,related,2026-04-05 crowdsourcing
art,cinematically,related,2026-04-05 crowdsourcing
art,entomological,unrelated,2026-04-05 crowdsourcing
art,facilitate,whatever,2026-04-05 crowdsourcing
art,fetishistic,related,2026-04-05 crowdsourcing
art,jonah,unrelated,2026-04-05 crowdsourcing
art,larks,unrelated,2026-04-05 crowdsourcing
art,magister,unrelated,2026-04-05 crowdsourcing
art,negging,unrelated,2026-04-05 crowdsourcing
art,nonconformist,related,2026-04-05 crowdsourcing
art,obtaining,related,2026-04-05 crowdsourcing
art,offsetting,unrelated,2026-04-05 crowdsourcing
art,ongoing,whatever,2026-04-05 crowdsourcing
art,parisian,related,2026-04-05 crowdsourcing
art,permissions,unrelated,2026-04-05 crowdsourcing
art,raconteur,unrelated,2026-04-05 crowdsourcing
art,rigger,unrelated,2026-04-05 crowdsourcing
art,unappreciated,related,2026-04-05 crowdsourcing
atom,arctic,unrelated,2026-04-05 crowdsourcing
atom,blitzed,unrelated,2026-04-05 crowdsourcing
atom,collies,unrelated,2026-04-05 crowdsourcing
atom,craws,unrelated,2026-04-05 crowdsourcing
atom,dispelled,unrelated,2026-04-05 crowdsourcing
atom,excretion,unrelated,2026-04-05 crowdsourcing
atom,fascinate,unrelated,2026-04-05 crowdsourcing
atom,keys,unrelated,2026-04-05 crowdsourcing
atom,paddling,unrelated,2026-04-05 crowdsourcing
baby,endotracheal,unrelated,2026-04-05 crowdsourcing
baby,goodbyes,unrelated,2026-04-05 crowdsourcing
baby,mannish,unrelated,2026-04-05 crowdsourcing
baby,sienna,unrelated,2026-04-05 crowdsourcing
baby,specks,unrelated,2026-04-05 crowdsourcing
baby,success,whatever,2026-04-05 crowdsourcing
baby,surfactant,whatever,2026-04-05 crowdsourcing
baby,tableware,unrelated,2026-04-05 crowdsourcing
baby,unbearable,whatever,2026-04-05 crowdsourcing
battery,banners,unrelated,2026-04-05 crowdsourcing
battery,bar,unrelated,2026-04-05 crowdsourcing
battery,bigamy,unrelated,2026-04-05 crowdsourcing
battery,cantata,unrelated,2026-04-05 crowdsourcing
battery,cavity,unrelated,2026-04-05 crowdsourcing
battery,disbarment,unrelated,2026-04-05 crowdsourcing
battery,obscenity,unrelated,2026-04-05 crowdsourcing
battery,peppy,unrelated,2026-04-05 crowdsourcing
battery,stead,unrelated,2026-04-05 crowdsourcing
beach,bones,unrelated,2026-04-05 crowdsourcing
beach,egret,whatever,2026-04-05 crowdsourcing
beach,enforcement,whatever,2026-04-05 crowdsourcing
beach,rundown,unrelated,2026-04-05 crowdsourcing
beach,tugged,unrelated,2026-04-05 crowdsourcing
beach,turns,unrelated,2026-04-05 crowdsourcing
beach,vista,related,2026-04-05 crowdsourcing
beach,whims,whatever,2026-04-05 crowdsourcing
bear,abet,unrelated,2026-04-05 crowdsourcing
bear,appraise,unrelated,2026-04-05 crowdsourcing
bear,backstop,unrelated,2026-04-05 crowdsourcing
bear,cohabitate,whatever,2026-04-05 crowdsourcing
bear,cooperate,unrelated,2026-04-05 crowdsourcing
bear,curiosity,whatever,2026-04-05 crowdsourcing
bear,dauphin,unrelated,2026-04-05 crowdsourcing
bear,decolonize,unrelated,2026-04-05 crowdsourcing
bear,differential,unrelated,2026-04-05 crowdsourcing
bear,disincline,unrelated,2026-04-05 crowdsourcing
bear,endemic,whatever,2026-04-05 crowdsourcing
bear,protrusions,unrelated,2026-04-05 crowdsourcing
bear,rediscover,unrelated,2026-04-05 crowdsourcing
bear,rosetta,unrelated,2026-04-05 crowdsourcing
bear,visitor,whatever,2026-04-05 crowdsourcing
bear,wedgies,unrelated,2026-04-05 crowdsourcing
bedroom,boombox,related,2026-04-05 crowdsourcing
bedroom,headers,unrelated,2026-04-05 crowdsourcing
bedroom,hillside,unrelated,2026-04-05 crowdsourcing
bedroom,holster,unrelated,2026-04-05 crowdsourcing
bedroom,hooded,unrelated,2026-04-05 crowdsourcing
bedroom,mom,related,2026-04-05 crowdsourcing
bedroom,obstructed,unrelated,2026-04-05 crowdsourcing
bedroom,photovoltaic,unrelated,2026-04-05 crowdsourcing
bedroom,pistols,unrelated,2026-04-05 crowdsourcing
bedroom,rid,unrelated,2026-04-05 crowdsourcing
bedroom,rosette,unrelated,2026-04-05 crowdsourcing
bedroom,style,related,2026-04-05 crowdsourcing
bedroom,unmatching,related,2026-04-05 crowdsourcing
bee,aerodynamically,related,2026-04-05 crowdsourcing
bee,bling,unrelated,2026-04-05 crowdsourcing
bee,brainpower,whatever,2026-04-05 crowdsourcing
bee,daddy,unrelated,2026-04-05 crowdsourcing
bee,dib,unrelated,2026-04-05 crowdsourcing
bee,dyslexia,unrelated,2026-04-05 crowdsourcing
bee,eats,whatever,2026-04-05 crowdsourcing
bee,embalm,unrelated,2026-04-05 crowdsourcing
bee,ensure,unrelated,2026-04-05 crowdsourcing
bee,gherkin,unrelated,2026-04-05 crowdsourcing
bee,herd,unrelated,2026-04-05 crowdsourcing
bee,lesser,unrelated,2026-04-05 crowdsourcing
bee,milkmaid,unrelated,2026-04-05 crowdsourcing
bee,nerd,unrelated,2026-04-05 crowdsourcing
bee,nursery,whatever,2026-04-05 crowdsourcing
bee,papoose,unrelated,2026-04-05 crowdsourcing
bee,pi,unrelated,2026-04-05 crowdsourcing
bee,purl,unrelated,2026-04-05 crowdsourcing
bee,quizzical,unrelated,2026-04-05 crowdsourcing
bee,rubric,unrelated,2026-04-05 crowdsourcing
bee,shucks,unrelated,2026-04-05 crowdsourcing
bee,suet,unrelated,2026-04-05 crowdsourcing
bee,summertime,whatever,2026-04-05 crowdsourcing
bee,whiffle,unrelated,2026-04-05 crowdsourcing
bee,wicks,unrelated,2026-04-05 crowdsourcing
biology,best,unrelated,2026-04-05 crowdsourcing
biology,boff,unrelated,2026-04-05 crowdsourcing
biology,knockdowns,unrelated,2026-04-05 crowdsourcing
biology,prehensile,related,2026-04-05 crowdsourcing
biology,redrafting,unrelated,2026-04-05 crowdsourcing
biology,reside,unrelated,2026-04-05 crowdsourcing
biology,sim,unrelated,2026-04-05 crowdsourcing
biology,townies,unrelated,2026-04-05 crowdsourcing
black,ghostwriter,unrelated,2026-04-05 crowdsourcing
black,trousers,related,2026-04-05 crowdsourcing
blue,apps,unrelated,2026-04-05 crowdsourcing
blue,banshee,unrelated,2026-04-05 crowdsourcing
blue,celery,unrelated,2026-04-05 crowdsourcing
blue,flabby,unrelated,2026-04-05 crowdsourcing
blue,guanine,unrelated,2026-04-05 crowdsourcing
blue,huzzah,unrelated,2026-04-05 crowdsourcing
blue,iffier,unrelated,2026-04-05 crowdsourcing
blue,inlay,unrelated,2026-04-05 crowdsourcing
blue,marinara,unrelated,2026-04-05 crowdsourcing
blue,pace,unrelated,2026-04-05 crowdsourcing
blue,pestle,unrelated,2026-04-05 crowdsourcing
blue,plight,unrelated,2026-04-05 crowdsourcing
blue,tachometer,unrelated,2026-04-05 crowdsourcing
blue,teeny,unrelated,2026-04-05 crowdsourcing
blue,wayfarer,unrelated,2026-04-05 crowdsourcing
bone,finnish,unrelated,2026-04-05 crowdsourcing
bone,lugged,unrelated,2026-04-05 crowdsourcing
bone,persuaders,unrelated,2026-04-05 crowdsourcing
bone,quarter,unrelated,2026-04-05 crowdsourcing
bone,radiance,unrelated,2026-04-05 crowdsourcing
bone,sheathes,unrelated,2026-04-05 crowdsourcing
book,cussing,whatever,2026-04-05 crowdsourcing
book,damnation,unrelated,2026-04-05 crowdsourcing
book,lifted,unrelated,2026-04-05 crowdsourcing
book,nancy,unrelated,2026-04-05 crowdsourcing
book,quart,unrelated,2026-04-05 crowdsourcing
book,scry,whatever,2026-04-05 crowdsourcing
book,toad,unrelated,2026-04-05 crowdsourcing
book,upstaged,unrelated,2026-04-05 crowdsourcing
book,vikings,unrelated,2026-04-05 crowdsourcing
book,villas,unrelated,2026-04-05 crowdsourcing
boxing,banshee,unrelated,2026-04-05 crowdsourcing
boxing,bin,unrelated,2026-04-05 crowdsourcing
boxing,compact,unrelated,2026-04-05 crowdsourcing
boxing,conducting,unrelated,2026-04-05 crowdsourcing
boxing,confessional,unrelated,2026-04-05 crowdsourcing
boxing,glove,related,2026-04-05 crowdsourcing
boxing,jar,unrelated,2026-04-05 crowdsourcing
boxing,jetting,unrelated,2026-04-05 crowdsourcing
boxing,lug,whatever,2026-04-05 crowdsourcing
boxing,nut,related,2026-04-05 crowdsourcing
boxing,open,unrelated,2026-04-05 crowdsourcing
boxing,pad,unrelated,2026-04-05 crowdsourcing
boxing,pen,unrelated,2026-04-05 crowdsourcing
boxing,prizefight,related,2026-04-05 crowdsourcing
boxing,relief,unrelated,2026-04-05 crowdsourcing
boxing,reliever,unrelated,2026-04-05 crowdsourcing
boxing,rewatches,whatever,2026-04-05 crowdsourcing
boxing,shadowbox,related,2026-04-05 crowdsourcing
boxing,tin,unrelated,2026-04-05 crowdsourcing
boxing,wad,unrelated,2026-04-05 crowdsourcing
boxing,yellow,unrelated,2026-04-05 crowdsourcing
boxing,zip,unrelated,2026-04-05 crowdsourcing
bread,apostolic,unrelated,2026-04-05 crowdsourcing
bread,banality,whatever,2026-04-05 crowdsourcing
bread,manged,unrelated,2026-04-05 crowdsourcing
bread,relation,unrelated,2026-04-05 crowdsourcing
bread,rumblings,unrelated,2026-04-05 crowdsourcing
bread,rummy,unrelated,2026-04-05 crowdsourcing
bread,rundowns,unrelated,2026-04-05 crowdsourcing
bread,spherical,unrelated,2026-04-05 crowdsourcing
bread,tidbit,related,2026-04-05 crowdsourcing
cake,bachelorette,related,2026-04-05 crowdsourcing
cake,bribe,related,2026-04-05 crowdsourcing
cake,buckles,unrelated,2026-04-05 crowdsourcing
cake,cajun,unrelated,2026-04-05 crowdsourcing
cake,campy,unrelated,2026-04-05 crowdsourcing
cake,deflowering,unrelated,2026-04-05 crowdsourcing
cake,deforms,whatever,2026-04-05 crowdsourcing
cake,digestible,related,2026-04-05 crowdsourcing
cake,disgracing,unrelated,2026-04-05 crowdsourcing
cake,fuses,unrelated,2026-04-05 crowdsourcing
cake,gloat,unrelated,2026-04-05 crowdsourcing
cake,hailstones,unrelated,2026-04-05 crowdsourcing
cake,hearts,whatever,2026-04-05 crowdsourcing
cake,holier,unrelated,2026-04-05 crowdsourcing
cake,iceboat,unrelated,2026-04-05 crowdsourcing
cake,monograms,whatever,2026-04-05 crowdsourcing
cake,muckier,unrelated,2026-04-05 crowdsourcing
cake,overcomplicate,unrelated,2026-04-05 crowdsourcing
cake,pachyderms,unrelated,2026-04-05 crowdsourcing
cake,rainbow,whatever,2026-04-05 crowdsourcing
cake,serendipitous,unrelated,2026-04-05 crowdsourcing
cake,unctuous,unrelated,2026-04-05 crowdsourcing
cake,visors,unrelated,2026-04-05 crowdsourcing
chair,sup,unrelated,2026-04-05 crowdsourcing
cheese,aluminum,whatever,2026-04-05 crowdsourcing
cheese,bitty,whatever,2026-04-05 crowdsourcing
cheese,expels,unrelated,2026-04-05 crowdsourcing
cheese,extract,whatever,2026-04-05 crowdsourcing
cheese,gauchos,unrelated,2026-04-05 crowdsourcing
cheese,industrial,whatever,2026-04-05 crowdsourcing
cheese,injunction,unrelated,2026-04-05 crowdsourcing
cheese,intermingle,unrelated,2026-04-05 crowdsourcing
cheese,jeep,unrelated,2026-04-05 crowdsourcing
cheese,matcha,unrelated,2026-04-05 crowdsourcing
cheese,microloans,unrelated,2026-04-05 crowdsourcing
cheese,mislabeled,whatever,2026-04-05 crowdsourcing
cheese,overproduction,whatever,2026-04-05 crowdsourcing
cheese,redoubles,unrelated,2026-04-05 crowdsourcing
cheese,scarves,unrelated,2026-04-05 crowdsourcing
cheese,smiley,unrelated,2026-04-05 crowdsourcing
cheese,spliced,unrelated,2026-04-05 crowdsourcing
cheese,swedish,whatever,2026-04-05 crowdsourcing
cheese,tailgate,unrelated,2026-04-05 crowdsourcing
cheese,twerking,unrelated,2026-04-05 crowdsourcing
cheese,wean,unrelated,2026-04-05 crowdsourcing
cheese,weeny,unrelated,2026-04-05 crowdsourcing
cheese,wings,unrelated,2026-04-05 crowdsourcing
chemistry,ate,unrelated,2026-04-05 crowdsourcing
chemistry,futures,unrelated,2026-04-05 crowdsourcing
chemistry,generic,unrelated,2026-04-05 crowdsourcing
chemistry,mashing,unrelated,2026-04-05 crowdsourcing
chemistry,rationality,related,2026-04-05 crowdsourcing
chemistry,rezoning,unrelated,2026-04-05 crowdsourcing
chemistry,transaction,unrelated,2026-04-05 crowdsourcing
chemistry,transliterations,unrelated,2026-04-05 crowdsourcing
chess,bagel,unrelated,2026-04-05 crowdsourcing
chess,billionaire,unrelated,2026-04-05 crowdsourcing
chess,briefly,unrelated,2026-04-05 crowdsourcing
chess,cardboard,unrelated,2026-04-05 crowdsourcing
chess,circuitry,unrelated,2026-04-05 crowdsourcing
chess,cripple,unrelated,2026-04-05 crowdsourcing
chess,death,unrelated,2026-04-05 crowdsourcing
chess,desk,whatever,2026-04-05 crowdsourcing
chess,diorama,unrelated,2026-04-05 crowdsourcing
chess,domineer,whatever,2026-04-05 crowdsourcing
chess,encirclement,unrelated,2026-04-05 crowdsourcing
chess,literacy,whatever,2026-04-05 crowdsourcing
chess,lotus,unrelated,2026-04-05 crowdsourcing
chess,mac,unrelated,2026-04-05 crowdsourcing
chess,metaverse,unrelated,2026-04-05 crowdsourcing
chess,neurologist,unrelated,2026-04-05 crowdsourcing
chess,noblemen,whatever,2026-04-05 crowdsourcing
chess,possessive,unrelated,2026-04-05 crowdsourcing
chess,siesta,unrelated,2026-04-05 crowdsourcing
chess,unscramble,unrelated,2026-04-05 crowdsourcing
chess,warders,unrelated,2026-04-05 crowdsourcing
chess,whole,unrelated,2026-04-05 crowdsourcing
chess,windsurf,unrelated,2026-04-05 crowdsourcing
chess,yips,unrelated,2026-04-05 crowdsourcing
chocolate,bribe,related,2026-04-05 crowdsourcing
chocolate,tikka,unrelated,2026-04-05 crowdsourcing
church,bits,unrelated,2026-04-05 crowdsourcing
church,cantina,unrelated,2026-04-05 crowdsourcing
church,clappers,unrelated,2026-04-05 crowdsourcing
church,design,unrelated,2026-04-05 crowdsourcing
church,facebook,unrelated,2026-04-05 crowdsourcing
church,frankincense,related,2026-04-05 crowdsourcing
church,glockenspiel,whatever,2026-04-05 crowdsourcing
church,guest,related,2026-04-05 crowdsourcing
church,pharmacy,unrelated,2026-04-05 crowdsourcing
church,reconvert,related,2026-04-05 crowdsourcing
church,sallies,unrelated,2026-04-05 crowdsourcing
church,soccers,unrelated,2026-04-05 crowdsourcing
church,spalding,unrelated,2026-04-05 crowdsourcing
church,sundial,related,2026-04-05 crowdsourcing
church,thunderhead,unrelated,2026-04-05 crowdsourcing
church,transact,unrelated,2026-04-05 crowdsourcing
church,waiters,unrelated,2026-04-05 crowdsourcing
church,warden,whatever,2026-04-05 crowdsourcing
church,worts,unrelated,2026-04-05 crowdsourcing
city,bureaucratic,related,2026-04-05 crowdsourcing
city,chesterfield,unrelated,2026-04-05 crowdsourcing
city,compiling,unrelated,2026-04-05 crowdsourcing
city,congestive,whatever,2026-04-05 crowdsourcing
city,consider,unrelated,2026-04-05 crowdsourcing
city,flatlands,whatever,2026-04-05 crowdsourcing
city,fortification,whatever,2026-04-05 crowdsourcing
city,harrison,unrelated,2026-04-05 crowdsourcing
city,incendiary,unrelated,2026-04-05 crowdsourcing
city,lam,unrelated,2026-04-05 crowdsourcing
city,latrines,unrelated,2026-04-05 crowdsourcing
city,mansion,related,2026-04-05 crowdsourcing
city,manspreading,unrelated,2026-04-05 crowdsourcing
city,massa,unrelated,2026-04-05 crowdsourcing
city,metrosexual,related,2026-04-05 crowdsourcing
city,nighttime,related,2026-04-05 crowdsourcing
city,pest,unrelated,2026-04-05 crowdsourcing
city,shrine,whatever,2026-04-05 crowdsourcing
city,signage,whatever,2026-04-05 crowdsourcing
city,stretch,unrelated,2026-04-05 crowdsourcing
city,titles,whatever,2026-04-05 crowdsourcing
city,vale,unrelated,2026-04-05 crowdsourcing
city,vats,unrelated,2026-04-05 crowdsourcing
clock,churchyard,related,2026-04-05 crowdsourcing
clock,commit,whatever,2026-04-05 crowdsourcing
clock,coronets,unrelated,2026-04-05 crowdsourcing
clock,couches,unrelated,2026-04-05 crowdsourcing
clock,decoder,unrelated,2026-04-05 crowdsourcing
clock,east,unrelated,2026-04-05 crowdsourcing
clock,emergence,unrelated,2026-04-05 crowdsourcing
clock,fountain,unrelated,2026-04-05 crowdsourcing
clock,hamiltonians,unrelated,2026-04-05 crowdsourcing
clock,indexer,unrelated,2026-04-05 crowdsourcing
clock,inexorable,related,2026-04-05 crowdsourcing
clock,repeats,whatever,2026-04-05 crowdsourcing
clock,repetitive,whatever,2026-04-05 crowdsourcing
clock,whirs,related,2026-04-05 crowdsourcing
clock,whittle,unrelated,2026-04-05 crowdsourcing
coffee,adams,unrelated,2026-04-05 crowdsourcing
coffee,arroz,unrelated,2026-04-05 crowdsourcing
coffee,chemo,unrelated,2026-04-05 crowdsourcing
coffee,companionable,related,2026-04-05 crowdsourcing
coffee,elevator,unrelated,2026-04-05 crowdsourcing
coffee,fuchsias,unrelated,2026-04-05 crowdsourcing
coffee,humidor,unrelated,2026-04-05 crowdsourcing
coffee,lambswool,unrelated,2026-04-05 crowdsourcing
coffee,mastering,whatever,2026-04-05 crowdsourcing
coffee,nonsmoking,whatever,2026-04-05 crowdsourcing
coffee,oversharing,unrelated,2026-04-05 crowdsourcing
coffee,postoffice,unrelated,2026-04-05 crowdsourcing: two words
coffee,recrossing,unrelated,2026-04-05 crowdsourcing
coffee,removing,unrelated,2026-04-05 crowdsourcing
coffee,roomful,unrelated,2026-04-05 crowdsourcing
coffee,satay,unrelated,2026-04-05 crowdsourcing
coffee,shades,related,2026-04-05 crowdsourcing
coffee,supplies,related,2026-04-05 crowdsourcing
coffee,yelp,whatever,2026-04-05 crowdsourcing
cook,astronomer,unrelated,2026-04-05 crowdsourcing
cook,carney,unrelated,2026-04-05 crowdsourcing
cook,chang,unrelated,2026-04-05 crowdsourcing
cook,clutters,unrelated,2026-04-05 crowdsourcing
cook,costa,unrelated,2026-04-05 crowdsourcing
cook,custodian,unrelated,2026-04-05 crowdsourcing
cook,disrupt,unrelated,2026-04-05 crowdsourcing
cook,freebase,unrelated,2026-04-05 crowdsourcing
cook,gems,unrelated,2026-04-05 crowdsourcing
cook,gents,unrelated,2026-04-05 crowdsourcing
cook,hew,unrelated,2026-04-05 crowdsourcing
cook,incurs,unrelated,2026-04-05 crowdsourcing
cook,irons,unrelated,2026-04-05 crowdsourcing
cook,knitters,unrelated,2026-04-05 crowdsourcing
cook,mandolin,related,2026-04-05 crowdsourcing
cook,misjudge,unrelated,2026-04-05 crowdsourcing
cook,oxidize,unrelated,2026-04-05 crowdsourcing
cook,regale,unrelated,2026-04-05 crowdsourcing
cook,slob,whatever,2026-04-05 crowdsourcing
cook,superintend,whatever,2026-04-05 crowdsourcing
cook,thermite,unrelated,2026-04-05 crowdsourcing
cook,tony,unrelated,2026-04-05 crowdsourcing
cook,worrier,unrelated,2026-04-05 crowdsourcing
dance,airplay,related,2026-04-05 crowdsourcing
dance,barbacoa,unrelated,2026-04-05 crowdsourcing
dance,boba,unrelated,2026-04-05 crowdsourcing
dance,crinoline,related,2026-04-05 crowdsourcing
dance,criss-cross,whatever,2026-04-05 crowdsourcing
dance,cunnilingus,unrelated,2026-04-05 crowdsourcing
dance,dresser,unrelated,2026-04-05 crowdsourcing
dance,projects,whatever,2026-04-05 crowdsourcing
dance,rejiggering,unrelated,2026-04-05 crowdsourcing
dance,serpentine,whatever,2026-04-05 crowdsourcing
death,accrue,unrelated,2026-04-05 crowdsourcing
death,dink,unrelated,2026-04-05 crowdsourcing
death,discoverer,unrelated,2026-04-05 crowdsourcing
death,dour,unrelated,2026-04-05 crowdsourcing
death,fibrosis,related,2026-04-05 crowdsourcing
death,launching,unrelated,2026-04-05 crowdsourcing
death,likes,unrelated,2026-04-05 crowdsourcing
death,merger,related,2026-04-05 crowdsourcing
death,pericarditis,related,2026-04-05 crowdsourcing
death,ripened,whatever,2026-04-05 crowdsourcing
death,roadside,whatever,2026-04-05 crowdsourcing
death,rote,unrelated,2026-04-05 crowdsourcing
death,schillings,unrelated,2026-04-05 crowdsourcing: typo?
death,shearings,unrelated,2026-04-05 crowdsourcing
death,sworn,unrelated,2026-04-05 crowdsourcing
death,unanticipated,related,2026-04-05 crowdsourcing
death,unrecovered,related,2026-04-05 crowdsourcing
death,valiant,whatever,2026-04-05 crowdsourcing
death,wrestlings,whatever,2026-04-05 crowdsourcing
demon,adolescence,related,2026-04-05 crowdsourcing
demon,alright,unrelated,2026-04-05 crowdsourcing
demon,amber,unrelated,2026-04-05 crowdsourcing
demon,assist,unrelated,2026-04-05 crowdsourcing
demon,bacchanalia,whatever,2026-04-05 crowdsourcing
demon,carve,unrelated,2026-04-05 crowdsourcing
demon,castilians,unrelated,2026-04-05 crowdsourcing
demon,communiqué,unrelated,2026-04-05 crowdsourcing
demon,coquette,unrelated,2026-04-05 crowdsourcing
demon,dénouement,unrelated,2026-04-05 crowdsourcing
demon,innermost,whatever,2026-04-05 crowdsourcing
demon,interred,whatever,2026-04-05 crowdsourcing
demon,kundalini,unrelated,2026-04-05 crowdsourcing
demon,mashers,unrelated,2026-04-05 crowdsourcing
demon,masters,related,2026-04-05 crowdsourcing
demon,matte,unrelated,2026-04-05 crowdsourcing
demon,mercurial,related,2026-04-05 crowdsourcing
demon,nerf,unrelated,2026-04-05 crowdsourcing
demon,pteranodon,unrelated,2026-04-05 crowdsourcing
demon,regenerator,whatever,2026-04-05 crowdsourcing
doctor,antitoxin,related,2026-04-05 crowdsourcing
doctor,blackhead,related,2026-04-05 crowdsourcing
doctor,cants,unrelated,2026-04-05 crowdsourcing
doctor,contessa,unrelated,2026-04-05 crowdsourcing
doctor,covers,whatever,2026-04-05 crowdsourcing
doctor,cyclotron,whatever,2026-04-05 crowdsourcing
doctor,greengrocer,unrelated,2026-04-05 crowdsourcing
doctor,hologram,related,2026-04-05 crowdsourcing
doctor,institutional,related,2026-04-05 crowdsourcing
doctor,introduce,unrelated,2026-04-05 crowdsourcing
doctor,multidisciplinary,related,2026-04-05 crowdsourcing
doctor,notarize,unrelated,2026-04-05 crowdsourcing
doctor,ombudsperson,unrelated,2026-04-05 crowdsourcing
doctor,opioid,related,2026-04-05 crowdsourcing
doctor,psychodrama,related,2026-04-05 crowdsourcing
doctor,regaining,unrelated,2026-04-05 crowdsourcing
doctor,seconds,whatever,2026-04-05 crowdsourcing
doctor,transposing,unrelated,2026-04-05 crowdsourcing
doctor,weatherman,unrelated,2026-04-05 crowdsourcing
dog,antenna,unrelated,2026-04-05 crowdsourcing
dog,boomer,unrelated,2026-04-05 crowdsourcing
dog,bubby,related,2026-04-05 crowdsourcing
dog,collie,related,2026-04-05 crowdsourcing
dog,collier,unrelated,2026-04-05 crowdsourcing
dog,cuffing,unrelated,2026-04-05 crowdsourcing
dog,dashcam,unrelated,2026-04-05 crowdsourcing
dog,figurine,related,2026-04-05 crowdsourcing
dog,hind,related,2026-04-05 crowdsourcing
dog,hollers,whatever,2026-04-05 crowdsourcing
dog,inbreeding,related,2026-04-05 crowdsourcing
dog,interactive,unrelated,2026-04-05 crowdsourcing
dog,pollens,unrelated,2026-04-05 crowdsourcing
dog,postings,unrelated,2026-04-05 crowdsourcing
dog,pub,unrelated,2026-04-05 crowdsourcing
dog,rhino,unrelated,2026-04-05 crowdsourcing
dog,sissy,unrelated,2026-04-05 crowdsourcing
dog,taffy,unrelated,2026-04-05 crowdsourcing
dog,tapir,unrelated,2026-04-05 crowdsourcing
dog,unrestrained,related,2026-04-05 crowdsourcing
dog,walling,unrelated,2026-04-05 crowdsourcing
dragon,arts,unrelated,2026-04-05 crowdsourcing
dragon,beanstalk,unrelated,2026-04-05 crowdsourcing
dragon,boogieman,related,2026-04-05 crowdsourcing
dragon,bowmen,unrelated,2026-04-05 crowdsourcing
dragon,cube,unrelated,2026-04-05 crowdsourcing
dragon,deflating,unrelated,2026-04-05 crowdsourcing
dragon,femininity,whatever,2026-04-05 crowdsourcing
dragon,fiesta,whatever,2026-04-05 crowdsourcing
dragon,firsts,unrelated,2026-04-05 crowdsourcing
dragon,flappy,unrelated,2026-04-05 crowdsourcing
dragon,flyable,related,2026-04-05 crowdsourcing
dragon,freedom,related,2026-04-05 crowdsourcing
dragon,hotpot,whatever,2026-04-05 crowdsourcing
dragon,ivy,unrelated,2026-04-05 crowdsourcing
dragon,lac,unrelated,2026-04-05 crowdsourcing
dragon,plumper,whatever,2026-04-05 crowdsourcing
dragon,resin,unrelated,2026-04-05 crowdsourcing
dragon,rosetta,unrelated,2026-04-05 crowdsourcing
dragon,seafood,related,2026-04-05 crowdsourcing
dragon,tuitions,unrelated,2026-04-05 crowdsourcing
dragon,wagon,whatever,2026-04-05 crowdsourcing
dream,astronautical,related,2026-04-05 crowdsourcing
dream,closer,unrelated,2026-04-05 crowdsourcing
dream,dulcet,unrelated,2026-04-05 crowdsourcing
dream,gropes,unrelated,2026-04-05 crowdsourcing
dream,grueling,unrelated,2026-04-05 crowdsourcing
dream,hellish,whatever,2026-04-05 crowdsourcing
dream,niche,unrelated,2026-04-05 crowdsourcing
dream,rutting,whatever,2026-04-05 crowdsourcing
dream,sailboat,unrelated,2026-04-05 crowdsourcing
dream,unhorsed,unrelated,2026-04-05 crowdsourcing
dream,unscramble,unrelated,2026-04-05 crowdsourcing
eagle,behalf,unrelated,2026-04-05 crowdsourcing
eagle,binged,unrelated,2026-04-05 crowdsourcing
eagle,boomer,unrelated,2026-04-05 crowdsourcing
eagle,capacious,unrelated,2026-04-05 crowdsourcing
eagle,depredation,unrelated,2026-04-05 crowdsourcing
eagle,dispatches,unrelated,2026-04-05 crowdsourcing
eagle,elm,unrelated,2026-04-05 crowdsourcing
eagle,file,unrelated,2026-04-05 crowdsourcing
eagle,flintlock,unrelated,2026-04-05 crowdsourcing
eagle,gazette,unrelated,2026-04-05 crowdsourcing
eagle,intramurals,unrelated,2026-04-05 crowdsourcing
eagle,lungs,whatever,2026-04-05 crowdsourcing
eagle,moonrise,whatever,2026-04-05 crowdsourcing
eagle,myopic,unrelated,2026-04-05 crowdsourcing
eagle,plunks,unrelated,2026-04-05 crowdsourcing
eagle,portage,unrelated,2026-04-05 crowdsourcing
eagle,pristine,whatever,2026-04-05 crowdsourcing
eagle,sliver,whatever,2026-04-05 crowdsourcing
eagle,supra,unrelated,2026-04-05 crowdsourcing
eagle,treeless,unrelated,2026-04-05 crowdsourcing
eagle,woodman,unrelated,2026-04-05 crowdsourcing
ear,cajole,whatever,2026-04-05 crowdsourcing
ear,crossing,unrelated,2026-04-05 crowdsourcing
ear,cupolas,unrelated,2026-04-05 crowdsourcing
ear,garçon,unrelated,2026-04-05 crowdsourcing
ear,grower,unrelated,2026-04-05 crowdsourcing
ear,kinky,whatever,2026-04-05 crowdsourcing
ear,lamentations,unrelated,2026-04-05 crowdsourcing
ear,squeamish,unrelated,2026-04-05 crowdsourcing
enemy,admission,unrelated,2026-04-05 crowdsourcing
enemy,admonition,related,2026-04-05 crowdsourcing
enemy,embarks,unrelated,2026-04-05 crowdsourcing
enemy,fiddly,unrelated,2026-04-05 crowdsourcing
enemy,forages,unrelated,2026-04-05 crowdsourcing
enemy,jag,unrelated,2026-04-05 crowdsourcing
enemy,propositioning,whatever,2026-04-05 crowdsourcing
enemy,shadowless,whatever,2026-04-05 crowdsourcing
enemy,stateside,whatever,2026-04-05 crowdsourcing
enemy,towelettes,unrelated,2026-04-05 crowdsourcing
enemy,waterholes,whatever,2026-04-05 crowdsourcing
heart,bleep,related,2026-04-05 crowdsourcing
heart,bonbon,unrelated,2026-04-05 crowdsourcing
heart,camped,unrelated,2026-04-05 crowdsourcing
heart,ciudad,unrelated,2026-04-05 crowdsourcing
heart,coccyx,unrelated,2026-04-05 crowdsourcing
heart,cocoa,unrelated,2026-04-05 crowdsourcing
heart,convalescence,related,2026-04-05 crowdsourcing
heart,danceable,unrelated,2026-04-05 crowdsourcing
heart,dialyze,unrelated,2026-04-05 crowdsourcing
heart,dog,whatever,2026-04-05 crowdsourcing
heart,elephant,whatever,2026-04-05 crowdsourcing
heart,firmament,unrelated,2026-04-05 crowdsourcing
heart,gingers,unrelated,2026-04-05 crowdsourcing
heart,imply,unrelated,2026-04-05 crowdsourcing
heart,inhaler,unrelated,2026-04-05 crowdsourcing
heart,misdiagnose,related,2026-04-05 crowdsourcing
heart,neurosurgeon,unrelated,2026-04-05 crowdsourcing
heart,obstructive,related,2026-04-05 crowdsourcing
heart,periphery,whatever,2026-04-05 crowdsourcing
heart,perspire,unrelated,2026-04-05 crowdsourcing
heart,regenerative,whatever,2026-04-05 crowdsourcing
heart,sinner,related,2026-04-05 crowdsourcing
heart,stiletto,related,2026-04-05 crowdsourcing
heart,supercenter,unrelated,2026-04-05 crowdsourcing
heart,teeny,unrelated,2026-04-05 crowdsourcing
heart,traitorous,related,2026-04-05 crowdsourcing
horse,bowler,unrelated,2026-04-05 crowdsourcing
horse,commandeering,related,2026-04-05 crowdsourcing
horse,components,unrelated,2026-04-05 crowdsourcing
horse,destroyers,unrelated,2026-04-05 crowdsourcing
horse,diff,unrelated,2026-04-05 crowdsourcing
horse,eviscerating,related,2026-04-05 crowdsourcing
horse,maid,whatever,2026-04-05 crowdsourcing
horse,redraws,unrelated,2026-04-05 crowdsourcing
horse,sloped,unrelated,2026-04-05 crowdsourcing
horse,tote,related,2026-04-05 crowdsourcing
hospital,acupuncturist,related,2026-04-05 crowdsourcing
hospital,basements,related,2026-04-05 crowdsourcing
hospital,bedclothes,related,2026-04-05 crowdsourcing
hospital,bernardine,unrelated,2026-04-05 crowdsourcing
hospital,breathlessness,related,2026-04-05 crowdsourcing
hospital,cabbie,unrelated,2026-04-05 crowdsourcing
hospital,circulations,related,2026-04-05 crowdsourcing
hospital,coder,unrelated,2026-04-05 crowdsourcing
hospital,hashing,unrelated,2026-04-05 crowdsourcing
hospital,haulage,unrelated,2026-04-05 crowdsourcing
hospital,hotbed,unrelated,2026-04-05 crowdsourcing
hospital,infliction,whatever,2026-04-05 crowdsourcing
hospital,lakeshore,unrelated,2026-04-05 crowdsourcing
hospital,melee,unrelated,2026-04-05 crowdsourcing
hospital,nonresponsive,related,2026-04-05 crowdsourcing
hospital,paperless,related,2026-04-05 crowdsourcing
hospital,posttraumatic,related,2026-04-05 crowdsourcing
hospital,psychosocial,related,2026-04-05 crowdsourcing
hospital,staider,unrelated,2026-04-05 crowdsourcing
hospital,sty,unrelated,2026-04-05 crowdsourcing
hospital,subscribing,unrelated,2026-04-05 crowdsourcing
hospital,unharmed,related,2026-04-05 crowdsourcing
hospital,unspecific,related,2026-04-05 crowdsourcing
internet,bluest,unrelated,2026-04-05 crowdsourcing
internet,blurt,unrelated,2026-04-05 crowdsourcing
internet,crocheted,unrelated,2026-04-05 crowdsourcing
internet,eraser,unrelated,2026-04-05 crowdsourcing
internet,evangelists,related,2026-04-05 crowdsourcing
internet,fusing,unrelated,2026-04-05 crowdsourcing
internet,hotline,related,2026-04-05 crowdsourcing
internet,obits,related,2026-04-05 crowdsourcing
internet,surveil,related,2026-04-05 crowdsourcing
internet,valium,whatever,2026-04-05 crowdsourcing
internet,vape,whatever,2026-04-05 crowdsourcing
joy,scamper,related,2026-04-05 crowdsourcing
joy,synonymous,unrelated,2026-04-05 crowdsourcing
joy,uncontained,related,2026-04-05 crowdsourcing
justice,articulation,unrelated,2026-04-05 crowdsourcing
justice,attribution,related,2026-04-05 crowdsourcing
justice,cosplay,unrelated,2026-04-05 crowdsourcing
justice,doubloons,unrelated,2026-04-05 crowdsourcing
justice,jungle,unrelated,2026-04-05 crowdsourcing
justice,orb,unrelated,2026-04-05 crowdsourcing
justice,pinball,unrelated,2026-04-05 crowdsourcing
justice,summa,unrelated,2026-04-05 crowdsourcing
justice,turners,unrelated,2026-04-05 crowdsourcing
justice,twisty,unrelated,2026-04-05 crowdsourcing
kitchen,armless,unrelated,2026-04-05 crowdsourcing
kitchen,backlog,whatever,2026-04-05 crowdsourcing
kitchen,bedsheet,unrelated,2026-04-05 crowdsourcing
kitchen,burrata,unrelated,2026-04-05 crowdsourcing
kitchen,contractor,related,2026-04-05 crowdsourcing
kitchen,curbside,unrelated,2026-04-05 crowdsourcing
kitchen,disinfection,related,2026-04-05 crowdsourcing
kitchen,dojo,unrelated,2026-04-05 crowdsourcing
kitchen,glassy,whatever,2026-04-05 crowdsourcing
kitchen,halogen,whatever,2026-04-05 crowdsourcing
kitchen,kill,unrelated,2026-04-05 crowdsourcing
kitchen,masseuses,unrelated,2026-04-05 crowdsourcing
kitchen,merch,whatever,2026-04-05 crowdsourcing
kitchen,prams,unrelated,2026-04-05 crowdsourcing
kitchen,printer,unrelated,2026-04-05 crowdsourcing
kitchen,rosetta,unrelated,2026-04-05 crowdsourcing
kitchen,savage,unrelated,2026-04-05 crowdsourcing
kitchen,scurry,unrelated,2026-04-05 crowdsourcing
kitchen,slob,related,2026-04-05 crowdsourcing
kitchen,spillage,related,2026-04-05 crowdsourcing
kitchen,tattiest,unrelated,2026-04-05 crowdsourcing
kitchen,transport,unrelated,2026-04-05 crowdsourcing
kitchen,tuckers,unrelated,2026-04-05 crowdsourcing
kitchen,tzatziki,related,2026-04-05 crowdsourcing
kitchen,unlatch,unrelated,2026-04-05 crowdsourcing
knife,adele,unrelated,2026-04-05 crowdsourcing
knife,backstabber,related,2026-04-05 crowdsourcing
knife,beadwork,unrelated,2026-04-05 crowdsourcing
knife,bible,unrelated,2026-04-05 crowdsourcing
knife,bundt,unrelated,2026-04-05 crowdsourcing
knife,calligraphy,unrelated,2026-04-05 crowdsourcing
knife,cassette,unrelated,2026-04-05 crowdsourcing
knife,celeriac,unrelated,2026-04-05 crowdsourcing
knife,colorectal,unrelated,2026-04-05 crowdsourcing
knife,conches,unrelated,2026-04-05 crowdsourcing
knife,epaulets,unrelated,2026-04-05 crowdsourcing
knife,imaginarium,unrelated,2026-04-05 crowdsourcing
knife,nicomachean,unrelated,2026-04-05 crowdsourcing
knife,passport,unrelated,2026-04-05 crowdsourcing
knife,plunking,unrelated,2026-04-05 crowdsourcing
knife,reducers,unrelated,2026-04-05 crowdsourcing
knife,snaggletooth,related,2026-04-05 crowdsourcing
knife,unconsciousness,related,2026-04-05 crowdsourcing
laugh,afterward,whatever,2026-04-05 crowdsourcing
laugh,bruce,unrelated,2026-04-05 crowdsourcing
laugh,discriminating,whatever,2026-04-05 crowdsourcing
laugh,episodic,unrelated,2026-04-05 crowdsourcing
laugh,gotta,unrelated,2026-04-05 crowdsourcing
laugh,greasepaint,related,2026-04-05 crowdsourcing
laugh,horsefeathers,related,2026-04-05 crowdsourcing
laugh,illuminated,unrelated,2026-04-05 crowdsourcing
laugh,kindles,unrelated,2026-04-05 crowdsourcing
laugh,passing,unrelated,2026-04-05 crowdsourcing
laugh,resell,unrelated,2026-04-05 crowdsourcing
laugh,retold,whatever,2026-04-05 crowdsourcing
laugh,today,unrelated,2026-04-05 crowdsourcing
lawyer,cheffy,unrelated,2026-04-05 crowdsourcing
lawyer,injunctive,related,2026-04-05 crowdsourcing
lion,alumnus,unrelated,2026-04-05 crowdsourcing
lion,began,unrelated,2026-04-05 crowdsourcing
lion,bodacious,unrelated,2026-04-05 crowdsourcing
lion,chandeliers,unrelated,2026-04-05 crowdsourcing
lion,lucked,unrelated,2026-04-05 crowdsourcing
lion,moonrise,unrelated,2026-04-05 crowdsourcing
lion,puke,unrelated,2026-04-05 crowdsourcing
lion,reserves,unrelated,2026-04-05 crowdsourcing
love,ampersand,unrelated,2026-04-05 crowdsourcing
love,intracardiac,unrelated,2026-04-05 crowdsourcing
love,klutz,unrelated,2026-04-05 crowdsourcing
love,macaroon,unrelated,2026-04-05 crowdsourcing
love,mailbox,unrelated,2026-04-05 crowdsourcing
love,mensch,whatever,2026-04-05 crowdsourcing
love,redid,unrelated,2026-04-05 crowdsourcing
love,twixt,whatever,2026-04-05 crowdsourcing
meat,besought,unrelated,2026-04-05 crowdsourcing
meat,campaigns,unrelated,2026-04-05 crowdsourcing
meat,cholos,unrelated,2026-04-05 crowdsourcing
meat,clings,unrelated,2026-04-05 crowdsourcing
meat,cucks,unrelated,2026-04-05 crowdsourcing
meat,guppies,unrelated,2026-04-05 crowdsourcing
meat,lakes,unrelated,2026-04-05 crowdsourcing
meat,teddies,unrelated,2026-04-05 crowdsourcing
memory,amigas,whatever,2026-04-05 crowdsourcing
memory,baggers,unrelated,2026-04-05 crowdsourcing
memory,deprogram,related,2026-04-05 crowdsourcing
memory,fragged,unrelated,2026-04-05 crowdsourcing
memory,honorary,whatever,2026-04-05 crowdsourcing
memory,incontinent,whatever,2026-04-05 crowdsourcing
memory,lengths,unrelated,2026-04-05 crowdsourcing
memory,misperception,related,2026-04-05 crowdsourcing
memory,panegyric,related,2026-04-05 crowdsourcing
memory,prevent,unrelated,2026-04-05 crowdsourcing
memory,repurpose,related,2026-04-05 crowdsourcing
memory,scrupulosity,unrelated,2026-04-05 crowdsourcing
memory,shirley,unrelated,2026-04-05 crowdsourcing
memory,sign,unrelated,2026-04-05 crowdsourcing
memory,sir,unrelated,2026-04-05 crowdsourcing
memory,tanka,unrelated,2026-04-05 crowdsourcing
money,bloodstream,unrelated,2026-04-05 crowdsourcing
money,broadcasters,unrelated,2026-04-05 crowdsourcing
money,cockamamy,unrelated,2026-04-05 crowdsourcing
money,confronts,unrelated,2026-04-05 crowdsourcing
money,earring,unrelated,2026-04-05 crowdsourcing
money,handbill,related,2026-04-05 crowdsourcing
money,hella,unrelated,2026-04-05 crowdsourcing
money,impoverish,related,2026-04-05 crowdsourcing
money,merest,unrelated,2026-04-05 crowdsourcing
money,micromanage,related,2026-04-05 crowdsourcing
money,names,unrelated,2026-04-05 crowdsourcing
money,okay,unrelated,2026-04-05 crowdsourcing
money,payphone,related,2026-04-05 crowdsourcing
money,presume,unrelated,2026-04-05 crowdsourcing
money,prioritise,whatever,2026-04-05 crowdsourcing
money,probative,unrelated,2026-04-05 crowdsourcing
money,pus,unrelated,2026-04-05 crowdsourcing
money,realms,unrelated,2026-04-05 crowdsourcing
money,remortgage,related,2026-04-05 crowdsourcing
money,spigot,unrelated,2026-04-05 crowdsourcing
money,superficialities,related,2026-04-05 crowdsourcing
money,unsubstantial,related,2026-04-05 crowdsourcing
money,whey,unrelated,2026-04-05 crowdsourcing
moon,bindings,whatever,2026-04-05 crowdsourcing
moon,bluebook,unrelated,2026-04-05 crowdsourcing
moon,booger,unrelated,2026-04-05 crowdsourcing
moon,broadcasted,unrelated,2026-04-05 crowdsourcing
moon,cloth,unrelated,2026-04-05 crowdsourcing
moon,completion,whatever,2026-04-05 crowdsourcing
moon,deceptions,whatever,2026-04-05 crowdsourcing
moon,fissionable,unrelated,2026-04-05 crowdsourcing
moon,laser,related,2026-04-05 crowdsourcing
moon,locomotion,unrelated,2026-04-05 crowdsourcing
moon,lupus,related,2026-04-05 crowdsourcing
moon,melanoma,unrelated,2026-04-05 crowdsourcing
moon,parapsychology,related,2026-04-05 crowdsourcing
moon,pottery,unrelated,2026-04-05 crowdsourcing
moon,promontories,unrelated,2026-04-05 crowdsourcing
moon,quicksilver,related,2026-04-05 crowdsourcing
moon,rooster,unrelated,2026-04-05 crowdsourcing
moon,rove,unrelated,2026-04-05 crowdsourcing
moon,there're,unrelated,2026-04-05 crowdsourcing: stop word
moon,truer,unrelated,2026-04-05 crowdsourcing
moon,tzetze,unrelated,2026-04-05 crowdsourcing
moon,yaw,unrelated,2026-04-05 crowdsourcing
red,economy,unrelated,2026-04-05 crowdsourcing
red,emanations,unrelated,2026-04-05 crowdsourcing
red,enhancer,unrelated,2026-04-05 crowdsourcing
red,hairless,unrelated,2026-04-05 crowdsourcing
red,nighters,unrelated,2026-04-05 crowdsourcing
red,obfuscation,unrelated,2026-04-05 crowdsourcing
red,scape,unrelated,2026-04-05 crowdsourcing
red,sceneries,whatever,2026-04-05 crowdsourcing
red,señores,unrelated,2026-04-05 crowdsourcing
red,tachometer,related,2026-04-05 crowdsourcing
red,unruly,whatever,2026-04-05 crowdsourcing
religion,banked,unrelated,2026-04-05 crowdsourcing
religion,bloke,unrelated,2026-04-05 crowdsourcing
religion,boss,unrelated,2026-04-05 crowdsourcing
religion,ceremonious,related,2026-04-05 crowdsourcing
religion,chemically,unrelated,2026-04-05 crowdsourcing
religion,command,related,2026-04-05 crowdsourcing
religion,customary,related,2026-04-05 crowdsourcing
religion,declension,unrelated,2026-04-05 crowdsourcing
religion,disabuses,whatever,2026-04-05 crowdsourcing
religion,emotive,unrelated,2026-04-05 crowdsourcing
religion,horoscope,related,2026-04-05 crowdsourcing
religion,karmic,related,2026-04-05 crowdsourcing
religion,mainline,unrelated,2026-04-05 crowdsourcing
religion,pagoda,related,2026-04-05 crowdsourcing
religion,papa,unrelated,2026-04-05 crowdsourcing
religion,plausibility,related,2026-04-05 crowdsourcing
religion,prenuptial,related,2026-04-05 crowdsourcing
religion,reserved,unrelated,2026-04-05 crowdsourcing
religion,steadies,unrelated,2026-04-05 crowdsourcing
religion,systematics,related,2026-04-05 crowdsourcing
river,brock,unrelated,2026-04-05 crowdsourcing
river,campout,related,2026-04-05 crowdsourcing
river,centreline,unrelated,2026-04-05 crowdsourcing
river,coordinating,unrelated,2026-04-05 crowdsourcing
river,deary,unrelated,2026-04-05 crowdsourcing
river,decontaminated,related,2026-04-05 crowdsourcing
river,droplets,related,2026-04-05 crowdsourcing
river,emperor,unrelated,2026-04-05 crowdsourcing
river,fathomless,related,2026-04-05 crowdsourcing
river,grove,whatever,2026-04-05 crowdsourcing
river,leaves,unrelated,2026-04-05 crowdsourcing
river,mainstream,unrelated,2026-04-05 crowdsourcing
river,microcystin,unrelated,2026-04-05 crowdsourcing
river,mows,unrelated,2026-04-05 crowdsourcing
river,primavera,whatever,2026-04-05 crowdsourcing
river,ramparts,unrelated,2026-04-05 crowdsourcing
river,reserve,whatever,2026-04-05 crowdsourcing
river,sundance,unrelated,2026-04-05 crowdsourcing
river,toxicity,related,2026-04-05 crowdsourcing
river,tritium,unrelated,2026-04-05 crowdsourcing
river,zithers,unrelated,2026-04-05 crowdsourcing
robot,abuzz,unrelated,2026-04-05 crowdsourcing
robot,antimissile,related,2026-04-05 crowdsourcing
robot,atomic,related,2026-04-05 crowdsourcing
robot,beasties,unrelated,2026-04-05 crowdsourcing
robot,caregiver,related,2026-04-05 crowdsourcing
robot,compatriot,whatever,2026-04-05 crowdsourcing
robot,dingus,unrelated,2026-04-05 crowdsourcing
robot,dojos,unrelated,2026-04-05 crowdsourcing
robot,doxx,unrelated,2026-04-05 crowdsourcing
robot,earthbound,unrelated,2026-04-05 crowdsourcing
robot,gentle,whatever,2026-04-05 crowdsourcing
robot,mausoleum,unrelated,2026-04-05 crowdsourcing
robot,maven,unrelated,2026-04-05 crowdsourcing
robot,phalanges,unrelated,2026-04-05 crowdsourcing
robot,pipsqueak,unrelated,2026-04-05 crowdsourcing
robot,pteranodon,unrelated,2026-04-05 crowdsourcing
robot,russias,unrelated,2026-04-05 crowdsourcing
robot,surgery,related,2026-04-05 crowdsourcing
run,beagle,whatever,2026-04-05 crowdsourcing
run,billionth,unrelated,2026-04-05 crowdsourcing
run,blockaded,unrelated,2026-04-05 crowdsourcing
run,borehole,unrelated,2026-04-05 crowdsourcing
run,chappy,unrelated,2026-04-05 crowdsourcing
run,collate,unrelated,2026-04-05 crowdsourcing
run,comparative,unrelated,2026-04-05 crowdsourcing
run,conduction,unrelated,2026-04-05 crowdsourcing
run,cyclo,unrelated,2026-04-05 crowdsourcing
run,frolicked,related,2026-04-05 crowdsourcing
run,godforsaken,unrelated,2026-04-05 crowdsourcing
run,grift,whatever,2026-04-05 crowdsourcing
run,kickstarter,whatever,2026-04-05 crowdsourcing
run,operable,unrelated,2026-04-05 crowdsourcing
run,overtax,unrelated,2026-04-05 crowdsourcing
run,plats,unrelated,2026-04-05 crowdsourcing
run,react,unrelated,2026-04-05 crowdsourcing
run,rollerskating,unrelated,2026-04-05 crowdsourcing
run,sessions,related,2026-04-05 crowdsourcing
run,supercomputer,related,2026-04-05 crowdsourcing
run,tout,unrelated,2026-04-05 crowdsourcing
run,unaffiliated,unrelated,2026-04-05 crowdsourcing
run,wirehair,unrelated,2026-04-05 crowdsourcing
sadness,abdomen,whatever,2026-04-05 crowdsourcing
sadness,absentia,related,2026-04-05 crowdsourcing
sadness,adventured,unrelated,2026-04-05 crowdsourcing
sadness,allegiance,unrelated,2026-04-05 crowdsourcing
sadness,anniversary,related,2026-04-05 crowdsourcing
sadness,argh,related,2026-04-05 crowdsourcing
sadness,begrudgingly,related,2026-04-05 crowdsourcing
sadness,blighters,whatever,2026-04-05 crowdsourcing
sadness,bluesman,related,2026-04-05 crowdsourcing
sadness,declares,unrelated,2026-04-05 crowdsourcing
sadness,disparity,whatever,2026-04-05 crowdsourcing
sadness,embarrased,related,2026-04-05 crowdsourcing: typo
sadness,emerged,unrelated,2026-04-05 crowdsourcing
sadness,entwine,unrelated,2026-04-05 crowdsourcing
sadness,envelop,related,2026-04-05 crowdsourcing
sadness,expat,whatever,2026-04-05 crowdsourcing
sadness,macerate,unrelated,2026-04-05 crowdsourcing
sadness,menstruation,related,2026-04-05 crowdsourcing
sadness,obliviate,related,2026-04-05 crowdsourcing
sadness,oedipal,unrelated,2026-04-05 crowdsourcing
sadness,ostracism,related,2026-04-05 crowdsourcing
sadness,overdramatic,related,2026-04-05 crowdsourcing
sadness,peritoneum,unrelated,2026-04-05 crowdsourcing
sadness,quatrain,unrelated,2026-04-05 crowdsourcing
sadness,sleeping,whatever,2026-04-05 crowdsourcing
sadness,truckload,unrelated,2026-04-05 crowdsourcing
sadness,turbid,related,2026-04-05 crowdsourcing
sadness,velvety,whatever,2026-04-05 crowdsourcing
sadness,waft,unrelated,2026-04-05 crowdsourcing
sadness,whiff,unrelated,2026-04-05 crowdsourcing
sadness,zeitgeist,unrelated,2026-04-05 crowdsourcing
satellite,anus,unrelated,2026-04-05 crowdsourcing
satellite,bouquets,unrelated,2026-04-05 crowdsourcing
satellite,emittance,related,2026-04-05 crowdsourcing
satellite,joins,unrelated,2026-04-05 crowdsourcing
satellite,march,unrelated,2026-04-05 crowdsourcing
satellite,populating,unrelated,2026-04-05 crowdsourcing
satellite,sugars,unrelated,2026-04-05 crowdsourcing
satellite,survive,unrelated,2026-04-05 crowdsourcing
satellite,tried,unrelated,2026-04-05 crowdsourcing
satellite,turns,related,2026-04-05 crowdsourcing
shark,drew,unrelated,2026-04-05 crowdsourcing
shark,duly,unrelated,2026-04-05 crowdsourcing
shark,dupe,unrelated,2026-04-05 crowdsourcing
shark,finna,unrelated,2026-04-05 crowdsourcing
shark,promotional,unrelated,2026-04-05 crowdsourcing
shark,protagonists,unrelated,2026-04-05 crowdsourcing
shark,protective,related,2026-04-05 crowdsourcing
sing,apostle,unrelated,2026-04-05 crowdsourcing
sing,away,whatever,2026-04-05 crowdsourcing
sing,gotta,related,2026-04-05 crowdsourcing
sing,ken,unrelated,2026-04-05 crowdsourcing
sing,moorings,unrelated,2026-04-05 crowdsourcing
sing,neighbors,unrelated,2026-04-05 crowdsourcing
sing,signifying,whatever,2026-04-05 crowdsourcing
sing,teddy,unrelated,2026-04-05 crowdsourcing
sing,unstopped,unrelated,2026-04-05 crowdsourcing
skin,betted,unrelated,2026-04-05 crowdsourcing
skin,bustling,unrelated,2026-04-05 crowdsourcing
skin,cephalothorax,unrelated,2026-04-05 crowdsourcing
skin,chiaroscuro,unrelated,2026-04-05 crowdsourcing
skin,exists,unrelated,2026-04-05 crowdsourcing
skin,mares,unrelated,2026-04-05 crowdsourcing
skin,paternal,unrelated,2026-04-05 crowdsourcing
skin,retrocession,unrelated,2026-04-05 crowdsourcing
skin,strived,unrelated,2026-04-05 crowdsourcing
skin,trig,unrelated,2026-04-05 crowdsourcing
skin,exposed,related,2026-04-05 crowdsourcing
skin,unexposed,related,2026-04-05 crowdsourcing
skin,zephyr,unrelated,2026-04-05 crowdsourcing
sky,afire,related,2026-04-05 crowdsourcing
sky,brimstone,whatever,2026-04-05 crowdsourcing
sky,geoengineering,related,2026-04-05 crowdsourcing
sky,goddess,related,2026-04-05 crowdsourcing
sky,gunship,unrelated,2026-04-05 crowdsourcing
sleep,biased,unrelated,2026-04-05 crowdsourcing
sleep,cardiopulmonary,whatever,2026-04-05 crowdsourcing
sleep,chortles,unrelated,2026-04-05 crowdsourcing
sleep,convenience,whatever,2026-04-05 crowdsourcing
sleep,cracks,unrelated,2026-04-05 crowdsourcing
sleep,cupping,unrelated,2026-04-05 crowdsourcing
sleep,deluxe,whatever,2026-04-05 crowdsourcing
sleep,dollhouse,unrelated,2026-04-05 crowdsourcing
sleep,elegiac,unrelated,2026-04-05 crowdsourcing
sleep,furnish,unrelated,2026-04-05 crowdsourcing
sleep,jacuzzi,unrelated,2026-04-05 crowdsourcing
sleep,laurels,unrelated,2026-04-05 crowdsourcing
sleep,lifestyle,whatever,2026-04-05 crowdsourcing
sleep,mescaline,unrelated,2026-04-05 crowdsourcing
sleep,monogamous,unrelated,2026-04-05 crowdsourcing
sleep,nursemaid,unrelated,2026-04-05 crowdsourcing
sleep,pished,unrelated,2026-04-05 crowdsourcing
sleep,shawl,unrelated,2026-04-05 crowdsourcing
sleep,splurge,unrelated,2026-04-05 crowdsourcing
sleep,unglued,unrelated,2026-04-05 crowdsourcing
sleep,virgins,unrelated,2026-04-05 crowdsourcing
sleep,washable,whatever,2026-04-05 crowdsourcing
sleep,watchable,unrelated,2026-04-05 crowdsourcing
snow,atop,related,2026-04-05 crowdsourcing
snow,axle,whatever,2026-04-05 crowdsourcing
snow,backfill,unrelated,2026-04-05 crowdsourcing
snow,breadcrumb,unrelated,2026-04-05 crowdsourcing
snow,bringers,unrelated,2026-04-05 crowdsourcing
snow,bureaucracy,unrelated,2026-04-05 crowdsourcing
snow,bushwhack,unrelated,2026-04-05 crowdsourcing
snow,chittering,unrelated,2026-04-05 crowdsourcing
snow,creek,whatever,2026-04-05 crowdsourcing
snow,dougie,unrelated,2026-04-05 crowdsourcing
snow,edema,unrelated,2026-04-05 crowdsourcing
snow,fang,whatever,2026-04-05 crowdsourcing
snow,frontal,unrelated,2026-04-05 crowdsourcing
snow,lots,related,2026-04-05 crowdsourcing
snow,outride,whatever,2026-04-05 crowdsourcing
snow,postman,whatever,2026-04-05 crowdsourcing
snow,shape,unrelated,2026-04-05 crowdsourcing
snow,skyway,whatever,2026-04-05 crowdsourcing
snow,spiderweb,unrelated,2026-04-05 crowdsourcing
snow,sputters,unrelated,2026-04-05 crowdsourcing
snow,tabby,whatever,2026-04-05 crowdsourcing
snow,tux,unrelated,2026-04-05 crowdsourcing
snow,what're,unrelated,2026-04-05 crowdsourcing: stop word
snow,whole,unrelated,2026-04-05 crowdsourcing
soldier,buffers,unrelated,2026-04-05 crowdsourcing
soldier,bunnies,unrelated,2026-04-05 crowdsourcing
soldier,calm,unrelated,2026-04-05 crowdsourcing
soldier,churchyard,unrelated,2026-04-05 crowdsourcing
soldier,decathlete,unrelated,2026-04-05 crowdsourcing
soldier,diplomacy,related,2026-04-05 crowdsourcing
soldier,elf,unrelated,2026-04-05 crowdsourcing
soldier,forthright,related,2026-04-05 crowdsourcing
soldier,genealogist,unrelated,2026-04-05 crowdsourcing
soldier,inquest,related,2026-04-05 crowdsourcing
soldier,kirk,whatever,2026-04-05 crowdsourcing
soldier,mensch,unrelated,2026-04-05 crowdsourcing
soldier,mouth,unrelated,2026-04-05 crowdsourcing
soldier,mow,unrelated,2026-04-05 crowdsourcing
soldier,nativity,unrelated,2026-04-05 crowdsourcing
soldier,nonexclusive,whatever,2026-04-05 crowdsourcing
soldier,operations,related,2026-04-05 crowdsourcing
soldier,regenerator,unrelated,2026-04-05 crowdsourcing
soldier,sands,whatever,2026-04-05 crowdsourcing
soldier,settling,unrelated,2026-04-05 crowdsourcing
soldier,shank,whatever,2026-04-05 crowdsourcing
soldier,unnamed,related,2026-04-05 crowdsourcing
soldier,wary,unrelated,2026-04-05 crowdsourcing
soldier,woodcarver,unrelated,2026-04-05 crowdsourcing
song,aphrodisiacs,whatever,2026-04-05 crowdsourcing
song,assumes,unrelated,2026-04-05 crowdsourcing
song,asthmatic,unrelated,2026-04-05 crowdsourcing
song,flowed,whatever,2026-04-05 crowdsourcing
song,franked,unrelated,2026-04-05 crowdsourcing
song,mildest,unrelated,2026-04-05 crowdsourcing
song,redux,unrelated,2026-04-05 crowdsourcing
song,wearying,unrelated,2026-04-05 crowdsourcing
soul,biggie,unrelated,2026-04-05 crowdsourcing
soul,bird,whatever,2026-04-05 crowdsourcing
soul,compadre,whatever,2026-04-05 crowdsourcing: like soulmate?
soul,convincing,unrelated,2026-04-05 crowdsourcing
soul,dizzy,unrelated,2026-04-05 crowdsourcing
soul,fantastique,unrelated,2026-04-05 crowdsourcing
soul,firewater,unrelated,2026-04-05 crowdsourcing
soul,gimme,unrelated,2026-04-05 crowdsourcing
soul,hobbies,unrelated,2026-04-05 crowdsourcing
soul,jizz,unrelated,2026-04-05 crowdsourcing
soul,poppa,unrelated,2026-04-05 crowdsourcing
soul,reenters,unrelated,2026-04-05 crowdsourcing
soul,scape,unrelated,2026-04-05 crowdsourcing
soul,scleroderma,unrelated,2026-04-05 crowdsourcing
soul,shapeshifter,unrelated,2026-04-05 crowdsourcing
soul,skippy,unrelated,2026-04-05 crowdsourcing
soul,superorganism,related,2026-04-05 crowdsourcing
soul,telepathically,related,2026-04-05 crowdsourcing
soul,tendencies,unrelated,2026-04-05 crowdsourcing
soul,youre,unrelated,2026-04-05 crowdsourcing: stop word
spider,hummer,unrelated,2026-04-05 crowdsourcing
storm,contingency,related,2026-04-05 crowdsourcing
storm,eclair,unrelated,2026-04-05 crowdsourcing
sun,attributing,unrelated,2026-04-05 crowdsourcing
sun,attribution,unrelated,2026-04-05 crowdsourcing
sun,bah,unrelated,2026-04-05 crowdsourcing
sun,chi,unrelated,2026-04-05 crowdsourcing
sun,crims,unrelated,2026-04-05 crowdsourcing
sun,lordy,unrelated,2026-04-05 crowdsourcing
sun,magnifier,related,2026-04-05 crowdsourcing
sun,outspent,unrelated,2026-04-05 crowdsourcing
sun,seconds,unrelated,2026-04-05 crowdsourcing
sun,trusses,unrelated,2026-04-05 crowdsourcing
swim,balsa,whatever,2026-04-05 crowdsourcing
swim,crappers,unrelated,2026-04-05 crowdsourcing
swim,dauphin,unrelated,2026-04-05 crowdsourcing
swim,faster,related,2026-04-05 crowdsourcing
swim,flutings,unrelated,2026-04-05 crowdsourcing
swim,hibernation,unrelated,2026-04-05 crowdsourcing
swim,indoctrination,unrelated,2026-04-05 crowdsourcing
swim,neared,unrelated,2026-04-05 crowdsourcing
swim,rad,unrelated,2026-04-05 crowdsourcing
swim,reminisced,unrelated,2026-04-05 crowdsourcing
swim,rugrat,unrelated,2026-04-05 crowdsourcing
swim,scholastic,related,2026-04-05 crowdsourcing
swim,stove,unrelated,2026-04-05 crowdsourcing
swim,tapeworm,unrelated,2026-04-05 crowdsourcing
swim,throat,unrelated,2026-04-05 crowdsourcing
swim,topman,unrelated,2026-04-05 crowdsourcing
swim,trousers,unrelated,2026-04-05 crowdsourcing
swim,trunks,related,2026-04-05 crowdsourcing
teacher,acupuncture,related,2026-04-05 crowdsourcing
teacher,aromatherapy,related,2026-04-05 crowdsourcing
teacher,cabbie,unrelated,2026-04-05 crowdsourcing
teacher,chorus,related,2026-04-05 crowdsourcing
teacher,decimal,unrelated,2026-04-05 crowdsourcing
teacher,dry,unrelated,2026-04-05 crowdsourcing
teacher,hijab,whatever,2026-04-05 crowdsourcing
teacher,inappropriate,related,2026-04-05 crowdsourcing
teacher,lances,unrelated,2026-04-05 crowdsourcing
teacher,miss,related,2026-04-05 crowdsourcing
teacher,pathfinder,related,2026-04-05 crowdsourcing
teacher,predicates,unrelated,2026-04-05 crowdsourcing
teacher,reinstitute,related,2026-04-05 crowdsourcing
teacher,rucksack,unrelated,2026-04-05 crowdsourcing
teacher,sneaking,unrelated,2026-04-05 crowdsourcing
teacher,ungrammatical,related,2026-04-05 crowdsourcing
teacher,volcanologist,related,2026-04-05 crowdsourcing
tennis,backstretch,unrelated,2026-04-05 crowdsourcing
tennis,bungee,unrelated,2026-04-05 crowdsourcing
tennis,concentration,related,2026-04-05 crowdsourcing
tennis,crosstown,unrelated,2026-04-05 crowdsourcing
tennis,deflate,unrelated,2026-04-05 crowdsourcing
tennis,extramarital,unrelated,2026-04-05 crowdsourcing
tennis,geocaching,unrelated,2026-04-05 crowdsourcing
tennis,jean,whatever,2026-04-05 crowdsourcing
tennis,jute,whatever,2026-04-05 crowdsourcing
tennis,maroon,unrelated,2026-04-05 crowdsourcing
tennis,skipper,unrelated,2026-04-05 crowdsourcing
tennis,snubs,whatever,2026-04-05 crowdsourcing
tennis,spain,whatever,2026-04-05 crowdsourcing
tennis,steam,unrelated,2026-04-05 crowdsourcing
tennis,stepping,whatever,2026-04-05 crowdsourcing
tennis,stilettos,unrelated,2026-04-05 crowdsourcing
tennis,stings,unrelated,2026-04-05 crowdsourcing
tennis,stymies,unrelated,2026-04-05 crowdsourcing
tennis,tobacco,unrelated,2026-04-05 crowdsourcing
tennis,uptempo,whatever,2026-04-05 crowdsourcing
tennis,warcraft,unrelated,2026-04-05 crowdsourcing
tiger,apache,unrelated,2026-04-05 crowdsourcing
tiger,crusades,unrelated,2026-04-05 crowdsourcing
tiger,donors,whatever,2026-04-05 crowdsourcing
tiger,doozy,unrelated,2026-04-05 crowdsourcing
tiger,dossier,unrelated,2026-04-05 crowdsourcing
tiger,howitzer,unrelated,2026-04-05 crowdsourcing
tiger,leaderboard,unrelated,2026-04-05 crowdsourcing
tiger,meekest,unrelated,2026-04-05 crowdsourcing
tiger,microchips,unrelated,2026-04-05 crowdsourcing
tiger,rightful,unrelated,2026-04-05 crowdsourcing
tiger,shaker,unrelated,2026-04-05 crowdsourcing
tiger,sham,unrelated,2026-04-05 crowdsourcing
tiger,trajectories,unrelated,2026-04-05 crowdsourcing
tiger,waterlily,unrelated,2026-04-05 crowdsourcing
time,acceded,unrelated,2026-04-05 crowdsourcing
time,allowable,related,2026-04-05 crowdsourcing
time,arses,unrelated,2026-04-05 crowdsourcing
time,broadcast,related,2026-04-05 crowdsourcing
time,cradle,unrelated,2026-04-05 crowdsourcing
time,flexible,related,2026-04-05 crowdsourcing
time,globetrotting,unrelated,2026-04-05 crowdsourcing
time,lazy,unrelated,2026-04-05 crowdsourcing
time,locks,unrelated,2026-04-05 crowdsourcing
time,mankind,unrelated,2026-04-05 crowdsourcing
time,maracas,unrelated,2026-04-05 crowdsourcing
time,motionless,related,2026-04-05 crowdsourcing
time,onstage,unrelated,2026-04-05 crowdsourcing
time,parkings,unrelated,2026-04-05 crowdsourcing
time,repetitive,related,2026-04-05 crowdsourcing
time,scrums,unrelated,2026-04-05 crowdsourcing
time,shutdown,unrelated,2026-04-05 crowdsourcing
time,silence,unrelated,2026-04-05 crowdsourcing
time,simmer,whatever,2026-04-05 crowdsourcing
time,six,related,2026-04-05 crowdsourcing
time,unlawful,unrelated,2026-04-05 crowdsourcing
time,usable,unrelated,2026-04-05 crowdsourcing
time,webisode,unrelated,2026-04-05 crowdsourcing
time,whoops,unrelated,2026-04-05 crowdsourcing
tree,adopts,whatever,2026-04-05 crowdsourcing
tree,conditions,unrelated,2026-04-05 crowdsourcing
tree,coyote,unrelated,2026-04-05 crowdsourcing
tree,hovel,unrelated,2026-04-05 crowdsourcing
tree,podcasters,unrelated,2026-04-05 crowdsourcing
tree,predators,whatever,2026-04-05 crowdsourcing
tree,pressing,unrelated,2026-04-05 crowdsourcing
tree,required,unrelated,2026-04-05 crowdsourcing
tree,stitching,unrelated,2026-04-05 crowdsourcing
truth,anybody,unrelated,2026-04-05 crowdsourcing
truth,articles,whatever,2026-04-05 crowdsourcing
truth,bubbling,unrelated,2026-04-05 crowdsourcing
truth,cripes,unrelated,2026-04-05 crowdsourcing
truth,dehumanized,unrelated,2026-04-05 crowdsourcing
truth,indecision,whatever,2026-04-05 crowdsourcing
truth,inverse,unrelated,2026-04-05 crowdsourcing
truth,lakhs,unrelated,2026-04-05 crowdsourcing
truth,marrows,unrelated,2026-04-05 crowdsourcing
truth,sexing,unrelated,2026-04-05 crowdsourcing
truth,sharper,unrelated,2026-04-05 crowdsourcing
truth,stanned,unrelated,2026-04-05 crowdsourcing
truth,yet,unrelated,2026-04-05 crowdsourcing: stop word?
vote,blinker,unrelated,2026-04-05 crowdsourcing
vote,charisma,related,2026-04-05 crowdsourcing
vote,confab,unrelated,2026-04-05 crowdsourcing
vote,cutoff,related,2026-04-05 crowdsourcing
vote,decontrol,unrelated,2026-04-05 crowdsourcing
vote,dined,unrelated,2026-04-05 crowdsourcing
vote,dweller,whatever,2026-04-05 crowdsourcing
vote,earful,unrelated,2026-04-05 crowdsourcing
vote,estimate,related,2026-04-05 crowdsourcing
vote,gorge,unrelated,2026-04-05 crowdsourcing
vote,hottie,unrelated,2026-04-05 crowdsourcing
vote,pepperoni,unrelated,2026-04-05 crowdsourcing
vote,pogroms,whatever,2026-04-05 crowdsourcing
vote,readied,whatever,2026-04-05 crowdsourcing
vote,resound,unrelated,2026-04-05 crowdsourcing
vote,sinker,unrelated,2026-04-05 crowdsourcing
vote,slugfest,unrelated,2026-04-05 crowdsourcing
vote,studs,unrelated,2026-04-05 crowdsourcing
vote,sweetie,whatever,2026-04-05 crowdsourcing
vote,switcheroo,related,2026-04-05 crowdsourcing
vote,whit,unrelated,2026-04-05 crowdsourcing
vote,whomsoever,unrelated,2026-04-05 crowdsourcing
vote,wig,unrelated,2026-04-05 crowdsourcing
war,barreling,unrelated,2026-04-05 crowdsourcing
war,bumps,unrelated,2026-04-05 crowdsourcing
war,clocking,unrelated,2026-04-05 crowdsourcing
war,drabble,unrelated,2026-04-05 crowdsourcing
war,idealistic,related,2026-04-05 crowdsourcing
war,katana,related,2026-04-05 crowdsourcing
war,neoconservative,related,2026-04-05 crowdsourcing
war,battle,related,2026-04-05 crowdsourcing
war,ankle,unrelated,2026-04-05 crowdsourcing
war,cats,unrelated,2026-04-05 crowdsourcing
war,horse,related,2026-04-05 crowdsourcing
war,elephant,related,2026-04-05 crowdsourcing
war,donkey,unrelated,2026-04-05 crowdsourcing
war,giraffe,unrelated,2026-04-05 crowdsourcing
war,corpse,related,2026-04-05 crowdsourcing
war,person,whatever,2026-04-05 crowdsourcing
war,sporty,unrelated,2026-04-05 crowdsourcing
war,treasured,unrelated,2026-04-05 crowdsourcing
wind,blurt,unrelated,2026-04-05 crowdsourcing
wind,concerned,whatever,2026-04-05 crowdsourcing
wind,editorial,unrelated,2026-04-05 crowdsourcing
wind,gussy,unrelated,2026-04-05 crowdsourcing
wind,jubilation,unrelated,2026-04-05 crowdsourcing
wind,overcharging,unrelated,2026-04-05 crowdsourcing
wind,overproducing,unrelated,2026-04-05 crowdsourcing
wine,alerts,unrelated,2026-04-05 crowdsourcing
wine,singlehandedly,unrelated,2026-04-05 crowdsourcing
wine,translating,unrelated,2026-04-05 crowdsourcing
wine,tucker,unrelated,2026-04-05 crowdsourcing
witch,antigravity,related,2026-04-05 crowdsourcing
witch,conversions,related,2026-04-05 crowdsourcing
witch,dump,unrelated,2026-04-05 crowdsourcing
witch,firefly,related,2026-04-05 crowdsourcing
witch,flies,related,2026-04-05 crowdsourcing
witch,marketeers,unrelated,2026-04-05 crowdsourcing
witch,persistent,whatever,2026-04-05 crowdsourcing
witch,saboteurs,whatever,2026-04-05 crowdsourcing
write,didst,unrelated,2026-04-05 crowdsourcing
write,distill,related,2026-04-05 crowdsourcing
write,foist,unrelated,2026-04-05 crowdsourcing
write,lemme,unrelated,2026-04-05 crowdsourcing
write,retrieve,whatever,2026-04-05 crowdsourcing
yellow,alleles,unrelated,2026-04-05 crowdsourcing
yellow,examines,unrelated,2026-04-05 crowdsourcing
yellow,gallops,unrelated,2026-04-05 crowdsourcing
yellow,lapse,unrelated,2026-04-05 crowdsourcing
yellow,rustles,unrelated,2026-04-05 crowdsourcing
yellow,severs,unrelated,2026-04-05 crowdsourcing
yellow,shaking,whatever,2026-04-05 crowdsourcing
yellow,threat,related,2026-04-05 crowdsourcing
nothing,nowhere,related,stop word analysis
nothing,zero,related,stop word analysis
nothing,void,related,stop word analysis
nothing,empty,related,stop word analysis
nothing,emptiness,related,stop word analysis
nothing,wine,unrelated,stop word analysis
nothing,can,related,stop word analysis
can,tin,related,stop word analysis
can,oil,related,stop word analysis
can,jar,related,stop word analysis
can,mouse,unrelated,stop word analysis
can,jumble,unrelated,stop word analysis
can,jigsaw,unrelated,stop word analysis
can,puzzle,unrelated,stop word analysis
just,scales,related,stop word analysis
just,justice,related,stop word analysis
just,judge,related,stop word analysis
just,fair,related,stop word analysis
just,puzzle,unrelated,stop word analysis
just,jigsaw,unrelated,stop word analysis
just,tiger,unrelated,stop word analysis
just,mosquito,unrelated,stop word analysis
over,yonder,related,stop word analysis
over,under,related,stop word analysis
over,shoot,related,stop word analysis
over,time,related,stop word analysis
over,rainbow,related,stop word analysis
over,game,related,stop word analysis
over,jigsaw,unrelated,stop word analysis
over,worked,related,stop word analysis
over,dog,unrelated,stop word analysis
over,panther,unrelated,stop word analysis
over,rainforest,unrelated,stop word analysis
over,geocaching,unrelated,stop word analysis
under,australia,related,stop word analysis
under,paid,related,stop word analysis
under,bridge,related,stop word analysis
under,ground,related,stop word analysis
under,south,related,stop word analysis
under,down,related,stop word analysis
under,belly,related,stop word analysis
under,jigsaw,unrelated,stop word analysis
under,sphinx,unrelated,stop word analysis
under,pop,unrelated,stop word analysis
may,june,related,stop word analysis
may,flowers,related,stop word analysis
may,jigsaw,unrelated,stop word analysis
might,power,related,stop word analysis
might,tar,unrelated,stop word analysis
many,much,related,stop word analysis
much,several,related,stop word analysis
several,few,related,stop word analysis
several,many,related,stop word analysis
many,lots,related,stop word analysis
many,plethora,related,stop word analysis
much,oodles,related,stop word analysis
several,multitude,related,stop word analysis
many,multitudinous,related,stop word analysis
many,legion,related,stop word analysis
many,innumerable,related,stop word analysis
several,count,related,stop word analysis
much,boy,unrelated,stop word analysis
many,hump,unrelated,stop word analysis
several,pepper,unrelated,stop word analysis
behind,rear,related,stop word analysis
beside,you,related,stop word analysis
beside,side,related,stop word analysis
beside,comrade,related,stop word analysis
beside,alongside,related,stop word analysis
beside,myself,related,'myself' is a stop word
beyond,great,related,stop word analysis
beyond,adventure,related,stop word analysis
beyond,unknown,related,stop word analysis
beyond,jigsaw,unrelated,stop word analysis
beyond,lantern,unrelated,stop word analysis
beyond,fish,unrelated,stop word analysis
beyond,cephalothorax,unrelated,stop word analysis
beyond,cephalopod,unrelated,stop word analysis
inside,outside,related,stop word analysis
inside,cat,related,stop word analysis
outside,cat,related,stop word analysis
inside,house,related,stop word analysis
outside,weather,related,stop word analysis
outside,sun,related,stop word analysis
outside,grass,related,stop word analysis
outside,wind,related,stop word analysis
outside,temperature,related,stop word analysis
outside,tempura,unrelated,stop word analysis
outside,box,unrelated,stop word analysis
outside,outdoors,unrelated,stop word analysis
outside,hike,unrelated,stop word analysis
outside,open,unrelated,stop word analysis
outside,wide,unrelated,stop word analysis
outside,spacious,unrelated,stop word analysis
inside,indoors,related,stop word analysis
inside,enclosed,related,stop word analysis
inside,hike,unrelated,stop word analysis
inside,jog,unrelated,stop word analysis
inside,mountain,unrelated,stop word analysis
inside,tapir,unrelated,stop word analysis
inside,communism,unrelated,stop word analysis
inside,man,related,stop word analysis
insider,trading,related,stop word analysis
even,odd,related,stop word analysis
even,flat,related,stop word analysis
even,level,related,stop word analysis
even,steven,related,stop word analysis
even,tie,related,stop word analysis
even,tied,related,stop word analysis
even,square,related,stop word analysis
even,tower,unrelated,stop word analysis
even,monkey,unrelated,stop word analysis
even,barbecue,unrelated,stop word analysis
even,drink,unrelated,stop word analysis
even,tapir,unrelated,stop word analysis
back,scratch,related,stop word analysis
back,side,related,stop word analysis
back,front,related,stop word analysis
back,water,related,stop word analysis
back,bottom,related,stop word analysis
back,rear,related,stop word analysis
back,return,related,stop word analysis
back,reverse,related,stop word analysis
back,up,related,stop word analysis
back,bite,related,stop word analysis
back,stab,related,stop word analysis
back,zeitgeist,unrelated,stop word analysis
back,time,unrelated,stop word analysis
back,pop,related,stop word analysis
back,spine,related,stop word analysis
back,puzzle,unrelated,stop word analysis
back,smile,unrelated,stop word analysis
back,ass,related_ish,stop word analysis
back,crack,related,stop word analysis
back,jigsaw,unrelated,stop word analysis
back,level,unrelated,stop word analysis
back,rot,unrelated,stop word analysis
back,scoliosis,related,stop word analysis
back,grape,unrelated,stop word analysis
still,distill,related,stop word analysis
still,moonshine,related,stop word analysis
still,motionless,related,stop word analysis
still,quiet,related,stop word analysis
still,silent,related,stop word analysis
still,distillery,related,stop word analysis
still,alembic,related,stop word analysis
still,stop,related,stop word analysis
still,waters,related,stop word analysis
still,jigsaw,unrelated,stop word analysis
still,crater,unrelated,stop word analysis
still,meteor,unrelated,stop word analysis
still,plane,unrelated,stop word analysis
still,gondola,unrelated,stop word analysis
sure,certain,related,stop word analysis
sure,assure,related,stop word analysis
sure,steady,related,stop word analysis
sure,pip,unrelated,stop word analysis
sure,panther,unrelated,stop word analysis
sure,multiple,unrelated,stop word analysis
sure,zap,unrelated,stop word analysis
well,water,related,stop word analysis
well,bucket,related,stop word analysis
well,oil,related,stop word analysis
well,jigsaw,unrelated,stop word analysis
go,travel,related,stop word analysis
go,game,related,stop word analysis
go,stones,related,stop word analysis
go,chess,related,stop word analysis
go,home,related,stop word analysis
go,away,related,stop word analysis
go,stop,related,stop word analysis
go,move,related,stop word analysis
go,green,related,stop word analysis
go,red,unrelated,stop word analysis
go,jigsaw,unrelated,stop word analysis
go,hammer,unrelated,stop word analysis
go,nonce,unrelated,stop word analysis
go,cookie,unrelated,stop word analysis
go,web,unrelated,stop word analysis
go,spider,unrelated,stop word analysis
gone,missing,related,stop word analysis
gone,lost,related,stop word analysis
gone,left,related,stop word analysis
gone,right,unrelated,stop word analysis
gone,leave,related,stop word analysis
gone,leaf,unrelated,stop word analysis
gone,forever,related,stop word analysis
gone,chinchilla,unrelated,stop word analysis
gone,squeal,unrelated,stop word analysis
gone,squire,unrelated,stop word analysis
gone,knight,unrelated,stop word analysis
gone,pop,unrelated,stop word analysis
gone,popular,unrelated,stop word analysis
make,create,related,stop word analysis
make,love,related,stop word analysis
make,art,related,stop word analysis
make,up,related,stop word analysis
make,eyes,related,stop word analysis
make,out,related,'out' is a stop word
make,grunge,unrelated,stop word analysis
make,gauge,unrelated,stop word analysis
make,pop,unrelated,stop word analysis
make,breakfast,related,stop word analysis
make,star,unrelated,stop word analysis
say,speak,related,stop word analysis
say,ask,related,stop word analysis
say,tell,related,stop word analysis
say,story,related,stop word analysis
say,explain,related,stop word analysis
say,inform,related,stop word analysis
say,speech,related,stop word analysis
say,disclose,related,stop word analysis
say,reveal,related,stop word analysis
say,jigsaw,unrelated,stop word analysis
say,pirate,unrelated,stop word analysis
say,tapir,unrelated,stop word analysis
say,box,unrelated,stop word analysis
say,pop,unrelated,stop word analysis
way,road,related,stop word analysis
way,lane,related,stop word analysis
way,street,related,stop word analysis
way,out,related,stop word analysis
way,wayfarer,related,stop word analysis
way,no,related,stop word analysis
way,path,related,stop word analysis
way,forward,related,stop word analysis
way,jigsaw,unrelated,stop word analysis
way,whey,unrelated,stop word analysis
way,butter,unrelated,stop word analysis
way,kitchen,unrelated,stop word analysis
way,fumble,unrelated,stop word analysis
gimme,love,related,stop word analysis
gimme,give,related,stop word analysis
gimme,money,related,stop word analysis
gimme,receive,related,stop word analysis
gimme,take,related,stop word analysis
gimme,sign,related,stop word analysis
gimme,break,related,stop word analysis
gimme,tapir,unrelated,stop word analysis
gimme,underwear,unrelated,stop word analysis
gimme,tax,unrelated,stop word analysis
gimme,encrypt,unrelated,stop word analysis
gimme,crypt,unrelated,stop word analysis
gimme,ghost,unrelated,stop word analysis
obvious,clear,related,stop word analysis
obvious,tapir,unrelated,stop word analysis
never,endless,related,stop word analysis
never,ending,related,stop word analysis
never,eternity,related,stop word analysis
never,forever,related,stop word analysis
never,ever,related,stop word analysis
never,tapir,unrelated,stop word analysis
never,glossy,unrelated,stop word analysis
never,justice,unrelated,stop word analysis
never,scale,unrelated,stop word analysis
never,box,unrelated,stop word analysis
never,corn,unrelated,stop word analysis
always,eternity,related,stop word analysis
always,forever,related,stop word analysis
always,endless,related,stop word analysis
always,infinite,related,stop word analysis
always,love,related,stop word analysis
always,tapir,unrelated,stop word analysis
always,tunic,unrelated,stop word analysis
always,toga,unrelated,stop word analysis
always,bite,unrelated,stop word analysis
always,clip,unrelated,stop word analysis
always,pupa,unrelated,stop word analysis
mine,gold,related,stop word analysis
mine,land,related,stop word analysis
mine,ore,related,stop word analysis
mine,fracking,related,stop word analysis
mine,silver,related,stop word analysis
mine,bauxite,related,stop word analysis
mine,yours,related,stop word analysis
mine,excavation,related,stop word analysis
mine,tapir,unrelated,stop word analysis
mine,snazzy,unrelated,stop word analysis
mine,hump,unrelated,stop word analysis
mine,bump,unrelated,stop word analysis
mine,coke,unrelated,stop word analysis
mine,grape,unrelated,stop word analysis
mine,come,unrelated,stop word analysis
argue,fight,related,stop word analysis
argue,disagree,related,stop word analysis
argue,conflict,related,stop word analysis
argue,debate,related,stop word analysis
argue,yell,related,stop word analysis
argue,reason,related,stop word analysis
argue,explain,related,stop word analysis
argue,tapir,unrelated,stop word analysis
argue,rattan,unrelated,stop word analysis
argue,unicorn,unrelated,stop word analysis
argue,fat,unrelated,stop word analysis
argue,butter,unrelated,stop word analysis
argue,oxidize,unrelated,stop word analysis
argue,rust,unrelated,stop word analysis
notable,famous,related,stop word analysis
notable,fox,unrelated,stop word analysis
notable,barren,unrelated,stop word analysis
notable,wasteland,unrelated,stop word analysis
brain,cloudy,related_ish,
brain,snow,unrelated,
crime,bank,related,
crime,organized,related,
dog,poker,related,dogs playing poker 
bleu,cheese,related,bleu cheese 
bleu,blue,related,bleu cheese 
cheese,bleu,related,bleu cheese 
food,bleu,related_ish,bleu cheese 
food,choosy,related_ish,bulk random lemma base + common preferred + rime (seed 42) 
food,conventional,related,off the top of my head 
food,pickins,related,bulk random lemma base + common preferred + rime (seed 42) 
food,play,related,bulk random lemma base + common preferred + rime (seed 42) 
food,presentation,related,off the top of my head 
food,slow,related_ish,bulk random lemma base + common preferred + rime (seed 42) 
food,squish,related_ish,bulk random lemma base + common preferred + rime (seed 42) 
food,wings,related_ish,bulk random lemma base + common preferred + rime (seed 42) 
wings,food,related,bulk random lemma base + common preferred + rime (seed 42) 
football,yeet,related,prereq: football/yeet+incomplete 
gay,ace,related,off the top of my head 
gay,agenda,related,off the top of my head 
gay,aids,related,off the top of my head 
gay,balls,related,off the top of my head 
gay,bottom,related,off the top of my head 
gay,bottoming,related,off the top of my head 
gay,crime,related,off the top of my head 
gay,derby,related_ish,bulk random lemma base + common preferred + rime (seed 42) 
gay,diva,related,off the top of my head 
gay,domestic,related_ish,off the top of my head 
gay,fantasize,related_ish,off the top of my head 
gay,hookup,related,off the top of my head 
gay,mission,related,off the top of my head 
gay,pan,related,prereq: gay+food/pan+flan 
gay,polyam,related,off the top of my head 
gay,pray,related,off the top of my head 
gay,prep,related_ish,off the top of my head 
gay,ream,related,bulk random lemma base + common preferred + rime (seed 42) 
gay,schlong,related,off the top of my head 
gay,shrimp,related_ish,off the top of my head 
gay,side,related_ish,off the top of my head 
gay,stripper,related,bulk random lemma base + common preferred + rime (seed 42) 
gay,trauma,related_ish,bulk random lemma base + common preferred + rime (seed 42) 
gay,traumatize,related_ish,bulk random lemma base + common preferred + rime (seed 42) 
gay,wang,related,off the top of my head 
gay,wiener,related,off the top of my head 
geometry,sacred,related,
halloween,sheet,related,halloween prereq: sheet / treat
medical,ccs,related,
medicine,ccs,related,
medicine,fees,related,
music,expressed,related,music prereq: rest / expressed
music,hemiola,related,
pirate,accent,related,bulk random lemma base + common preferred + rime (seed 42) 
pirate,alcoholic,related,pirate prereq: diabolic / alcoholic 
pirate,ascend,related_ish,bulk random lemma base + common preferred + rime (seed 42) 
pirate,bone,related,bulk random lemma base + common preferred + rime (seed 42) 
pirate,braggadocio,related,bulk random lemma base + common preferred + rime (seed 42) 
pirate,choke,related_ish,bulk random lemma base + common preferred + rime (seed 42) 
pirate,cleave,related_ish,bulk random lemma base + common preferred + rime (seed 42) 
pirate,damages,related_ish,bulk random lemma base + common preferred + rime (seed 42) 
pirate,diabolic,related,pirate prereq: diabolic / alcoholic 
pirate,dismember,related_ish,bulk random lemma base + common preferred + rime (seed 42) 
pirate,handsome,related,pirate prereq: handsome / ransom
pirate,hold,related,bulk random lemma base + common preferred + rime (seed 42) 
pirate,immodest,related,bulk random lemma base + common preferred + rime (seed 42) 
pirate,labor,related_ish,bulk random lemma base + common preferred + rime (seed 42) 
pirate,lash,related,pirate prereq: cache / lash
pirate,leg,related,pirate prereq: peg / leg
pirate,looker,related_ish,bulk random lemma base + common preferred + rime (seed 42) 
pirate,map,related,treasure map 
pirate,modest,whatever,bulk random lemma base + common preferred + rime (seed 42) 
pirate,morale,related,bulk random lemma base + common preferred + rime (seed 42) 
pirate,nimble,related,bulk random lemma base + common preferred + rime (seed 42) 
pirate,ouch,related_ish,bulk random lemma base + common preferred + rime (seed 42) 
pirate,ouches,related_ish,bulk random lemma base + common preferred + rime (seed 42) 
pirate,overhead,related_ish,bulk random lemma base + common preferred + rime (seed 42) 
pirate,pursue,related,bulk random lemma base + common preferred + rime (seed 42) 
pirate,pursuit,related,
pirate,racy,related,prereq: pirate ought_not facie+racy 
pirate,ruse,related,bulk random lemma base + common preferred + rime (seed 42) 
pirate,slice,related_ish,bulk random lemma base + common preferred + rime (seed 42) 
pirate,squalor,related_ish,bulk random lemma base + common preferred + rime (seed 42) 
pirate,tremble,related_ish,bulk random lemma base + common preferred + rime (seed 42) 
pirate,walk,related,walk the plank
pirate,withhold,related_ish,bulk random lemma base + common preferred + rime (seed 42) 
pirate,wrought,whatever,bulk random lemma base + common preferred + rime (seed 42) 
prayers,rites,related,prereq: prayers/recites+rites 
water,eau,related,
cat,abandon,related,cat review 
cat,abandoned,related,cat review 
cat,admiration,related_ish,
cat,adore,related,
cat,afford,related,
cat,aficionado,related,
cat,age,related_ish,
cat,albino,related_ish,
cat,aloe,whatever,
cat,aloof,related,
cat,antics,related_ish,
cat,arch,related,cats arch their backs
cat,arctic,related,
cat,arthritis,related_ish,
cat,aunty,related_ish,cat lady stereotype
cat,azalea,whatever,cats eat flowers but they don't eat every species of flower
cat,baffle,related,a thing to stop cats from climbing it
cat,basil,whatever,
cat,bass,related_ish,cats love fish but they don't need to love every species of fish
cat,beady,related,cats have beady eyes
cat,beanie,related,cats look cute in beanies
cat,beauty,related_ish,
cat,beautiful,related_ish,
cat,beetle,related_ish,
cat,beige,related_ish,
cat,bile,related_ish,
cat,blogger,related_ish,
cat,boop,related,boop a cat's nose
cat,bum,related,cats are related to their butts
cat,clump,related,litter
cat,crib,related_ish,
cat,dentition,related,
cat,devour,related_ish,
cat,enamel,related_ish,
cat,fanciers,related,
cat,fantastical,whatever,
cat,felicity,related_ish,clever wordplay
cat,flight,related_ish,can I take my cat on the airplane?
cat,found,related,bulk random lemma base + common preferred + rime (seed 42) 
cat,fussy,related_ish,
cat,gall,unrelated_ish,
cat,glaucoma,related_ish,
cat,grouper,related,cats love fish but they don't need to love every species of fish
cat,hearts,related_ish,
cat,hiss,related,cat review 
cat,lair,related_ish,
cat,laser,related,laser pointer
cat,loaf,related,bulk random lemma base + common preferred + rime (seed 42) 
cat,lost,related,bulk random lemma base + common preferred + rime (seed 42) 
cat,loud,related_ish,
cat,maine,related,maine coon
cat,mama,related,bulk random lemma base + common preferred + rime (seed 42) 
cat,missing,related,bulk random lemma base + common preferred + rime (seed 42) 
cat,mover,related_ish,
cat,musk,related_ish,bulk random lemma base + common preferred + rime (seed 42) 
cat,origami,related_ish,
cat,outdoor,related,cat review 
cat,pheasant,related_ish,cats love birds but they don't need to love every species of bird
cat,scrounge,related_ish,
cat,stare,related,
cat,tinea,whatever,cat review 
tinea,cat,related,cat review 
cat,train,related,cat review 
cat,vaccination,related,cat review 
cat,nipper,related_ish,active-learn cat:strong:80 
cat,diaper,whatever,active-learn cat:border:44 
cat,pagan,whatever,pagans love cats
pagan,cat,related_ish,pagans love cats
cat,clinging,related_ish,active-learn cat:border:40 
cat,hypnotic,related_ish,active-learn cat:border:46 
cat,contentment,related_ish,active-learn cat:border:47 
cat,colorectal,whatever,active-learn cat:border:47 
cat,prancing,related_ish,active-learn cat:border:40 
cat,excretion,related_ish,active-learn cat:border:48 
cat,eyebrow,related_ish,active-learn cat:border:45 
cat,geranium,whatever,cats eat flowers but they don't eat every species of flower
cat,zoologist,related_ish,active-learn cat:border:45 
cat,rook,related_ish,cats love birds but they don't need to love every species of bird
cat,salmon,related_ish,cats love fish but they don't need to love every species of fish
cat,trim,related_ish,trim claws
cat,kindness,related_ish,active-learn cat:border:53 
cat,growl,related_ish,active-learn cat:border:51 
cat,growler,unrelated_ish,active-learn cat:border:51 
cat,clit,related,active-learn cat:border:51 
cat,silly,related_ish,active-learn cat:border:46 
cat,stinky,related_ish,active-learn cat:border:50 
cat,bounding,related_ish,active-learn cat:border:40 
cat,behind,related,cats are related to their butts
cat,cuties,related_ish,active-learn cat:border:49 
cat,spooky,related,active-learn cat:border:41 
cat,hepatic,related_ish,active-learn cat:border:53 
cat,tarsal,related_ish,active-learn cat:border:48 
cat,stroller,related,active-learn cat:border:40 
cat,stalk,related,active-learn cat:border:44 
cat,stalker,related_ish,active-learn cat:border:44 
cat,nippy,related_ish,active-learn cat:border:41 
cat,escape,related_ish,active-learn cat:border:46 
cat,whine,related_ish,active-learn cat:border:60 
cat,sedate,related_ish,active-learn cat:border:51 
cat,hackles,related_ish,active-learn cat:border:55 
cat,grump,related_ish,active-learn cat:border:44 
cat,jump,related,active-learn cat:border:46 
cat,jumper,related_ish,active-learn cat:border:46 
cat,dignified,related_ish,active-learn cat:unrel:4 
cat,dignifying,whatever,active-learn cat:unrel:4 
cat,ships,related_ish,active-learn cat:unrel:7 
cat,fishy,related_ish,active-learn cat:unrel:17 
cat,fishier,related_ish,active-learn cat:unrel:17 
cat,distracting,related_ish,active-learn cat:unrel:20 
cat,scallop,related,cats love seafood but they don't need to love every species of seafood
cat,jowls,whatever,active-learn cat:unrel:6 
cat,vaccines,related,active-learn cat:unrel:17 
cat,independence,related_ish,active-learn cat:unrel:6 
cat,admired,related_ish,active-learn cat:unrel:15 
cat,disobeying,related,active-learn cat:unrel:18 
cat,surreptitious,related,active-learn cat:unrel:22 
angel,thirteenth,related,2026-04-05 crowdsourcing: eva ref 
anger,affirmations,related_ish,2026-04-05 crowdsourcing 
anger,emoji,related_ish,2026-04-05 crowdsourcing 
anger,graphic,unrelated,2026-04-05 crowdsourcing 
anger,tinder,unrelated_ish,2026-04-05 crowdsourcing 
apple,reinstalling,related_ish,2026-04-05 crowdsourcing 
art,cooperations,whatever,2026-04-05 crowdsourcing 
art,docudrama,whatever,2026-04-05 crowdsourcing 
art,highfalutin,related_ish,2026-04-05 crowdsourcing 
art,umber,related_ish,2026-04-05 crowdsourcing 
battery,accuser,related,2026-04-05 crowdsourcing 
battery,crapped,whatever,2026-04-05 crowdsourcing 
beach,day,related,2026-04-05 crowdsourcing 
beach,sand,related,2026-04-05 crowdsourcing 
beach,daytime,related,2026-04-05 crowdsourcing 
beach,wore,related_ish,2026-04-05 crowdsourcing 
bear,tussles,related_ish,2026-04-05 crowdsourcing 
bedroom,plaid,whatever,2026-04-05 crowdsourcing 
bee,drudgery,related_ish,2026-04-05 crowdsourcing 
biology,pertains,whatever,2026-04-05 crowdsourcing 
blue,bleeder,whatever,2026-04-05 crowdsourcing 
blue,frizzy,whatever,2026-04-05 crowdsourcing 
bone,divining,related,2026-04-05 crowdsourcing 
bone,durability,related_ish,2026-04-05 crowdsourcing 
book,slog,related_ish,2026-04-05 crowdsourcing 
cake,lipogenesis,related_ish,cute
cake,noisemakers,related_ish,party
chess,concedes,related,2026-04-05 crowdsourcing 
chess,virtual,related,2026-04-05 crowdsourcing 
church,appropriate,related,2026-04-05 crowdsourcing 
church,bylaws,related_ish,2026-04-05 crowdsourcing 
church,confirm,whatever,2026-04-05 crowdsourcing 
church,confirmation,related,2026-04-05 crowdsourcing 
church,noontime,whatever,2026-04-05 crowdsourcing 
church,pedophile,related,2026-04-05 crowdsourcing 
city,ambiance,related_ish,2026-04-05 crowdsourcing 
clock,coffin,whatever,2026-04-05 crowdsourcing 
coffee,suppliers,related,2026-04-05 crowdsourcing 
cook,freelancer,related_ish,2026-04-05 crowdsourcing 
cook,untrained,related_ish,2026-04-05 crowdsourcing 
dance,hep,whatever,2026-04-05 crowdsourcing 
death,consort,whatever,2026-04-05 crowdsourcing 
death,dénouement,related,2026-04-05 crowdsourcing 
death,jugular,related_ish,2026-04-05 crowdsourcing 
death,nonhumans,whatever,2026-04-05 crowdsourcing 
death,onetime,whatever,2026-04-05 crowdsourcing 
demon,crawlies,related_ish,2026-04-05 crowdsourcing 
demon,mentalist,whatever,2026-04-05 crowdsourcing 
demon,metamorph,whatever,2026-04-05 crowdsourcing 
demon,rebinding,related,2026-04-05 crowdsourcing 
demon,roar,related_ish,2026-04-05 crowdsourcing 
doctor,esteem,related_ish,2026-04-05 crowdsourcing 
doctor,fanny,whatever,2026-04-05 crowdsourcing 
doctor,reattach,related_ish,2026-04-05 crowdsourcing 
doctor,wheeze,whatever,2026-04-05 crowdsourcing 
dog,disobey,related,2026-04-05 crowdsourcing 
dog,obey,related,2026-04-05 crowdsourcing 
dog,obedience,related,2026-04-05 crowdsourcing 
dog,german,related,2026-04-05 crowdsourcing 
dog,inbred,related_ish,2026-04-05 crowdsourcing 
dog,inoculation,related_ish,2026-04-05 crowdsourcing 
dog,jerky,related_ish,2026-04-05 crowdsourcing 
dragon,bendy,whatever,2026-04-05 crowdsourcing 
dragon,gleam,whatever,2026-04-05 crowdsourcing 
dragon,gobble,related_ish,2026-04-05 crowdsourcing 
dragon,taels,whatever,2026-04-05 crowdsourcing 
dream,attachment,whatever,2026-04-05 crowdsourcing 
eagle,comet,whatever,2026-04-05 crowdsourcing 
eagle,expeditious,related_ish,2026-04-05 crowdsourcing 
eagle,untrammeled,related_ish,2026-04-05 crowdsourcing 
ear,perspired,related_ish,2026-04-05 crowdsourcing 
ear,persuade,related_ish,2026-04-05 crowdsourcing 
enemy,admonish,whatever,2026-04-05 crowdsourcing 
heart,divided,related_ish,2026-04-05 crowdsourcing 
heart,statuses,unrelated_ish,2026-04-05 crowdsourcing 
horse,diseased,related,2026-04-05 crowdsourcing 
internet,bookie,related_ish,2026-04-05 crowdsourcing 
internet,utopia,whatever,2026-04-05 crowdsourcing 
justice,jefe,whatever,2026-04-05 crowdsourcing 
justice,marcher,related,2026-04-05 crowdsourcing 
justice,papers,related_ish,2026-04-05 crowdsourcing 
justice,uncover,whatever,2026-04-05 crowdsourcing 
knife,adjustable,related,2026-04-05 crowdsourcing 
knife,oath,whatever,2026-04-05 crowdsourcing 
laugh,ascribe,unrelated_ish,2026-04-05 crowdsourcing 
laugh,shitting,related_ish,2026-04-05 crowdsourcing 
lion,swipe,related_ish,2026-04-05 crowdsourcing 
meat,shootings,related_ish,2026-04-05 crowdsourcing 
memory,antiquing,unrelated_ish,2026-04-05 crowdsourcing 
memory,enchanting,unrelated_ish,2026-04-05 crowdsourcing 
memory,grandpapa,related_ish,2026-04-05 crowdsourcing 
memory,hoary,unrelated_ish,2026-04-05 crowdsourcing 
memory,recompose,unrelated_ish,2026-04-05 crowdsourcing 
memory,strands,unrelated_ish,2026-04-05 crowdsourcing 
money,artifice,whatever,2026-04-05 crowdsourcing 
money,eventually,related_ish,2026-04-05 crowdsourcing 
moon,demigod,whatever,2026-04-05 crowdsourcing 
moon,goddess,related,2026-04-05 crowdsourcing 
moon,eddies,related_ish,2026-04-05 crowdsourcing 
moon,soothsayer,whatever,2026-04-05 crowdsourcing 
red,handprint,whatever,2026-04-05 crowdsourcing 
handprint,red,related,2026-04-05 crowdsourcing 
religion,ban,whatever,2026-04-05 crowdsourcing 
religion,humbug,whatever,2026-04-05 crowdsourcing 
robot,academia,whatever,2026-04-05 crowdsourcing 
robot,doomsday,related_ish,2026-04-05 crowdsourcing 
robot,micromanage,related_ish,2026-04-05 crowdsourcing 
run,collision,whatever,2026-04-05 crowdsourcing 
run,drainpipe,unrelated_ish,2026-04-05 crowdsourcing 
run,east,whatever,2026-04-05 crowdsourcing 
run,proc,related,2026-04-05 crowdsourcing 
sadness,gnash,related_ish,2026-04-05 crowdsourcing 
sadness,slows,whatever,2026-04-05 crowdsourcing 
shark,dominating,related_ish,2026-04-05 crowdsourcing 
shark,tarsal,unrelated,2026-04-05 crowdsourcing 
sing,bellies,related_ish,2026-04-05 crowdsourcing 
sing,creates,whatever,2026-04-05 crowdsourcing 
sing,orally,related_ish,2026-04-05 crowdsourcing 
skin,scalper,related_ish,2026-04-05 crowdsourcing 
skin,tannic,related,2026-04-05 crowdsourcing 
sleep,blabs,related_ish,2026-04-05 crowdsourcing 
sleep,apnea,related,2026-04-05 crowdsourcing 
sleep,obstructive,related_ish,2026-04-05 crowdsourcing 
sleep,want,related_ish,2026-04-05 crowdsourcing 
snow,ankles,related_ish,2026-04-05 crowdsourcing 
snow,puma,related_ish,2026-04-05 crowdsourcing 
snow,unstuck,related_ish,2026-04-05 crowdsourcing 
soccer,leeds,related_ish,2026-04-05 crowdsourcing 
leeds,soccer,related,2026-04-05 crowdsourcing 
soldier,mourned,related,2026-04-05 crowdsourcing 
soul,lysergic,whatever,2026-04-05 crowdsourcing 
soul,mixolydian,related_ish,2026-04-05 crowdsourcing 
soul,percussive,related_ish,2026-04-05 crowdsourcing 
soul,unchain,related,2026-04-05 crowdsourcing 
storm,bodysurfing,whatever,2026-04-05 crowdsourcing 
sun,essential,related_ish,2026-04-05 crowdsourcing 
sun,essentials,whatever,2026-04-05 crowdsourcing 
sun,excitation,unrelated_ish,2026-04-05 crowdsourcing 
swim,beginner,related_ish,2026-04-05 crowdsourcing 
swim,hyperactivity,unrelated,2026-04-05 crowdsourcing 
teacher,photog,unrelated_ish,2026-04-05 crowdsourcing 
tennis,header,related_ish,2026-04-05 crowdsourcing 
tennis,setback,related_ish,2026-04-05 crowdsourcing 
tennis,virtual,related,2026-04-05 crowdsourcing 
time,australia,whatever,2026-04-05 crowdsourcing 
truth,innit,related_ish,"that's the truth, innit?"
vote,knockings,related,door knockings
vote,sucker,related_ish,2026-04-05 crowdsourcing 
war,combust,related_ish,2026-04-05 crowdsourcing 
war,narcos,unrelated,2026-04-05 crowdsourcing 
war,chest,related,2026-04-05 crowdsourcing 
war,dogs,related,2026-04-05 crowdsourcing 
war,pigs,related,2026-04-05 crowdsourcing 
war,treasure,related_ish,2026-04-05 crowdsourcing 
wind,cessation,related_ish,2026-04-05 crowdsourcing 
wind,mixes,unrelated_ish,2026-04-05 crowdsourcing 
wind,squatting,unrelated_ish,2026-04-05 crowdsourcing 
wine,mess,whatever,2026-04-05 crowdsourcing 
wine,mused,whatever,2026-04-05 crowdsourcing 
wine,salicylic,whatever,2026-04-05 crowdsourcing 
witch,aberrant,related_ish,2026-04-05 crowdsourcing 
witch,dosed,related_ish,2026-04-05 crowdsourcing 
witch,surpassing,whatever,2026-04-05 crowdsourcing 
yellow,team,related,2026-04-05 crowdsourcing 
nowhere,void,related,stop word analysis 
under,represented,related,stop word analysis 
under,tale,related,stop word analysis 
beside,friendship,related,stop word analysis 
beside,reliable,related,stop word analysis 
inside,zither,unrelated,stop word analysis 
even,mix,related,stop word analysis 
back,hoe,related,stop word analysis 
still,whiskey,related,stop word analysis 
still,hide,related,stop word analysis 
still,hiding,related,stop word analysis 
gone,girl,related,stop word analysis 
make,dinner,related,stop word analysis 
make,lunch,related,stop word analysis 
says,simon,related,stop word analysis 
simon,says,related,stop word analysis 
way,milky,related,stop word analysis 
way,artist,related,stop word analysis 
mine,cart,related,stop word analysis 
abdomen,sadness,whatever,symmetry-breaking sweep 2026-04-26
aberrations,cat,unrelated,assumed unrelated due to symmetry
abet,bear,unrelated,assumed unrelated due to symmetry
abhor,cat,whatever,symmetry-breaking sweep 2026-04-26
ability,cat,whatever,symmetry-breaking sweep 2026-04-26
able,cat,whatever,symmetry-breaking sweep 2026-04-26
abrasion,food,unrelated,assumed unrelated due to symmetry
abusive,food,unrelated,assumed unrelated due to symmetry
abutting,cat,unrelated,assumed unrelated due to symmetry
abuzz,robot,unrelated,assumed unrelated due to symmetry
academia,robot,whatever,symmetry-breaking sweep 2026-04-26
acceded,time,unrelated,assumed unrelated due to symmetry
accept,cat,whatever,symmetry-breaking sweep 2026-04-26
accidental,cat,whatever,symmetry-breaking sweep 2026-04-26
accrue,death,unrelated,assumed unrelated due to symmetry
ace,cat,unrelated,assumed unrelated due to symmetry
achin',cat,whatever,symmetry-breaking sweep 2026-04-26
acid,cat,unrelated,assumed unrelated due to symmetry
acquiescence,cat,whatever,symmetry-breaking sweep 2026-04-26
acquire,cat,whatever,symmetry-breaking sweep 2026-04-26
active,gay,whatever,symmetry-breaking sweep 2026-04-26
acumen,cat,unrelated,assumed unrelated due to symmetry
adams,coffee,unrelated,assumed unrelated due to symmetry
adaptive,gay,unrelated,assumed unrelated due to symmetry
adder,cat,unrelated_ish,assumed unrelated due to symmetry
addict,cat,whatever,symmetry-breaking sweep 2026-04-26
addressed,cat,unrelated,assumed unrelated due to symmetry
adele,knife,unrelated,assumed unrelated due to symmetry
adipose,pirate,unrelated,assumed unrelated due to symmetry
adjustment,gay,whatever,symmetry-breaking sweep 2026-04-26
admin,cat,unrelated,assumed unrelated due to symmetry
admission,enemy,unrelated,assumed unrelated due to symmetry
admit,cat,unrelated,assumed unrelated due to symmetry
admonish,enemy,whatever,symmetry-breaking sweep 2026-04-26
admonition,food,unrelated,assumed unrelated due to symmetry
adolescent,food,unrelated,assumed unrelated due to symmetry
adopts,tree,whatever,symmetry-breaking sweep 2026-04-26
adorn,cat,whatever,symmetry-breaking sweep 2026-04-26
adventured,sadness,unrelated,assumed unrelated due to symmetry
advice,cat,whatever,symmetry-breaking sweep 2026-04-26
adviser,cat,unrelated,assumed unrelated due to symmetry
affect,cat,whatever,symmetry-breaking sweep 2026-04-26
affix,cat,unrelated,assumed unrelated due to symmetry
afterward,laugh,whatever,symmetry-breaking sweep 2026-04-26
agape,cat,whatever,symmetry-breaking sweep 2026-04-26
aggressor,cat,whatever,symmetry-breaking sweep 2026-04-26
ago,cat,unrelated,assumed unrelated due to symmetry
agonist,cat,unrelated,assumed unrelated due to symmetry
agree,cat,unrelated,assumed unrelated due to symmetry
agreed,cat,unrelated,assumed unrelated due to symmetry
agreement,cat,unrelated,assumed unrelated due to symmetry
aid,cat,whatever,symmetry-breaking sweep 2026-04-26
aids,cat,whatever,symmetry-breaking sweep 2026-04-26
air,cat,unrelated,assumed unrelated due to symmetry
albumin,cat,unrelated,assumed unrelated due to symmetry
alerts,wine,unrelated,assumed unrelated due to symmetry
alfalfa,cat,whatever,symmetry-breaking sweep 2026-04-26
algebra,bank,unrelated,assumed unrelated due to symmetry
algebra,cell,unrelated,assumed unrelated due to symmetry
algebra,club,unrelated,assumed unrelated due to symmetry
algebra,crane,unrelated,assumed unrelated due to symmetry
algebra,crime,unrelated,assumed unrelated due to symmetry
algebra,diamond,unrelated,assumed unrelated due to symmetry
algebra,fire,unrelated,assumed unrelated due to symmetry
algebra,garden,unrelated,assumed unrelated due to symmetry
algebra,light,unrelated,assumed unrelated due to symmetry
algebra,person,unrelated,assumed unrelated due to symmetry
algebra,pirate,unrelated,assumed unrelated due to symmetry
algebra,spring,unrelated,assumed unrelated due to symmetry
algebra,star,unrelated,assumed unrelated due to symmetry
algebra,train,unrelated,assumed unrelated due to symmetry
algebra,wave,unrelated,assumed unrelated due to symmetry
algebra,wedding,unrelated,assumed unrelated due to symmetry
algebra,winter,unrelated,assumed unrelated due to symmetry
algebra,cat,unrelated,assumed unrelated due to symmetry
algebra,bar,unrelated_ish,assumed unrelated due to symmetry
alien,cat,whatever,symmetry-breaking sweep 2026-04-26
allaying,cat,unrelated,assumed unrelated due to symmetry
allegiance,sadness,unrelated,assumed unrelated due to symmetry
alleles,yellow,unrelated,assumed unrelated due to symmetry
alleviate,food,unrelated,assumed unrelated due to symmetry
ally,cat,whatever,symmetry-breaking sweep 2026-04-26
aloe,cat,whatever,symmetry-breaking sweep 2026-04-26
alpha,cat,whatever,symmetry-breaking sweep 2026-04-26
alright,demon,unrelated,assumed unrelated due to symmetry
altogether,pirate,unrelated,assumed unrelated due to symmetry
alum,food,unrelated,assumed unrelated due to symmetry
aluminum,cheese,whatever,symmetry-breaking sweep 2026-04-26
alumnus,lion,unrelated,assumed unrelated due to symmetry
amber,demon,unrelated,assumed unrelated due to symmetry
amends,cat,unrelated,assumed unrelated due to symmetry
amigas,memory,whatever,symmetry-breaking sweep 2026-04-26
amity,food,unrelated,assumed unrelated due to symmetry
amour,cat,whatever,symmetry-breaking sweep 2026-04-26
ampersand,love,unrelated,assumed unrelated due to symmetry
amputation,food,unrelated,assumed unrelated due to symmetry
amuse,cat,whatever,symmetry-breaking sweep 2026-04-26
ancestral,pirate,unrelated,assumed unrelated due to symmetry
angling,gay,unrelated,assumed unrelated due to symmetry
animation,crime,unrelated,assumed unrelated due to symmetry
animation,pasta,unrelated,assumed unrelated due to symmetry
ankle,war,unrelated,assumed unrelated due to symmetry
annex,cat,unrelated,assumed unrelated due to symmetry
annihilated,cat,unrelated,assumed unrelated due to symmetry
anniversary,food,unrelated,assumed unrelated due to symmetry
annoy,cat,whatever,symmetry-breaking sweep 2026-04-26
annoyance,cat,whatever,symmetry-breaking sweep 2026-04-26
annuity,cat,unrelated,assumed unrelated due to symmetry
annulled,cat,unrelated,assumed unrelated due to symmetry
anointing,cat,unrelated,assumed unrelated due to symmetry
anorectic,cat,whatever,symmetry-breaking sweep 2026-04-26
antecedent,pirate,unrelated,assumed unrelated due to symmetry
antenna,dog,unrelated,assumed unrelated due to symmetry
antenna,cat,whatever,symmetry-breaking sweep 2026-04-26
antique,cat,whatever,symmetry-breaking sweep 2026-04-26
antiquing,memory,unrelated_ish,assumed unrelated due to symmetry
anus,satellite,unrelated,assumed unrelated due to symmetry
anybody,truth,unrelated,assumed unrelated due to symmetry
apache,tiger,unrelated,assumed unrelated due to symmetry
ape,cat,whatever,symmetry-breaking sweep 2026-04-26
aphrodisiacs,song,whatever,symmetry-breaking sweep 2026-04-26
apologetic,pirate,unrelated,assumed unrelated due to symmetry
apologie,cat,unrelated,assumed unrelated due to symmetry
apostle,sing,unrelated,assumed unrelated due to symmetry
apostolic,bread,unrelated,assumed unrelated due to symmetry
apparels,cat,whatever,symmetry-breaking sweep 2026-04-26
appeal,person,unrelated,assumed unrelated due to symmetry
appendicitis,cat,whatever,symmetry-breaking sweep 2026-04-26
appliance,cat,whatever,symmetry-breaking sweep 2026-04-26
appliques,cat,unrelated,assumed unrelated due to symmetry
appraise,bear,unrelated,assumed unrelated due to symmetry
approximation,gay,unrelated,assumed unrelated due to symmetry
apps,blue,unrelated,assumed unrelated due to symmetry
apt,cat,whatever,symmetry-breaking sweep 2026-04-26
aqua,food,whatever,symmetry-breaking sweep 2026-04-26
aquamarine,gay,unrelated,assumed unrelated due to symmetry
aquatic,cat,whatever,symmetry-breaking sweep 2026-04-26
arabesque,food,unrelated,assumed unrelated due to symmetry
arching,cat,unrelated,assumed unrelated due to symmetry
archipelago,food,unrelated,assumed unrelated due to symmetry
arctic,atom,unrelated,assumed unrelated due to symmetry
aright,cat,unrelated,assumed unrelated due to symmetry
ark,cat,whatever,symmetry-breaking sweep 2026-04-26
armadillo,cat,whatever,symmetry-breaking sweep 2026-04-26
armless,kitchen,unrelated,assumed unrelated due to symmetry
arms,cat,whatever,symmetry-breaking sweep 2026-04-26
aroma,cat,whatever,symmetry-breaking sweep 2026-04-26
arroz,coffee,unrelated,assumed unrelated due to symmetry
arses,time,unrelated,assumed unrelated due to symmetry
articles,truth,whatever,symmetry-breaking sweep 2026-04-26
articulation,justice,unrelated,assumed unrelated due to symmetry
artifice,money,whatever,symmetry-breaking sweep 2026-04-26
artillery,cat,unrelated,assumed unrelated due to symmetry
arts,dragon,unrelated,assumed unrelated due to symmetry
arty,cat,whatever,symmetry-breaking sweep 2026-04-26
ascent,pirate,whatever,symmetry-breaking sweep 2026-04-26
ascribe,laugh,unrelated_ish,assumed unrelated due to symmetry
ascribe,cat,whatever,symmetry-breaking sweep 2026-04-26
asexual,pirate,unrelated,assumed unrelated due to symmetry
ash,cat,whatever,symmetry-breaking sweep 2026-04-26
ashen,gay,unrelated,assumed unrelated due to symmetry
asian,cat,whatever,symmetry-breaking sweep 2026-04-26
assassination,food,unrelated,assumed unrelated due to symmetry
assertive,cat,unrelated,assumed unrelated due to symmetry
assign,food,unrelated,assumed unrelated due to symmetry
assign,cat,whatever,symmetry-breaking sweep 2026-04-26
assist,demon,unrelated,assumed unrelated due to symmetry
assistance,cat,whatever,symmetry-breaking sweep 2026-04-26
assisting,cat,unrelated,assumed unrelated due to symmetry
assort,cat,whatever,symmetry-breaking sweep 2026-04-26
assume,cat,whatever,symmetry-breaking sweep 2026-04-26
assumes,song,unrelated,assumed unrelated due to symmetry
asthmatic,pirate,unrelated,assumed unrelated due to symmetry
asthmatic,song,unrelated,assumed unrelated due to symmetry
astonishing,cat,unrelated,assumed unrelated due to symmetry
astray,gay,unrelated,assumed unrelated due to symmetry
astride,cat,whatever,symmetry-breaking sweep 2026-04-26
astringent,food,unrelated,assumed unrelated due to symmetry
astronomer,cook,unrelated,assumed unrelated due to symmetry
astronomy,cat,unrelated,assumed unrelated due to symmetry
asymptomatic,cat,whatever,symmetry-breaking sweep 2026-04-26
ate,chemistry,unrelated,assumed unrelated due to symmetry
atheistic,cat,unrelated,assumed unrelated due to symmetry
atone,food,unrelated,assumed unrelated due to symmetry
attach,cat,whatever,symmetry-breaking sweep 2026-04-26
attachment,cat,whatever,symmetry-breaking sweep 2026-04-26
attachment,dream,whatever,symmetry-breaking sweep 2026-04-26
attention,pirate,unrelated,assumed unrelated due to symmetry
attic,cat,whatever,symmetry-breaking sweep 2026-04-26
attribute,cat,unrelated,assumed unrelated due to symmetry
attributing,sun,unrelated,assumed unrelated due to symmetry
attribution,sun,unrelated,assumed unrelated due to symmetry
aural,cat,whatever,symmetry-breaking sweep 2026-04-26
aurora,cat,unrelated,assumed unrelated due to symmetry
australia,time,whatever,symmetry-breaking sweep 2026-04-26
australian,cat,unrelated,assumed unrelated due to symmetry
automobile,cat,whatever,symmetry-breaking sweep 2026-04-26
availability,food,whatever,symmetry-breaking sweep 2026-04-26
averse,gay,unrelated,assumed unrelated due to symmetry
aversion,pirate,unrelated,assumed unrelated due to symmetry
aversions,cat,unrelated,assumed unrelated due to symmetry
avoiding,cat,unrelated,assumed unrelated due to symmetry
away,sing,whatever,symmetry-breaking sweep 2026-04-26
awning,cat,whatever,symmetry-breaking sweep 2026-04-26
axle,snow,whatever,symmetry-breaking sweep 2026-04-26
azalea,cat,whatever,symmetry-breaking sweep 2026-04-26
azure,gay,unrelated,assumed unrelated due to symmetry
baboon,cat,whatever,symmetry-breaking sweep 2026-04-26
babs,cat,unrelated,assumed unrelated due to symmetry
bacchanalia,demon,whatever,symmetry-breaking sweep 2026-04-26
backfill,snow,unrelated,assumed unrelated due to symmetry
backlog,kitchen,whatever,symmetry-breaking sweep 2026-04-26
backstop,bear,unrelated,assumed unrelated due to symmetry
backstretch,tennis,unrelated,assumed unrelated due to symmetry
bacon,gay,unrelated,assumed unrelated due to symmetry
baffle,food,unrelated,assumed unrelated due to symmetry
bagel,cat,unrelated,assumed unrelated due to symmetry
bagel,chess,unrelated,assumed unrelated due to symmetry
baggers,memory,unrelated,assumed unrelated due to symmetry
baggy,cat,whatever,symmetry-breaking sweep 2026-04-26
bah,sun,unrelated,assumed unrelated due to symmetry
bait,football,unrelated,assumed unrelated due to symmetry
bald,cat,whatever,symmetry-breaking sweep 2026-04-26
ballerina,pirate,unrelated,assumed unrelated due to symmetry
balloon,cat,whatever,symmetry-breaking sweep 2026-04-26
balm,cat,whatever,symmetry-breaking sweep 2026-04-26
balsa,swim,whatever,symmetry-breaking sweep 2026-04-26
balsamic,angel,unrelated,assumed unrelated due to symmetry
bambino,cat,unrelated,assumed unrelated due to symmetry
bamboo,food,unrelated,assumed unrelated due to symmetry
ban,food,unrelated,assumed unrelated due to symmetry
ban,religion,whatever,symmetry-breaking sweep 2026-04-26
banal,gay,unrelated,assumed unrelated due to symmetry
banal,cat,unrelated,assumed unrelated due to symmetry
banality,bread,whatever,symmetry-breaking sweep 2026-04-26
banana,cat,unrelated,assumed unrelated due to symmetry
band,cat,unrelated,assumed unrelated due to symmetry
bandana,cat,unrelated,assumed unrelated due to symmetry
bane,cat,unrelated,assumed unrelated due to symmetry
bank,pasta,unrelated,assumed unrelated due to symmetry
bank,cat,unrelated,assumed unrelated due to symmetry
banked,religion,unrelated,assumed unrelated due to symmetry
banners,battery,unrelated,assumed unrelated due to symmetry
banshee,blue,unrelated,assumed unrelated due to symmetry
banshee,boxing,unrelated,assumed unrelated due to symmetry
bar,battery,unrelated,assumed unrelated due to symmetry
barb,cat,whatever,symmetry-breaking sweep 2026-04-26
barbacoa,dance,unrelated,assumed unrelated due to symmetry
barbecue,even,unrelated,assumed unrelated due to symmetry
barbecue,food,whatever,symmetry-breaking sweep 2026-04-26
bard,cat,whatever,symmetry-breaking sweep 2026-04-26
barista,cat,unrelated,assumed unrelated due to symmetry
bark,cat,unrelated,assumed unrelated due to symmetry
barometer,cat,unrelated,assumed unrelated due to symmetry
barreling,war,unrelated,assumed unrelated due to symmetry
barren,notable,unrelated,assumed unrelated due to symmetry
base,music,unrelated,assumed unrelated due to symmetry
base,cat,unrelated,assumed unrelated due to symmetry
baseball,crime,unrelated,assumed unrelated due to symmetry
baseball,pasta,unrelated,assumed unrelated due to symmetry
basil,cat,whatever,symmetry-breaking sweep 2026-04-26
basket,football,unrelated,assumed unrelated due to symmetry
basset,cat,unrelated,assumed unrelated due to symmetry
bassinet,cat,whatever,symmetry-breaking sweep 2026-04-26
bastard,cat,whatever,symmetry-breaking sweep 2026-04-26
bastille,cat,unrelated,assumed unrelated due to symmetry
bat,football,unrelated,assumed unrelated due to symmetry
bat,cat,whatever,symmetry-breaking sweep 2026-04-26
bathroom,gay,unrelated,assumed unrelated due to symmetry
batik,cat,unrelated,assumed unrelated due to symmetry
bats,cat,whatever,symmetry-breaking sweep 2026-04-26
batty,cat,whatever,symmetry-breaking sweep 2026-04-26
bazaar,cat,whatever,symmetry-breaking sweep 2026-04-26
beadwork,knife,unrelated,assumed unrelated due to symmetry
beagle,cat,whatever,symmetry-breaking sweep 2026-04-26
beagle,run,whatever,symmetry-breaking sweep 2026-04-26
beak,cat,unrelated,assumed unrelated due to symmetry
beam,brain,unrelated,assumed unrelated due to symmetry
beam,coke,unrelated,assumed unrelated due to symmetry
beam,rain,unrelated,assumed unrelated due to symmetry
beam,water,unrelated,assumed unrelated due to symmetry
beanstalk,dragon,unrelated,assumed unrelated due to symmetry
bear,cat,whatever,symmetry-breaking sweep 2026-04-26
beard,cat,whatever,symmetry-breaking sweep 2026-04-26
beasties,robot,unrelated,assumed unrelated due to symmetry
beat,cat,whatever,symmetry-breaking sweep 2026-04-26
beau,cat,unrelated,assumed unrelated due to symmetry
beaut,pirate,whatever,symmetry-breaking sweep 2026-04-26
bedsheet,kitchen,unrelated,assumed unrelated due to symmetry
bee,cat,whatever,symmetry-breaking sweep 2026-04-26
beef,cat,whatever,symmetry-breaking sweep 2026-04-26
beeline,cat,whatever,symmetry-breaking sweep 2026-04-26
beep,cat,whatever,symmetry-breaking sweep 2026-04-26
beer,cat,unrelated,assumed unrelated due to symmetry
beet,cat,unrelated,assumed unrelated due to symmetry
befalling,cat,unrelated,assumed unrelated due to symmetry
began,lion,unrelated,assumed unrelated due to symmetry
begotten,food,unrelated,assumed unrelated due to symmetry
begotten,pirate,unrelated,assumed unrelated due to symmetry
behalf,eagle,unrelated,assumed unrelated due to symmetry
behoove,food,unrelated,assumed unrelated due to symmetry
beignet,cat,whatever,symmetry-breaking sweep 2026-04-26
believe,pirate,unrelated,assumed unrelated due to symmetry
bellow,cat,unrelated,assumed unrelated due to symmetry
belt,cat,unrelated,assumed unrelated due to symmetry
ben,cat,unrelated,assumed unrelated due to symmetry
bendy,dragon,whatever,symmetry-breaking sweep 2026-04-26
beneficent,pirate,unrelated,assumed unrelated due to symmetry
benign,cat,whatever,symmetry-breaking sweep 2026-04-26
benny,cat,unrelated,assumed unrelated due to symmetry
berate,cat,unrelated,assumed unrelated due to symmetry
bernardine,hospital,unrelated,assumed unrelated due to symmetry
berry,cat,unrelated,assumed unrelated due to symmetry
berserk,cat,unrelated,assumed unrelated due to symmetry
berserker,cat,unrelated,assumed unrelated due to symmetry
beseeching,cat,unrelated,assumed unrelated due to symmetry
beset,cat,unrelated,assumed unrelated due to symmetry
besought,meat,unrelated,assumed unrelated due to symmetry
best,biology,unrelated,assumed unrelated due to symmetry
best,cat,whatever,symmetry-breaking sweep 2026-04-26
bestride,cat,whatever,symmetry-breaking sweep 2026-04-26
beta,gay,whatever,symmetry-breaking sweep 2026-04-26
betraying,cat,unrelated,assumed unrelated due to symmetry
betted,skin,unrelated,assumed unrelated due to symmetry
bettered,cat,unrelated,assumed unrelated due to symmetry
biased,sleep,unrelated,assumed unrelated due to symmetry
bib,cat,whatever,symmetry-breaking sweep 2026-04-26
bible,knife,unrelated,assumed unrelated due to symmetry
bibles,cat,unrelated,assumed unrelated due to symmetry
biff,cat,unrelated,assumed unrelated due to symmetry
bigamy,battery,unrelated,assumed unrelated due to symmetry
biggie,soul,unrelated,assumed unrelated due to symmetry
bike,cat,unrelated,assumed unrelated due to symmetry
billet,cat,unrelated,assumed unrelated due to symmetry
billionaire,chess,unrelated,assumed unrelated due to symmetry
billionth,food,unrelated,assumed unrelated due to symmetry
billionth,pirate,unrelated,assumed unrelated due to symmetry
billionth,cat,unrelated,assumed unrelated due to symmetry
billionth,run,unrelated,assumed unrelated due to symmetry
billy,cat,unrelated,assumed unrelated due to symmetry
bin,cat,unrelated,assumed unrelated due to symmetry
bin,boxing,unrelated,assumed unrelated due to symmetry
bind,cat,unrelated,assumed unrelated due to symmetry
bindings,moon,whatever,symmetry-breaking sweep 2026-04-26
binge,cat,unrelated,assumed unrelated due to symmetry
binged,eagle,unrelated,assumed unrelated due to symmetry
bingo,cat,unrelated,assumed unrelated due to symmetry
bint,cat,unrelated,assumed unrelated due to symmetry
biology,cat,whatever,symmetry-breaking sweep 2026-04-26
bipartisan,pirate,unrelated,assumed unrelated due to symmetry
bipedal,cat,unrelated,assumed unrelated due to symmetry
bird,soul,whatever,symmetry-breaking sweep 2026-04-26
bisque,cat,unrelated,assumed unrelated due to symmetry
bitch,cat,whatever,symmetry-breaking sweep 2026-04-26
bitchy,cat,whatever,symmetry-breaking sweep 2026-04-26
bite,always,unrelated,assumed unrelated due to symmetry
bits,church,unrelated,assumed unrelated due to symmetry
bittie,cat,whatever,symmetry-breaking sweep 2026-04-26
bitty,cheese,whatever,symmetry-breaking sweep 2026-04-26
bizarre,cat,whatever,symmetry-breaking sweep 2026-04-26
blared,cat,unrelated,assumed unrelated due to symmetry
blasé,gay,unrelated,assumed unrelated due to symmetry
bleach,cat,unrelated,assumed unrelated due to symmetry
bleak,cat,unrelated,assumed unrelated due to symmetry
bleat,cat,unrelated,assumed unrelated due to symmetry
bleeder,blue,whatever,symmetry-breaking sweep 2026-04-26
blighter,cat,unrelated,assumed unrelated due to symmetry
blighters,sadness,whatever,symmetry-breaking sweep 2026-04-26
bling,bee,unrelated,assumed unrelated due to symmetry
blinker,vote,unrelated,assumed unrelated due to symmetry
blitz,cat,unrelated,assumed unrelated due to symmetry
blitzed,atom,unrelated,assumed unrelated due to symmetry
blizzard,cat,unrelated,assumed unrelated due to symmetry
bloat,cat,whatever,symmetry-breaking sweep 2026-04-26
block,cat,unrelated,assumed unrelated due to symmetry
blockaded,run,unrelated,assumed unrelated due to symmetry
bloke,pirate,unrelated,assumed unrelated due to symmetry
bloke,cat,unrelated,assumed unrelated due to symmetry
bloke,religion,unrelated,assumed unrelated due to symmetry
blond,cat,unrelated,assumed unrelated due to symmetry
blonde,cat,unrelated,assumed unrelated due to symmetry
bloodstream,money,unrelated,assumed unrelated due to symmetry
bloomer,food,unrelated,assumed unrelated due to symmetry
blotter,cat,unrelated,assumed unrelated due to symmetry
blowfish,cat,unrelated,assumed unrelated due to symmetry
blubber,cat,unrelated,assumed unrelated due to symmetry
bluebook,moon,unrelated,assumed unrelated due to symmetry
blues,cat,whatever,symmetry-breaking sweep 2026-04-26
bluest,internet,unrelated,assumed unrelated due to symmetry
bluey,cat,whatever,symmetry-breaking sweep 2026-04-26
blurt,internet,unrelated,assumed unrelated due to symmetry
blurt,wind,unrelated,assumed unrelated due to symmetry
blushing,cat,unrelated,assumed unrelated due to symmetry
boa,cat,unrelated,assumed unrelated due to symmetry
boar,cat,unrelated,assumed unrelated due to symmetry
board,cat,unrelated,assumed unrelated due to symmetry
boater,cat,whatever,symmetry-breaking sweep 2026-04-26
bob,cat,unrelated,assumed unrelated due to symmetry
boba,dance,unrelated,assumed unrelated due to symmetry
bobble,cat,whatever,symmetry-breaking sweep 2026-04-26
bobby,cat,unrelated,assumed unrelated due to symmetry
bod,cat,whatever,symmetry-breaking sweep 2026-04-26
bodacious,lion,unrelated,assumed unrelated due to symmetry
body,cat,whatever,symmetry-breaking sweep 2026-04-26
bodysurfing,storm,whatever,symmetry-breaking sweep 2026-04-26
boff,biology,unrelated,assumed unrelated due to symmetry
bog,gay,unrelated,assumed unrelated due to symmetry
boggy,cat,unrelated,assumed unrelated due to symmetry
bohemia,pirate,unrelated,assumed unrelated due to symmetry
boiler,cat,unrelated,assumed unrelated due to symmetry
bold,cat,unrelated,assumed unrelated due to symmetry
bolsters,cat,unrelated,assumed unrelated due to symmetry
bolt,cat,unrelated,assumed unrelated due to symmetry
bolus,cat,unrelated,assumed unrelated due to symmetry
bonbon,heart,unrelated,assumed unrelated due to symmetry
bone,cat,whatever,symmetry-breaking sweep 2026-04-26
bones,beach,unrelated,assumed unrelated due to symmetry
bones,cat,whatever,symmetry-breaking sweep 2026-04-26
bong,cat,unrelated,assumed unrelated due to symmetry
bonny,cat,unrelated,assumed unrelated due to symmetry
bons,food,unrelated,assumed unrelated due to symmetry
bonsai,cat,unrelated,assumed unrelated due to symmetry
boo,cat,unrelated,assumed unrelated due to symmetry
booby,cat,unrelated,assumed unrelated due to symmetry
boof,cat,whatever,symmetry-breaking sweep 2026-04-26
booger,cat,unrelated,assumed unrelated due to symmetry
booger,moon,unrelated,assumed unrelated due to symmetry
book,cat,unrelated,assumed unrelated due to symmetry
booker,pirate,unrelated,assumed unrelated due to symmetry
bookworm,cat,unrelated,assumed unrelated due to symmetry
boomer,cat,unrelated,assumed unrelated due to symmetry
boomer,dog,unrelated,assumed unrelated due to symmetry
boomer,eagle,unrelated,assumed unrelated due to symmetry
boost,cat,unrelated,assumed unrelated due to symmetry
boot,cat,unrelated,assumed unrelated due to symmetry
booth,cat,unrelated,assumed unrelated due to symmetry
bop,cat,whatever,symmetry-breaking sweep 2026-04-26
border,cat,unrelated,assumed unrelated due to symmetry
bore,cat,unrelated,assumed unrelated due to symmetry
borehole,run,unrelated,assumed unrelated due to symmetry
borough,food,unrelated,assumed unrelated due to symmetry
borrow,gay,unrelated,assumed unrelated due to symmetry
boss,food,unrelated,assumed unrelated due to symmetry
boss,cat,unrelated,assumed unrelated due to symmetry
boss,religion,unrelated,assumed unrelated due to symmetry
bot,cat,unrelated,assumed unrelated due to symmetry
botanical,cat,whatever,symmetry-breaking sweep 2026-04-26
bothering,cat,whatever,symmetry-breaking sweep 2026-04-26
bounce,cat,unrelated,assumed unrelated due to symmetry
bouncers,cat,unrelated,assumed unrelated due to symmetry
bouquets,satellite,unrelated,assumed unrelated due to symmetry
bout,cat,unrelated,assumed unrelated due to symmetry
bowel,cat,whatever,symmetry-breaking sweep 2026-04-26
bower,cat,unrelated,assumed unrelated due to symmetry
bowler,cat,unrelated,assumed unrelated due to symmetry
bowler,horse,unrelated,assumed unrelated due to symmetry
bowmen,dragon,unrelated,assumed unrelated due to symmetry
bowtie,cat,whatever,symmetry-breaking sweep 2026-04-26
box,outside,unrelated,assumed unrelated due to symmetry
box,say,unrelated,assumed unrelated due to symmetry
box,never,unrelated,assumed unrelated due to symmetry
boxy,cat,unrelated,assumed unrelated due to symmetry
boy,much,unrelated,assumed unrelated due to symmetry
boyo,angel,unrelated,assumed unrelated due to symmetry
brackens,cat,unrelated,assumed unrelated due to symmetry
brad,cat,unrelated,assumed unrelated due to symmetry
brahmin,cat,unrelated,assumed unrelated due to symmetry
brainpower,bee,whatever,symmetry-breaking sweep 2026-04-26
bran,cat,unrelated,assumed unrelated due to symmetry
brand,cat,whatever,symmetry-breaking sweep 2026-04-26
brandy,food,unrelated,assumed unrelated due to symmetry
brat,cat,whatever,symmetry-breaking sweep 2026-04-26
bread,cat,whatever,symmetry-breaking sweep 2026-04-26
breadcrumb,snow,unrelated,assumed unrelated due to symmetry
breast,cat,whatever,symmetry-breaking sweep 2026-04-26
breathe,cat,whatever,symmetry-breaking sweep 2026-04-26
breather,cat,unrelated,assumed unrelated due to symmetry
brick,brain,unrelated,assumed unrelated due to symmetry
brick,rain,unrelated,assumed unrelated due to symmetry
brick,water,unrelated,assumed unrelated due to symmetry
bridging,cat,unrelated,assumed unrelated due to symmetry
brie,cat,unrelated,assumed unrelated due to symmetry
briefly,chess,unrelated,assumed unrelated due to symmetry
brier,cat,unrelated,assumed unrelated due to symmetry
brilliant,pirate,unrelated,assumed unrelated due to symmetry
brimstone,sky,whatever,symmetry-breaking sweep 2026-04-26
bring,cat,unrelated,assumed unrelated due to symmetry
bringers,snow,unrelated,assumed unrelated due to symmetry
bristle,cat,whatever,symmetry-breaking sweep 2026-04-26
british,cat,whatever,symmetry-breaking sweep 2026-04-26
broad,cat,unrelated,assumed unrelated due to symmetry
broadcasted,moon,unrelated,assumed unrelated due to symmetry
broadcasters,money,unrelated,assumed unrelated due to symmetry
brock,river,unrelated,assumed unrelated due to symmetry
broiler,cat,unrelated,assumed unrelated due to symmetry
bronchitis,cat,whatever,symmetry-breaking sweep 2026-04-26
brontosaurus,cat,unrelated,assumed unrelated due to symmetry
brood,cat,whatever,symmetry-breaking sweep 2026-04-26
broody,cat,whatever,symmetry-breaking sweep 2026-04-26
brother,cat,whatever,symmetry-breaking sweep 2026-04-26
brownie,cat,whatever,symmetry-breaking sweep 2026-04-26
browse,cat,whatever,symmetry-breaking sweep 2026-04-26
bruce,laugh,unrelated,assumed unrelated due to symmetry
bruiser,cat,whatever,symmetry-breaking sweep 2026-04-26
brunette,cat,unrelated,assumed unrelated due to symmetry
brussel,pirate,unrelated,assumed unrelated due to symmetry
brussel,cat,unrelated,assumed unrelated due to symmetry
brute,cat,whatever,symmetry-breaking sweep 2026-04-26
bub,cat,unrelated,assumed unrelated due to symmetry
bubbling,truth,unrelated,assumed unrelated due to symmetry
bubby,cat,unrelated,assumed unrelated due to symmetry
buck,cat,unrelated,assumed unrelated due to symmetry
buckle,cat,unrelated,assumed unrelated due to symmetry
buckles,cake,unrelated,assumed unrelated due to symmetry
bud,cat,unrelated,assumed unrelated due to symmetry
buddhist,cat,whatever,symmetry-breaking sweep 2026-04-26
buddy,food,unrelated,assumed unrelated due to symmetry
buddy,cat,whatever,symmetry-breaking sweep 2026-04-26
buff,cat,unrelated,assumed unrelated due to symmetry
buffers,soldier,unrelated,assumed unrelated due to symmetry
buffet,pirate,unrelated,assumed unrelated due to symmetry
buffeting,food,unrelated,assumed unrelated due to symmetry
buffoon,cat,unrelated,assumed unrelated due to symmetry
build,cat,unrelated,assumed unrelated due to symmetry
bull,cat,unrelated,assumed unrelated due to symmetry
bulldog,angel,unrelated,assumed unrelated due to symmetry
bully,cat,whatever,symmetry-breaking sweep 2026-04-26
bumble,cat,unrelated,assumed unrelated due to symmetry
bump,mine,unrelated,assumed unrelated due to symmetry
bumper,cat,whatever,symmetry-breaking sweep 2026-04-26
bumps,war,unrelated,assumed unrelated due to symmetry
bun,cat,unrelated,assumed unrelated due to symmetry
bundle,cat,unrelated,assumed unrelated due to symmetry
bundt,knife,unrelated,assumed unrelated due to symmetry
bungee,pirate,unrelated,assumed unrelated due to symmetry
bungee,tennis,unrelated,assumed unrelated due to symmetry
bunk,cat,unrelated,assumed unrelated due to symmetry
bunker,cat,unrelated,assumed unrelated due to symmetry
bunnies,soldier,unrelated,assumed unrelated due to symmetry
bunter,cat,unrelated,assumed unrelated due to symmetry
buoyant,food,unrelated,assumed unrelated due to symmetry
bureaucracy,snow,unrelated,assumed unrelated due to symmetry
burner,food,unrelated,assumed unrelated due to symmetry
burnt,cat,unrelated,assumed unrelated due to symmetry
burrata,kitchen,unrelated,assumed unrelated due to symmetry
burrow,cat,unrelated,assumed unrelated due to symmetry
bursting,cat,unrelated,assumed unrelated due to symmetry
bushwhack,snow,unrelated,assumed unrelated due to symmetry
bustling,skin,unrelated,assumed unrelated due to symmetry
butlers,cat,unrelated,assumed unrelated due to symmetry
butter,way,unrelated,assumed unrelated due to symmetry
butter,argue,unrelated,assumed unrelated due to symmetry
buzzing,cat,unrelated,assumed unrelated due to symmetry
cabana,cat,unrelated,assumed unrelated due to symmetry
cabbie,hospital,unrelated,assumed unrelated due to symmetry
cabbie,teacher,unrelated,assumed unrelated due to symmetry
caboose,gay,unrelated,assumed unrelated due to symmetry
cache,cat,unrelated,assumed unrelated due to symmetry
cad,cat,unrelated,assumed unrelated due to symmetry
cairn,cat,unrelated,assumed unrelated due to symmetry
cajole,ear,whatever,symmetry-breaking sweep 2026-04-26
cajun,cake,unrelated,assumed unrelated due to symmetry
cake,cat,whatever,symmetry-breaking sweep 2026-04-26
calf,cat,whatever,symmetry-breaking sweep 2026-04-26
calligraphy,knife,unrelated,assumed unrelated due to symmetry
calm,soldier,unrelated,assumed unrelated due to symmetry
cam,cat,unrelated,assumed unrelated due to symmetry
camel,cat,unrelated,assumed unrelated due to symmetry
camellia,cat,whatever,symmetry-breaking sweep 2026-04-26
campaigns,meat,unrelated,assumed unrelated due to symmetry
camped,heart,unrelated,assumed unrelated due to symmetry
campy,cake,unrelated,assumed unrelated due to symmetry
cancellations,cat,unrelated,assumed unrelated due to symmetry
cancer,cat,whatever,symmetry-breaking sweep 2026-04-26
candid,food,unrelated,assumed unrelated due to symmetry
candy,cat,unrelated,assumed unrelated due to symmetry
candy,coke,unrelated_ish,assumed unrelated due to symmetry
canst,pirate,unrelated,assumed unrelated due to symmetry
cantata,battery,unrelated,assumed unrelated due to symmetry
canteen,gay,unrelated,assumed unrelated due to symmetry
cantina,church,unrelated,assumed unrelated due to symmetry
canting,cat,unrelated,assumed unrelated due to symmetry
canton,food,unrelated,assumed unrelated due to symmetry
cants,doctor,unrelated,assumed unrelated due to symmetry
capacious,eagle,unrelated,assumed unrelated due to symmetry
cape,cat,unrelated,assumed unrelated due to symmetry
cappella,cat,unrelated,assumed unrelated due to symmetry
car,cat,whatever,symmetry-breaking sweep 2026-04-26
carboniferous,cat,unrelated,assumed unrelated due to symmetry
carcinoma,cat,whatever,symmetry-breaking sweep 2026-04-26
cardboard,chess,unrelated,assumed unrelated due to symmetry
cardiopulmonary,sleep,whatever,symmetry-breaking sweep 2026-04-26
cards,cat,unrelated,assumed unrelated due to symmetry
carnation,cat,unrelated,assumed unrelated due to symmetry
carney,cook,unrelated,assumed unrelated due to symmetry
carrie,cat,unrelated,assumed unrelated due to symmetry
carrot,cat,unrelated,assumed unrelated due to symmetry
cart,cat,whatever,symmetry-breaking sweep 2026-04-26
carton,cat,unrelated,assumed unrelated due to symmetry
carve,demon,unrelated,assumed unrelated due to symmetry
casebook,cat,unrelated,assumed unrelated due to symmetry
cassette,knife,unrelated,assumed unrelated due to symmetry
castilians,demon,unrelated,assumed unrelated due to symmetry
cat,coke,unrelated,assumed unrelated due to symmetry
cat,football,unrelated,assumed unrelated due to symmetry
catatonic,cat,unrelated,assumed unrelated due to symmetry
cathartic,cat,unrelated,assumed unrelated due to symmetry
cats,war,unrelated,assumed unrelated due to symmetry
cavity,battery,unrelated,assumed unrelated due to symmetry
cavort,cat,whatever,symmetry-breaking sweep 2026-04-26
celeriac,knife,unrelated,assumed unrelated due to symmetry
celery,blue,unrelated,assumed unrelated due to symmetry
centerpiece,angel,whatever,symmetry-breaking sweep 2026-04-26
centreline,river,unrelated,assumed unrelated due to symmetry
cephalopod,beyond,unrelated,assumed unrelated due to symmetry
cephalothorax,skin,unrelated,assumed unrelated due to symmetry
cephalothorax,beyond,unrelated,assumed unrelated due to symmetry
cereal,cat,whatever,symmetry-breaking sweep 2026-04-26
cetacean,cat,unrelated,assumed unrelated due to symmetry
chain,cat,unrelated,assumed unrelated due to symmetry
champ,cat,unrelated,assumed unrelated due to symmetry
chance,cat,unrelated,assumed unrelated due to symmetry
chandeliers,lion,unrelated,assumed unrelated due to symmetry
chang,cook,unrelated,assumed unrelated due to symmetry
chapeau,cat,unrelated,assumed unrelated due to symmetry
chappy,run,unrelated,assumed unrelated due to symmetry
charge,cat,unrelated,assumed unrelated due to symmetry
charlotte,cat,unrelated,assumed unrelated due to symmetry
chartreuse,cat,unrelated,assumed unrelated due to symmetry
chaser,cat,whatever,symmetry-breaking sweep 2026-04-26
chassis,crime,unrelated,assumed unrelated due to symmetry
chassis,pasta,unrelated,assumed unrelated due to symmetry
chassis,person,unrelated,assumed unrelated due to symmetry
chatter,gay,unrelated,assumed unrelated due to symmetry
cheeks,cat,unrelated,assumed unrelated due to symmetry
cheep,cat,unrelated,assumed unrelated due to symmetry
cheer,coke,unrelated,assumed unrelated due to symmetry
cheese,cat,unrelated,assumed unrelated due to symmetry
chef,cat,whatever,symmetry-breaking sweep 2026-04-26
cheffy,lawyer,unrelated,assumed unrelated due to symmetry
chemically,religion,unrelated,assumed unrelated due to symmetry
chemo,coffee,unrelated,assumed unrelated due to symmetry
chenille,cat,unrelated,assumed unrelated due to symmetry
chest,cat,whatever,symmetry-breaking sweep 2026-04-26
chester,food,unrelated,assumed unrelated due to symmetry
chesterfield,city,unrelated,assumed unrelated due to symmetry
chew,cat,whatever,symmetry-breaking sweep 2026-04-26
chewy,cat,unrelated,assumed unrelated due to symmetry
chi,food,unrelated,assumed unrelated due to symmetry
chi,sun,unrelated,assumed unrelated due to symmetry
chiaroscuro,skin,unrelated,assumed unrelated due to symmetry
chicago,gay,unrelated,assumed unrelated due to symmetry
child,food,whatever,symmetry-breaking sweep 2026-04-26
chiller,cat,whatever,symmetry-breaking sweep 2026-04-26
chimera,brain,unrelated,assumed unrelated due to symmetry
chimera,coke,unrelated,assumed unrelated due to symmetry
chimera,rain,unrelated,assumed unrelated due to symmetry
chimera,water,unrelated,assumed unrelated due to symmetry
chimp,cat,whatever,symmetry-breaking sweep 2026-04-26
chimpanzee,pirate,whatever,symmetry-breaking sweep 2026-04-26
chinchilla,cat,unrelated,assumed unrelated due to symmetry
chinchilla,gone,unrelated,assumed unrelated due to symmetry
chit,cat,unrelated,assumed unrelated due to symmetry
chittering,snow,unrelated,assumed unrelated due to symmetry
chocking,cat,unrelated,assumed unrelated due to symmetry
cholos,meat,unrelated,assumed unrelated due to symmetry
choose,cat,whatever,symmetry-breaking sweep 2026-04-26
chortles,sleep,unrelated,assumed unrelated due to symmetry
chowder,cat,unrelated,assumed unrelated due to symmetry
christmas,cat,whatever,symmetry-breaking sweep 2026-04-26
chuff,cat,unrelated,assumed unrelated due to symmetry
chum,cat,unrelated,assumed unrelated due to symmetry
chunk,cat,unrelated,assumed unrelated due to symmetry
churchyard,soldier,unrelated,assumed unrelated due to symmetry
cigarette,cat,unrelated,assumed unrelated due to symmetry
cinch,cat,unrelated,assumed unrelated due to symmetry
circuitry,chess,unrelated,assumed unrelated due to symmetry
ciudad,heart,unrelated,assumed unrelated due to symmetry
clack,gay,unrelated,assumed unrelated due to symmetry
claim,cat,unrelated,assumed unrelated due to symmetry
claimant,cat,unrelated,assumed unrelated due to symmetry
clang,cat,unrelated,assumed unrelated due to symmetry
clappers,church,unrelated,assumed unrelated due to symmetry
claret,pirate,unrelated,assumed unrelated due to symmetry
clashing,food,unrelated,assumed unrelated due to symmetry
clause,cat,unrelated,assumed unrelated due to symmetry
clerical,cat,unrelated,assumed unrelated due to symmetry
climbers,cat,unrelated,assumed unrelated due to symmetry
clings,meat,unrelated,assumed unrelated due to symmetry
clip,always,unrelated,assumed unrelated due to symmetry
cloaca,cat,unrelated,assumed unrelated due to symmetry
cloche,cat,unrelated,assumed unrelated due to symmetry
clocking,war,unrelated,assumed unrelated due to symmetry
clomping,cat,unrelated,assumed unrelated due to symmetry
closer,dream,unrelated,assumed unrelated due to symmetry
cloth,cat,unrelated,assumed unrelated due to symmetry
cloth,moon,unrelated,assumed unrelated due to symmetry
clothing,gay,unrelated,assumed unrelated due to symmetry
cloud,coke,unrelated,assumed unrelated due to symmetry
cloud,cat,unrelated,assumed unrelated due to symmetry
clouds,coke,unrelated,assumed unrelated due to symmetry
clouds,brain,unrelated_ish,assumed unrelated due to symmetry
cloudy,cat,unrelated,assumed unrelated due to symmetry
clove,cat,unrelated,assumed unrelated due to symmetry
cloying,food,whatever,symmetry-breaking sweep 2026-04-26
cluck,cat,unrelated,assumed unrelated due to symmetry
clue,cat,unrelated,assumed unrelated due to symmetry
clutters,cook,unrelated,assumed unrelated due to symmetry
coat,cat,whatever,symmetry-breaking sweep 2026-04-26
coca,cat,unrelated,assumed unrelated due to symmetry
cocaine,food,unrelated,assumed unrelated due to symmetry
cocaine,cat,unrelated,assumed unrelated due to symmetry
coccyx,heart,unrelated,assumed unrelated due to symmetry
cockamamy,money,unrelated,assumed unrelated due to symmetry
cocker,pirate,unrelated,assumed unrelated due to symmetry
cocker,cat,unrelated,assumed unrelated due to symmetry
cocoa,heart,unrelated,assumed unrelated due to symmetry
cocoon,cat,unrelated,assumed unrelated due to symmetry
coder,hospital,unrelated,assumed unrelated due to symmetry
coffin,clock,whatever,symmetry-breaking sweep 2026-04-26
cohabitate,bear,whatever,symmetry-breaking sweep 2026-04-26
coherence,cat,unrelated,assumed unrelated due to symmetry
coherent,cat,unrelated,assumed unrelated due to symmetry
coke,gay,unrelated,assumed unrelated due to symmetry
cola,cat,unrelated,assumed unrelated due to symmetry
collard,cat,whatever,symmetry-breaking sweep 2026-04-26
collate,run,unrelated,assumed unrelated due to symmetry
collie,angel,unrelated,assumed unrelated due to symmetry
collier,dog,unrelated,assumed unrelated due to symmetry
collies,atom,unrelated,assumed unrelated due to symmetry
collision,run,whatever,symmetry-breaking sweep 2026-04-26
colon,cat,unrelated,assumed unrelated due to symmetry
colonic,cat,unrelated,assumed unrelated due to symmetry
colorectal,knife,unrelated,assumed unrelated due to symmetry
colorectal,cat,whatever,symmetry-breaking sweep 2026-04-26
come,mine,unrelated,assumed unrelated due to symmetry
comet,eagle,whatever,symmetry-breaking sweep 2026-04-26
command,cat,whatever,symmetry-breaking sweep 2026-04-26
commie,cat,unrelated,assumed unrelated due to symmetry
commit,clock,whatever,symmetry-breaking sweep 2026-04-26
common,cat,whatever,symmetry-breaking sweep 2026-04-26
communiqué,demon,unrelated,assumed unrelated due to symmetry
communism,inside,unrelated,assumed unrelated due to symmetry
community,cat,unrelated,assumed unrelated due to symmetry
compact,boxing,unrelated,assumed unrelated due to symmetry
compadre,soul,whatever,symmetry-breaking sweep 2026-04-26
comparative,run,unrelated,assumed unrelated due to symmetry
compatriot,robot,whatever,symmetry-breaking sweep 2026-04-26
compels,cat,unrelated,assumed unrelated due to symmetry
compiling,city,unrelated,assumed unrelated due to symmetry
completion,moon,whatever,symmetry-breaking sweep 2026-04-26
comply,gay,unrelated,assumed unrelated due to symmetry
components,horse,unrelated,assumed unrelated due to symmetry
computation,gay,unrelated,assumed unrelated due to symmetry
computer,coke,unrelated,assumed unrelated due to symmetry
computer,cat,whatever,symmetry-breaking sweep 2026-04-26
conceit,gay,unrelated,assumed unrelated due to symmetry
concerned,wind,whatever,symmetry-breaking sweep 2026-04-26
concerning,cat,unrelated,assumed unrelated due to symmetry
conches,knife,unrelated,assumed unrelated due to symmetry
condemn,cat,unrelated,assumed unrelated due to symmetry
conditions,tree,unrelated,assumed unrelated due to symmetry
condor,cat,unrelated,assumed unrelated due to symmetry
conducting,boxing,unrelated,assumed unrelated due to symmetry
conduction,run,unrelated,assumed unrelated due to symmetry
confab,vote,unrelated,assumed unrelated due to symmetry
confessional,boxing,unrelated,assumed unrelated due to symmetry
configure,food,unrelated,assumed unrelated due to symmetry
confine,cat,whatever,symmetry-breaking sweep 2026-04-26
confines,cat,unrelated,assumed unrelated due to symmetry
confirm,church,whatever,symmetry-breaking sweep 2026-04-26
confirmed,cat,unrelated,assumed unrelated due to symmetry
confiscations,cat,unrelated,assumed unrelated due to symmetry
confronts,money,unrelated,assumed unrelated due to symmetry
congestive,cat,whatever,symmetry-breaking sweep 2026-04-26
congestive,city,whatever,symmetry-breaking sweep 2026-04-26
conn,pirate,unrelated,assumed unrelated due to symmetry
connotation,pirate,unrelated,assumed unrelated due to symmetry
consequential,gay,unrelated,assumed unrelated due to symmetry
conservative,cat,unrelated,assumed unrelated due to symmetry
consider,city,unrelated,assumed unrelated due to symmetry
consolidation,pirate,unrelated,assumed unrelated due to symmetry
consort,death,whatever,symmetry-breaking sweep 2026-04-26
consorted,cat,unrelated,assumed unrelated due to symmetry
constrictor,cat,unrelated,assumed unrelated due to symmetry
construct,food,unrelated,assumed unrelated due to symmetry
construct,cat,unrelated,assumed unrelated due to symmetry
consult,cat,unrelated,assumed unrelated due to symmetry
consultant,pirate,unrelated,assumed unrelated due to symmetry
container,cat,unrelated,assumed unrelated due to symmetry
contessa,doctor,unrelated,assumed unrelated due to symmetry
contest,cat,whatever,symmetry-breaking sweep 2026-04-26
continuation,cat,unrelated,assumed unrelated due to symmetry
contribution,gay,unrelated,assumed unrelated due to symmetry
contributor,angel,unrelated,assumed unrelated due to symmetry
contrite,cat,unrelated,assumed unrelated due to symmetry
convenience,sleep,whatever,symmetry-breaking sweep 2026-04-26
conventional,cat,unrelated,assumed unrelated due to symmetry
convincing,soul,unrelated,assumed unrelated due to symmetry
cook,cat,whatever,symmetry-breaking sweep 2026-04-26
cookie,go,unrelated,assumed unrelated due to symmetry
coolly,cat,unrelated,assumed unrelated due to symmetry
coop,cat,whatever,symmetry-breaking sweep 2026-04-26
cooperate,bear,unrelated,assumed unrelated due to symmetry
cooperations,art,whatever,symmetry-breaking sweep 2026-04-26
coordinating,river,unrelated,assumed unrelated due to symmetry
coot,cat,unrelated,assumed unrelated due to symmetry
coquette,demon,unrelated,assumed unrelated due to symmetry
coral,music,unrelated,assumed unrelated due to symmetry
coral,person,unrelated,assumed unrelated due to symmetry
corn,never,unrelated,assumed unrelated due to symmetry
corn,cat,whatever,symmetry-breaking sweep 2026-04-26
cornea,pirate,unrelated,assumed unrelated due to symmetry
cornet,food,unrelated,assumed unrelated due to symmetry
coronets,clock,unrelated,assumed unrelated due to symmetry
cosmetology,food,unrelated,assumed unrelated due to symmetry
cosplay,justice,unrelated,assumed unrelated due to symmetry
cosset,cat,whatever,symmetry-breaking sweep 2026-04-26
costa,cook,unrelated,assumed unrelated due to symmetry
cot,cat,unrelated,assumed unrelated due to symmetry
cotton,cat,unrelated,assumed unrelated due to symmetry
couches,clock,unrelated,assumed unrelated due to symmetry
cough,cat,whatever,symmetry-breaking sweep 2026-04-26
couple,pirate,unrelated,assumed unrelated due to symmetry
courser,gay,unrelated,assumed unrelated due to symmetry
cove,cat,unrelated,assumed unrelated due to symmetry
cover,cat,whatever,symmetry-breaking sweep 2026-04-26
covers,doctor,whatever,symmetry-breaking sweep 2026-04-26
coyote,cat,unrelated,assumed unrelated due to symmetry
coyote,tree,unrelated,assumed unrelated due to symmetry
crabby,cat,whatever,symmetry-breaking sweep 2026-04-26
cracks,sleep,unrelated,assumed unrelated due to symmetry
cradle,time,unrelated,assumed unrelated due to symmetry
cranky,cat,whatever,symmetry-breaking sweep 2026-04-26
crapped,battery,whatever,symmetry-breaking sweep 2026-04-26
crappers,swim,unrelated,assumed unrelated due to symmetry
crate,cat,unrelated,assumed unrelated due to symmetry
crater,still,unrelated,assumed unrelated due to symmetry
craw,cat,whatever,symmetry-breaking sweep 2026-04-26
craws,atom,unrelated,assumed unrelated due to symmetry
creates,sing,whatever,symmetry-breaking sweep 2026-04-26
credibility,cat,unrelated,assumed unrelated due to symmetry
creek,pirate,unrelated,assumed unrelated due to symmetry
creek,snow,whatever,symmetry-breaking sweep 2026-04-26
creeps,gay,unrelated,assumed unrelated due to symmetry
crevasses,cat,unrelated,assumed unrelated due to symmetry
crime,apple,unrelated,assumed unrelated due to symmetry
crime,coke,unrelated,assumed unrelated due to symmetry
crime,crane,unrelated,assumed unrelated due to symmetry
crime,football,unrelated,assumed unrelated due to symmetry
crime,garden,unrelated,assumed unrelated due to symmetry
crime,light,unrelated,assumed unrelated due to symmetry
crime,spring,unrelated,assumed unrelated due to symmetry
crime,wedding,unrelated,assumed unrelated due to symmetry
crime,winter,unrelated,assumed unrelated due to symmetry
criminality,gay,unrelated,assumed unrelated due to symmetry
criminologist,gay,unrelated,assumed unrelated due to symmetry
crims,sun,unrelated,assumed unrelated due to symmetry
crinkle,gay,unrelated,assumed unrelated due to symmetry
cripes,truth,unrelated,assumed unrelated due to symmetry
cripple,chess,unrelated,assumed unrelated due to symmetry
crisp,cat,unrelated,assumed unrelated due to symmetry
criss-cross,dance,whatever,symmetry-breaking sweep 2026-04-26
crocheted,internet,unrelated,assumed unrelated due to symmetry
crocodilian,cat,unrelated,assumed unrelated due to symmetry
crook,food,unrelated,assumed unrelated due to symmetry
croon,gay,unrelated,assumed unrelated due to symmetry
cross,cat,unrelated,assumed unrelated due to symmetry
crossing,ear,unrelated,assumed unrelated due to symmetry
crosstown,tennis,unrelated,assumed unrelated due to symmetry
cruel,cat,whatever,symmetry-breaking sweep 2026-04-26
crumbling,cat,unrelated,assumed unrelated due to symmetry
crummy,cat,unrelated,assumed unrelated due to symmetry
crunch,cat,unrelated,assumed unrelated due to symmetry
crusades,tiger,unrelated,assumed unrelated due to symmetry
crush,cat,whatever,symmetry-breaking sweep 2026-04-26
crusty,cat,unrelated,assumed unrelated due to symmetry
cry,cat,whatever,symmetry-breaking sweep 2026-04-26
crybaby,pirate,unrelated,assumed unrelated due to symmetry
crypt,gimme,unrelated,assumed unrelated due to symmetry
crystal,cat,unrelated,assumed unrelated due to symmetry
cub,cat,unrelated,assumed unrelated due to symmetry
cube,dragon,unrelated,assumed unrelated due to symmetry
cucks,meat,unrelated,assumed unrelated due to symmetry
cud,cat,unrelated,assumed unrelated due to symmetry
cuffing,cat,unrelated,assumed unrelated due to symmetry
cuffing,dog,unrelated,assumed unrelated due to symmetry
cunnilingus,dance,unrelated,assumed unrelated due to symmetry
cupolas,ear,unrelated,assumed unrelated due to symmetry
cupping,sleep,unrelated,assumed unrelated due to symmetry
curb,cat,unrelated,assumed unrelated due to symmetry
curbside,kitchen,unrelated,assumed unrelated due to symmetry
cure,cat,unrelated,assumed unrelated due to symmetry
curiosity,bear,whatever,symmetry-breaking sweep 2026-04-26
curl,gay,unrelated,assumed unrelated due to symmetry
cushy,cat,unrelated,assumed unrelated due to symmetry
cussed,cat,unrelated,assumed unrelated due to symmetry
cussing,book,whatever,symmetry-breaking sweep 2026-04-26
custodian,cook,unrelated,assumed unrelated due to symmetry
cut,cat,unrelated,assumed unrelated due to symmetry
cutout,food,unrelated,assumed unrelated due to symmetry
cutter,cat,unrelated,assumed unrelated due to symmetry
cyber,cat,unrelated,assumed unrelated due to symmetry
cycle,cat,unrelated,assumed unrelated due to symmetry
cyclo,run,unrelated,assumed unrelated due to symmetry
cyclotron,doctor,whatever,symmetry-breaking sweep 2026-04-26
cynic,cat,unrelated,assumed unrelated due to symmetry
dabbles,cat,unrelated,assumed unrelated due to symmetry
daddy,bee,unrelated,assumed unrelated due to symmetry
daisy,cat,whatever,symmetry-breaking sweep 2026-04-26
dalmatian,cat,whatever,symmetry-breaking sweep 2026-04-26
damnation,book,unrelated,assumed unrelated due to symmetry
danceable,heart,unrelated,assumed unrelated due to symmetry
dashcam,dog,unrelated,assumed unrelated due to symmetry
data,cat,whatever,symmetry-breaking sweep 2026-04-26
dauphin,bear,unrelated,assumed unrelated due to symmetry
dauphin,swim,unrelated,assumed unrelated due to symmetry
davisdon,george,unrelated,assumed unrelated due to symmetry
deary,river,unrelated,assumed unrelated due to symmetry
death,chess,unrelated,assumed unrelated due to symmetry
debt,cat,unrelated,assumed unrelated due to symmetry
decathlete,soldier,unrelated,assumed unrelated due to symmetry
deceptions,moon,whatever,symmetry-breaking sweep 2026-04-26
decimal,teacher,unrelated,assumed unrelated due to symmetry
declares,sadness,unrelated,assumed unrelated due to symmetry
declension,religion,unrelated,assumed unrelated due to symmetry
decoder,gay,unrelated,assumed unrelated due to symmetry
decoder,clock,unrelated,assumed unrelated due to symmetry
decolonize,bear,unrelated,assumed unrelated due to symmetry
decontrol,vote,unrelated,assumed unrelated due to symmetry
decoupled,cat,unrelated,assumed unrelated due to symmetry
decrypts,cat,unrelated,assumed unrelated due to symmetry
deduct,gay,unrelated,assumed unrelated due to symmetry
deduction,cat,unrelated,assumed unrelated due to symmetry
deepen,cat,unrelated,assumed unrelated due to symmetry
deer,cat,unrelated,assumed unrelated due to symmetry
defendant,pirate,whatever,symmetry-breaking sweep 2026-04-26
deflate,tennis,unrelated,assumed unrelated due to symmetry
deflating,dragon,unrelated,assumed unrelated due to symmetry
deflowering,cake,unrelated,assumed unrelated due to symmetry
deforms,cake,whatever,symmetry-breaking sweep 2026-04-26
degradation,cat,unrelated,assumed unrelated due to symmetry
dehumanize,cat,unrelated,assumed unrelated due to symmetry
dehumanized,truth,unrelated,assumed unrelated due to symmetry
dele,food,unrelated,assumed unrelated due to symmetry
delegation,gay,unrelated,assumed unrelated due to symmetry
deleterious,pirate,whatever,symmetry-breaking sweep 2026-04-26
delirious,cat,whatever,symmetry-breaking sweep 2026-04-26
deluxe,sleep,whatever,symmetry-breaking sweep 2026-04-26
demerits,cat,unrelated,assumed unrelated due to symmetry
demigod,moon,whatever,symmetry-breaking sweep 2026-04-26
denims,cat,unrelated,assumed unrelated due to symmetry
dénouement,demon,unrelated,assumed unrelated due to symmetry
dependency,cat,unrelated,assumed unrelated due to symmetry
depredation,eagle,unrelated,assumed unrelated due to symmetry
derail,pirate,unrelated,assumed unrelated due to symmetry
derides,cat,unrelated,assumed unrelated due to symmetry
design,church,unrelated,assumed unrelated due to symmetry
desk,chess,whatever,symmetry-breaking sweep 2026-04-26
destroy,cat,whatever,symmetry-breaking sweep 2026-04-26
destroyers,horse,unrelated,assumed unrelated due to symmetry
destruction,gay,unrelated,assumed unrelated due to symmetry
detainment,gay,whatever,symmetry-breaking sweep 2026-04-26
detector,cat,unrelated,assumed unrelated due to symmetry
detergent,cat,unrelated,assumed unrelated due to symmetry
detests,cat,unrelated,assumed unrelated due to symmetry
devolution,gay,unrelated,assumed unrelated due to symmetry
devolve,cat,unrelated,assumed unrelated due to symmetry
dialyze,heart,unrelated,assumed unrelated due to symmetry
diameters,cat,unrelated,assumed unrelated due to symmetry
diaper,cat,whatever,symmetry-breaking sweep 2026-04-26
dib,bee,unrelated,assumed unrelated due to symmetry
dick,cat,unrelated,assumed unrelated due to symmetry
dickens,cat,unrelated,assumed unrelated due to symmetry
diddled,cat,unrelated,assumed unrelated due to symmetry
didst,write,unrelated,assumed unrelated due to symmetry
diesel,cat,unrelated_ish,assumed unrelated due to symmetry
diff,horse,unrelated,assumed unrelated due to symmetry
differential,bear,unrelated,assumed unrelated due to symmetry
dignifying,cat,whatever,symmetry-breaking sweep 2026-04-26
digoxin,cat,unrelated_ish,assumed unrelated due to symmetry
dilute,food,unrelated,assumed unrelated due to symmetry
dined,vote,unrelated,assumed unrelated due to symmetry
dingo,cat,unrelated,assumed unrelated due to symmetry
dingus,robot,unrelated,assumed unrelated due to symmetry
dink,death,unrelated,assumed unrelated due to symmetry
diorama,chess,unrelated,assumed unrelated due to symmetry
diplomatically,gay,unrelated,assumed unrelated due to symmetry
direct,cat,unrelated,assumed unrelated due to symmetry
dirt,cat,unrelated,assumed unrelated due to symmetry
disabuse,gay,unrelated,assumed unrelated due to symmetry
disabuses,religion,whatever,symmetry-breaking sweep 2026-04-26
disagreeable,food,unrelated,assumed unrelated due to symmetry
disappoint,food,unrelated,assumed unrelated due to symmetry
disbarment,battery,unrelated,assumed unrelated due to symmetry
discontent,gay,unrelated,assumed unrelated due to symmetry
discoverer,death,unrelated,assumed unrelated due to symmetry
discriminating,laugh,whatever,symmetry-breaking sweep 2026-04-26
disentangle,cat,unrelated,assumed unrelated due to symmetry
disfigure,cat,whatever,symmetry-breaking sweep 2026-04-26
disgraces,cat,unrelated,assumed unrelated due to symmetry
disgracing,cake,unrelated,assumed unrelated due to symmetry
disincline,bear,unrelated,assumed unrelated due to symmetry
disparity,sadness,whatever,symmetry-breaking sweep 2026-04-26
dispatches,eagle,unrelated,assumed unrelated due to symmetry
dispelled,atom,unrelated,assumed unrelated due to symmetry
disposing,cat,unrelated,assumed unrelated due to symmetry
disposition,cat,unrelated,assumed unrelated due to symmetry
disproving,cat,unrelated,assumed unrelated due to symmetry
disrespected,cat,unrelated,assumed unrelated due to symmetry
disrupt,cook,unrelated,assumed unrelated due to symmetry
dissipation,gay,unrelated,assumed unrelated due to symmetry
distance,cat,whatever,symmetry-breaking sweep 2026-04-26
distribute,pirate,whatever,symmetry-breaking sweep 2026-04-26
distributor,pirate,unrelated,assumed unrelated due to symmetry
distributors,cat,unrelated,assumed unrelated due to symmetry
divan,cat,unrelated,assumed unrelated due to symmetry
divergent,food,unrelated,assumed unrelated due to symmetry
divorcee,cat,unrelated,assumed unrelated due to symmetry
dixie,cat,unrelated,assumed unrelated due to symmetry
dizzy,soul,unrelated,assumed unrelated due to symmetry
dobbin,cat,whatever,symmetry-breaking sweep 2026-04-26
docile,food,unrelated,assumed unrelated due to symmetry
docs,cat,unrelated,assumed unrelated due to symmetry
docudrama,art,whatever,symmetry-breaking sweep 2026-04-26
dog,coke,unrelated,assumed unrelated due to symmetry
dog,pasta,unrelated,assumed unrelated due to symmetry
dog,over,unrelated,assumed unrelated due to symmetry
dog,football,unrelated_ish,assumed unrelated due to symmetry
dog,heart,whatever,symmetry-breaking sweep 2026-04-26
dogmatic,cat,unrelated,assumed unrelated due to symmetry
dojo,kitchen,unrelated,assumed unrelated due to symmetry
dojos,robot,unrelated,assumed unrelated due to symmetry
doll,cat,whatever,symmetry-breaking sweep 2026-04-26
dollhouse,sleep,unrelated,assumed unrelated due to symmetry
dolphin,coke,unrelated,assumed unrelated due to symmetry
dolphin,rain,unrelated,assumed unrelated due to symmetry
dolphin,brain,unrelated_ish,assumed unrelated due to symmetry
domestically,food,unrelated,assumed unrelated due to symmetry
domestique,cat,unrelated,assumed unrelated due to symmetry
dominant,pirate,whatever,symmetry-breaking sweep 2026-04-26
dominant,cat,whatever,symmetry-breaking sweep 2026-04-26
dominating,food,unrelated,assumed unrelated due to symmetry
dominatrix,cat,unrelated,assumed unrelated due to symmetry
domineer,chess,whatever,symmetry-breaking sweep 2026-04-26
donkey,war,unrelated,assumed unrelated due to symmetry
donors,tiger,whatever,symmetry-breaking sweep 2026-04-26
doodle,pirate,unrelated,assumed unrelated due to symmetry
doozy,tiger,unrelated,assumed unrelated due to symmetry
dossier,tiger,unrelated,assumed unrelated due to symmetry
dotty,cat,whatever,symmetry-breaking sweep 2026-04-26
doubloons,justice,unrelated,assumed unrelated due to symmetry
dougie,snow,unrelated,assumed unrelated due to symmetry
dour,death,unrelated,assumed unrelated due to symmetry
douse,cat,unrelated,assumed unrelated due to symmetry
dove,pirate,unrelated,assumed unrelated due to symmetry
dowdy,food,unrelated,assumed unrelated due to symmetry
dowels,cat,unrelated,assumed unrelated due to symmetry
downstairs,cat,whatever,symmetry-breaking sweep 2026-04-26
doxx,robot,unrelated,assumed unrelated due to symmetry
drabble,war,unrelated,assumed unrelated due to symmetry
drag,cat,unrelated,assumed unrelated due to symmetry
dragon,cat,unrelated,assumed unrelated due to symmetry
dragooned,cat,unrelated,assumed unrelated due to symmetry
drain,person,unrelated,assumed unrelated due to symmetry
drainpipe,run,unrelated_ish,assumed unrelated due to symmetry
drape,gay,unrelated,assumed unrelated due to symmetry
draw,cat,unrelated,assumed unrelated due to symmetry
drawer,cat,unrelated,assumed unrelated due to symmetry
dream,cat,whatever,symmetry-breaking sweep 2026-04-26
dresser,dance,unrelated,assumed unrelated due to symmetry
dressers,cat,unrelated,assumed unrelated due to symmetry
dressings,cat,unrelated,assumed unrelated due to symmetry
drew,food,unrelated,assumed unrelated due to symmetry
drew,angel,unrelated,assumed unrelated due to symmetry
drew,shark,unrelated,assumed unrelated due to symmetry
drier,cat,unrelated,assumed unrelated due to symmetry
drink,even,unrelated,assumed unrelated due to symmetry
droopy,cat,unrelated,assumed unrelated due to symmetry
drum,cat,unrelated,assumed unrelated due to symmetry
dry,teacher,unrelated,assumed unrelated due to symmetry
dualistic,pirate,unrelated,assumed unrelated due to symmetry
duck,coke,unrelated,assumed unrelated due to symmetry
duck,football,unrelated,assumed unrelated due to symmetry
duck,music,unrelated,assumed unrelated due to symmetry
duck,person,unrelated,assumed unrelated due to symmetry
duck,prayers,unrelated,assumed unrelated due to symmetry
duck,star,unrelated,assumed unrelated due to symmetry
duckling,pirate,unrelated,assumed unrelated due to symmetry
ducky,cat,whatever,symmetry-breaking sweep 2026-04-26
duct,cat,unrelated,assumed unrelated due to symmetry
dude,cat,unrelated,assumed unrelated due to symmetry
duff,gay,unrelated,assumed unrelated due to symmetry
duke,gay,unrelated,assumed unrelated due to symmetry
dulcet,dream,unrelated,assumed unrelated due to symmetry
dulled,cat,unrelated,assumed unrelated due to symmetry
duly,shark,unrelated,assumed unrelated due to symmetry
dumb,coke,unrelated,assumed unrelated due to symmetry
dumb,gay,unrelated,assumed unrelated due to symmetry
dumb,rain,unrelated,assumed unrelated due to symmetry
dumb,water,unrelated,assumed unrelated due to symmetry
dump,witch,unrelated,assumed unrelated due to symmetry
dumps,cat,unrelated,assumed unrelated due to symmetry
dunning,cat,unrelated,assumed unrelated due to symmetry
dupe,shark,unrelated,assumed unrelated due to symmetry
duplicity,food,unrelated,assumed unrelated due to symmetry
durst,food,unrelated,assumed unrelated due to symmetry
duster,cat,unrelated,assumed unrelated due to symmetry
dusty,cat,unrelated,assumed unrelated due to symmetry
dutch,cat,unrelated,assumed unrelated due to symmetry
dweller,vote,whatever,symmetry-breaking sweep 2026-04-26
dyer,cat,unrelated,assumed unrelated due to symmetry
dyslexia,bee,unrelated,assumed unrelated due to symmetry
earful,vote,unrelated,assumed unrelated due to symmetry
earring,money,unrelated,assumed unrelated due to symmetry
earthbound,robot,unrelated,assumed unrelated due to symmetry
east,clock,unrelated,assumed unrelated due to symmetry
east,run,whatever,symmetry-breaking sweep 2026-04-26
eats,bee,whatever,symmetry-breaking sweep 2026-04-26
ebony,pirate,unrelated,assumed unrelated due to symmetry
ecclesiastic,cat,unrelated,assumed unrelated due to symmetry
ecclesiastical,cat,unrelated,assumed unrelated due to symmetry
eclair,storm,unrelated,assumed unrelated due to symmetry
eclipse,food,unrelated,assumed unrelated due to symmetry
ecological,gay,unrelated,assumed unrelated due to symmetry
ecology,cat,whatever,symmetry-breaking sweep 2026-04-26
economy,red,unrelated,assumed unrelated due to symmetry
edema,snow,unrelated,assumed unrelated due to symmetry
editorial,food,unrelated,assumed unrelated due to symmetry
editorial,wind,unrelated,assumed unrelated due to symmetry
editorializing,cat,unrelated,assumed unrelated due to symmetry
eel,cat,unrelated,assumed unrelated due to symmetry
egg,cat,whatever,symmetry-breaking sweep 2026-04-26
egret,beach,whatever,symmetry-breaking sweep 2026-04-26
eject,cat,unrelated,assumed unrelated due to symmetry
elbow,cat,unrelated,assumed unrelated due to symmetry
elder,cat,whatever,symmetry-breaking sweep 2026-04-26
elect,pirate,unrelated,assumed unrelated due to symmetry
electricity,food,unrelated,assumed unrelated due to symmetry
electrification,gay,unrelated,assumed unrelated due to symmetry
electronic,cat,unrelated,assumed unrelated due to symmetry
elegiac,sleep,unrelated,assumed unrelated due to symmetry
elephant,heart,whatever,symmetry-breaking sweep 2026-04-26
elevator,coffee,unrelated,assumed unrelated due to symmetry
elf,soldier,unrelated,assumed unrelated due to symmetry
elk,cat,unrelated,assumed unrelated due to symmetry
elm,eagle,unrelated,assumed unrelated due to symmetry
elope,cat,unrelated,assumed unrelated due to symmetry
els,cat,unrelated,assumed unrelated due to symmetry
em,cat,unrelated,assumed unrelated due to symmetry
emanations,red,unrelated,assumed unrelated due to symmetry
embalm,bee,unrelated,assumed unrelated due to symmetry
embarks,enemy,unrelated,assumed unrelated due to symmetry
embrace,pirate,unrelated,assumed unrelated due to symmetry
emerged,sadness,unrelated,assumed unrelated due to symmetry
emergence,clock,unrelated,assumed unrelated due to symmetry
emit,food,unrelated,assumed unrelated due to symmetry
emit,gay,unrelated,assumed unrelated due to symmetry
emotive,religion,unrelated,assumed unrelated due to symmetry
emperor,river,unrelated,assumed unrelated due to symmetry
empiricist,cat,unrelated,assumed unrelated due to symmetry
employed,cat,unrelated,assumed unrelated due to symmetry
emulsion,cat,unrelated,assumed unrelated due to symmetry
enchanting,memory,unrelated_ish,assumed unrelated due to symmetry
encirclement,chess,unrelated,assumed unrelated due to symmetry
encrypt,gimme,unrelated,assumed unrelated due to symmetry
endemic,bear,whatever,symmetry-breaking sweep 2026-04-26
endotracheal,baby,unrelated,assumed unrelated due to symmetry
enforcement,beach,whatever,symmetry-breaking sweep 2026-04-26
enhancer,red,unrelated,assumed unrelated due to symmetry
enrage,gay,unrelated,assumed unrelated due to symmetry
enriching,cat,unrelated,assumed unrelated due to symmetry
enslaving,cat,unrelated,assumed unrelated due to symmetry
ensue,food,unrelated,assumed unrelated due to symmetry
ensure,bee,unrelated,assumed unrelated due to symmetry
entire,cat,unrelated,assumed unrelated due to symmetry
entomological,art,unrelated,assumed unrelated due to symmetry
entwine,sadness,unrelated,assumed unrelated due to symmetry
epaulets,knife,unrelated,assumed unrelated due to symmetry
epileptic,cat,whatever,symmetry-breaking sweep 2026-04-26
episodic,laugh,unrelated,assumed unrelated due to symmetry
equator,cat,unrelated,assumed unrelated due to symmetry
eraser,internet,unrelated,assumed unrelated due to symmetry
ermine,cat,whatever,symmetry-breaking sweep 2026-04-26
erroneously,cat,unrelated,assumed unrelated due to symmetry
essence,pirate,unrelated,assumed unrelated due to symmetry
essentials,sun,whatever,symmetry-breaking sweep 2026-04-26
ethylene,gay,unrelated,assumed unrelated due to symmetry
etymology,crime,unrelated,assumed unrelated due to symmetry
etymology,pasta,unrelated,assumed unrelated due to symmetry
euthanasia,gay,unrelated,assumed unrelated due to symmetry
evade,food,unrelated,assumed unrelated due to symmetry
ever,gay,unrelated,assumed unrelated due to symmetry
ever,cat,unrelated,assumed unrelated due to symmetry
evil,coke,unrelated,assumed unrelated due to symmetry
evil,football,unrelated,assumed unrelated due to symmetry
examines,yellow,unrelated,assumed unrelated due to symmetry
examining,cat,whatever,symmetry-breaking sweep 2026-04-26
excise,gay,unrelated,assumed unrelated due to symmetry
excision,cat,unrelated,assumed unrelated due to symmetry
excitation,sun,unrelated_ish,assumed unrelated due to symmetry
exclusion,cat,whatever,symmetry-breaking sweep 2026-04-26
excretion,atom,unrelated,assumed unrelated due to symmetry
exists,skin,unrelated,assumed unrelated due to symmetry
expat,sadness,whatever,symmetry-breaking sweep 2026-04-26
expel,pirate,unrelated,assumed unrelated due to symmetry
expels,cheese,unrelated,assumed unrelated due to symmetry
expense,food,whatever,symmetry-breaking sweep 2026-04-26
external,cat,unrelated,assumed unrelated due to symmetry
extinct,cat,whatever,symmetry-breaking sweep 2026-04-26
extract,cheese,whatever,symmetry-breaking sweep 2026-04-26
extramarital,tennis,unrelated,assumed unrelated due to symmetry
fables,cat,unrelated,assumed unrelated due to symmetry
facade,gay,unrelated,assumed unrelated due to symmetry
facades,cat,unrelated,assumed unrelated due to symmetry
facebook,church,unrelated,assumed unrelated due to symmetry
facie,pirate,unrelated,assumed unrelated due to symmetry
facilitate,art,whatever,symmetry-breaking sweep 2026-04-26
factor,cat,unrelated,assumed unrelated due to symmetry
fainting,cat,unrelated,assumed unrelated due to symmetry
fairy,cat,whatever,symmetry-breaking sweep 2026-04-26
fanatic,cat,whatever,symmetry-breaking sweep 2026-04-26
fandango,bread,unrelated,assumed unrelated due to symmetry
fandango,geometry,unrelated,assumed unrelated due to symmetry
fandango,pasta,unrelated,assumed unrelated due to symmetry
fandango,prayers,unrelated,assumed unrelated due to symmetry
fandango,water,unrelated,assumed unrelated due to symmetry
fandango,cat,unrelated,assumed unrelated due to symmetry
fandango,star,unrelated_ish,assumed unrelated due to symmetry
fang,snow,whatever,symmetry-breaking sweep 2026-04-26
fanny,doctor,whatever,symmetry-breaking sweep 2026-04-26
fantastical,cat,whatever,symmetry-breaking sweep 2026-04-26
fantastique,soul,unrelated,assumed unrelated due to symmetry
farewell,food,unrelated,assumed unrelated due to symmetry
farm,gay,unrelated,assumed unrelated due to symmetry
fascinate,atom,unrelated,assumed unrelated due to symmetry
fat,argue,unrelated,assumed unrelated due to symmetry
faulty,cat,unrelated,assumed unrelated due to symmetry
faved,cat,unrelated,assumed unrelated due to symmetry
fawn,food,unrelated,assumed unrelated due to symmetry
fawn,cat,unrelated,assumed unrelated due to symmetry
feather,cat,whatever,symmetry-breaking sweep 2026-04-26
feathery,cat,unrelated,assumed unrelated due to symmetry
federales,cat,unrelated,assumed unrelated due to symmetry
femininity,dragon,whatever,symmetry-breaking sweep 2026-04-26
femme,food,unrelated,assumed unrelated due to symmetry
fence,cat,whatever,symmetry-breaking sweep 2026-04-26
fencer,cat,unrelated,assumed unrelated due to symmetry
fender,cat,unrelated,assumed unrelated due to symmetry
fermentation,food,whatever,symmetry-breaking sweep 2026-04-26
ferret,cat,whatever,symmetry-breaking sweep 2026-04-26
fettuccine,cat,unrelated,assumed unrelated due to symmetry
fez,cat,unrelated,assumed unrelated due to symmetry
fiber,cat,whatever,symmetry-breaking sweep 2026-04-26
fibrosis,food,unrelated,assumed unrelated due to symmetry
fics,cat,unrelated,assumed unrelated due to symmetry
fiddle,food,unrelated,assumed unrelated due to symmetry
fiddly,enemy,unrelated,assumed unrelated due to symmetry
fidelity,cat,unrelated,assumed unrelated due to symmetry
field,cat,whatever,symmetry-breaking sweep 2026-04-26
fiesta,dragon,whatever,symmetry-breaking sweep 2026-04-26
fig,cat,whatever,symmetry-breaking sweep 2026-04-26
file,eagle,unrelated,assumed unrelated due to symmetry
filly,cat,unrelated,assumed unrelated due to symmetry
fin,cat,unrelated,assumed unrelated due to symmetry
financing,cat,unrelated,assumed unrelated due to symmetry
finna,shark,unrelated,assumed unrelated due to symmetry
finnish,bone,unrelated,assumed unrelated due to symmetry
fired,gay,whatever,symmetry-breaking sweep 2026-04-26
firewater,soul,unrelated,assumed unrelated due to symmetry
firmament,heart,unrelated,assumed unrelated due to symmetry
firms,cat,unrelated,assumed unrelated due to symmetry
firsts,dragon,unrelated,assumed unrelated due to symmetry
fish,coke,unrelated,assumed unrelated due to symmetry
fish,football,unrelated,assumed unrelated due to symmetry
fish,rain,unrelated,assumed unrelated due to symmetry
fish,beyond,unrelated,assumed unrelated due to symmetry
fish,brain,unrelated_ish,assumed unrelated due to symmetry
fissionable,moon,unrelated,assumed unrelated due to symmetry
fixer,pirate,whatever,symmetry-breaking sweep 2026-04-26
fizzle,food,unrelated,assumed unrelated due to symmetry
flabby,blue,unrelated,assumed unrelated due to symmetry
flank,cat,whatever,symmetry-breaking sweep 2026-04-26
flannel,cat,unrelated,assumed unrelated due to symmetry
flappy,dragon,unrelated,assumed unrelated due to symmetry
flatlands,city,whatever,symmetry-breaking sweep 2026-04-26
flaunting,cat,unrelated,assumed unrelated due to symmetry
flax,cat,unrelated,assumed unrelated due to symmetry
flintlock,eagle,unrelated,assumed unrelated due to symmetry
flit,cat,unrelated,assumed unrelated due to symmetry
floor,cat,unrelated,assumed unrelated due to symmetry
floorboard,cat,whatever,symmetry-breaking sweep 2026-04-26
flounder,cat,whatever,symmetry-breaking sweep 2026-04-26
flowed,song,whatever,symmetry-breaking sweep 2026-04-26
flunked,cat,unrelated,assumed unrelated due to symmetry
flush,pirate,unrelated,assumed unrelated due to symmetry
flutings,swim,unrelated,assumed unrelated due to symmetry
foggy,gay,unrelated,assumed unrelated due to symmetry
foist,write,unrelated,assumed unrelated due to symmetry
folio,food,unrelated,assumed unrelated due to symmetry
fondue,cat,unrelated,assumed unrelated due to symmetry
fooling,cat,unrelated,assumed unrelated due to symmetry
forages,enemy,unrelated,assumed unrelated due to symmetry
forbearance,pirate,unrelated,assumed unrelated due to symmetry
forbearance,cat,unrelated,assumed unrelated due to symmetry
forearm,cat,unrelated,assumed unrelated due to symmetry
foregoing,cat,unrelated,assumed unrelated due to symmetry
forest,cat,whatever,symmetry-breaking sweep 2026-04-26
forged,cat,unrelated,assumed unrelated due to symmetry
fork,coke,unrelated_ish,assumed unrelated due to symmetry
form,cat,whatever,symmetry-breaking sweep 2026-04-26
fortification,city,whatever,symmetry-breaking sweep 2026-04-26
fortissimo,person,unrelated,assumed unrelated due to symmetry
forty,cat,unrelated,assumed unrelated due to symmetry
forum,food,unrelated,assumed unrelated due to symmetry
fountain,clock,unrelated,assumed unrelated due to symmetry
fourteenth,food,unrelated,assumed unrelated due to symmetry
fox,notable,unrelated,assumed unrelated due to symmetry
fox,cat,whatever,symmetry-breaking sweep 2026-04-26
foxy,cat,unrelated,assumed unrelated due to symmetry
fractal,gay,unrelated,assumed unrelated due to symmetry
fragged,memory,unrelated,assumed unrelated due to symmetry
fragile,food,unrelated,assumed unrelated due to symmetry
frags,cat,unrelated,assumed unrelated due to symmetry
frank,cat,unrelated,assumed unrelated due to symmetry
franked,song,unrelated,assumed unrelated due to symmetry
frantically,pirate,unrelated,assumed unrelated due to symmetry
fraternal,cat,whatever,symmetry-breaking sweep 2026-04-26
freak,cat,whatever,symmetry-breaking sweep 2026-04-26
freebase,cook,unrelated,assumed unrelated due to symmetry
french,cat,whatever,symmetry-breaking sweep 2026-04-26
friar,cat,unrelated,assumed unrelated due to symmetry
frisbee,pirate,unrelated,assumed unrelated due to symmetry
frizzy,blue,whatever,symmetry-breaking sweep 2026-04-26
frock,pirate,unrelated,assumed unrelated due to symmetry
frolic,bread,unrelated,assumed unrelated due to symmetry
frolic,coke,unrelated,assumed unrelated due to symmetry
frolic,geometry,unrelated,assumed unrelated due to symmetry
frolic,melancholy,unrelated,assumed unrelated due to symmetry
frolic,pasta,unrelated,assumed unrelated due to symmetry
frolic,prayers,unrelated,assumed unrelated due to symmetry
frolic,rhombus,unrelated,assumed unrelated due to symmetry
frolic,star,unrelated,assumed unrelated due to symmetry
frolic,water,unrelated,assumed unrelated due to symmetry
frontal,snow,unrelated,assumed unrelated due to symmetry
frost,gay,unrelated,assumed unrelated due to symmetry
fuchsias,coffee,unrelated,assumed unrelated due to symmetry
fulfilled,pirate,whatever,symmetry-breaking sweep 2026-04-26
fulfilling,cat,whatever,symmetry-breaking sweep 2026-04-26
fumble,way,unrelated,assumed unrelated due to symmetry
fundamental,cat,unrelated,assumed unrelated due to symmetry
fungus,crime,unrelated,assumed unrelated due to symmetry
fungus,person,unrelated,assumed unrelated due to symmetry
furnish,sleep,unrelated,assumed unrelated due to symmetry
fuses,cake,unrelated,assumed unrelated due to symmetry
fusing,internet,unrelated,assumed unrelated due to symmetry
futures,chemistry,unrelated,assumed unrelated due to symmetry
gadolinium,food,unrelated,assumed unrelated due to symmetry
gag,cat,unrelated,assumed unrelated due to symmetry
gain,cat,unrelated,assumed unrelated due to symmetry
gal,gay,whatever,symmetry-breaking sweep 2026-04-26
galaxy,pirate,unrelated,assumed unrelated due to symmetry
gall,cat,unrelated_ish,assumed unrelated due to symmetry
gallops,yellow,unrelated,assumed unrelated due to symmetry
game,cat,whatever,symmetry-breaking sweep 2026-04-26
gamey,pirate,whatever,symmetry-breaking sweep 2026-04-26
garage,cat,whatever,symmetry-breaking sweep 2026-04-26
garbs,cat,unrelated,assumed unrelated due to symmetry
garçon,ear,unrelated,assumed unrelated due to symmetry
garment,cat,whatever,symmetry-breaking sweep 2026-04-26
garnish,cat,unrelated,assumed unrelated due to symmetry
gas,crime,unrelated_ish,assumed unrelated due to symmetry
gasp,cat,whatever,symmetry-breaking sweep 2026-04-26
gate,gay,unrelated,assumed unrelated due to symmetry
gator,cat,unrelated,assumed unrelated due to symmetry
gauchos,cheese,unrelated,assumed unrelated due to symmetry
gauge,make,unrelated,assumed unrelated due to symmetry
gazelle,cat,unrelated,assumed unrelated due to symmetry
gazette,eagle,unrelated,assumed unrelated due to symmetry
gecko,cat,unrelated,assumed unrelated due to symmetry
geezer,cat,whatever,symmetry-breaking sweep 2026-04-26
gems,cook,unrelated,assumed unrelated due to symmetry
genealogist,soldier,unrelated,assumed unrelated due to symmetry
generic,chemistry,unrelated,assumed unrelated due to symmetry
genetic,pirate,unrelated,assumed unrelated due to symmetry
genie,cat,unrelated,assumed unrelated due to symmetry
gentle,robot,whatever,symmetry-breaking sweep 2026-04-26
gents,cook,unrelated,assumed unrelated due to symmetry
geocaching,tennis,unrelated,assumed unrelated due to symmetry
geocaching,over,unrelated,assumed unrelated due to symmetry
geologist,gay,unrelated,assumed unrelated due to symmetry
geometry,apple,unrelated,assumed unrelated due to symmetry
geometry,bank,unrelated,assumed unrelated due to symmetry
geometry,bar,unrelated,assumed unrelated due to symmetry
geometry,bat,unrelated,assumed unrelated due to symmetry
geometry,cell,unrelated,assumed unrelated due to symmetry
geometry,club,unrelated,assumed unrelated due to symmetry
geometry,fire,unrelated,assumed unrelated due to symmetry
geometry,garden,unrelated,assumed unrelated due to symmetry
geometry,light,unrelated,assumed unrelated due to symmetry
geometry,person,unrelated,assumed unrelated due to symmetry
geometry,spring,unrelated,assumed unrelated due to symmetry
geometry,train,unrelated,assumed unrelated due to symmetry
geometry,wedding,unrelated,assumed unrelated due to symmetry
geometry,winter,unrelated,assumed unrelated due to symmetry
geranium,cat,whatever,symmetry-breaking sweep 2026-04-26
gert,gay,unrelated,assumed unrelated due to symmetry
gestapo,food,unrelated,assumed unrelated due to symmetry
get,cat,whatever,symmetry-breaking sweep 2026-04-26
gherkin,bee,unrelated,assumed unrelated due to symmetry
ghost,cat,unrelated,assumed unrelated due to symmetry
ghost,gimme,unrelated,assumed unrelated due to symmetry
ghostwriter,black,unrelated,assumed unrelated due to symmetry
ghostwritten,angel,unrelated,assumed unrelated due to symmetry
gimme,soul,unrelated,assumed unrelated due to symmetry
gingers,heart,unrelated,assumed unrelated due to symmetry
ginormous,cat,unrelated,assumed unrelated due to symmetry
giraffe,cat,unrelated,assumed unrelated due to symmetry
giraffe,war,unrelated,assumed unrelated due to symmetry
gist,food,unrelated,assumed unrelated due to symmetry
gizmo,cat,unrelated,assumed unrelated due to symmetry
glad,gay,whatever,symmetry-breaking sweep 2026-04-26
gland,cat,whatever,symmetry-breaking sweep 2026-04-26
glassy,kitchen,whatever,symmetry-breaking sweep 2026-04-26
gleam,dragon,whatever,symmetry-breaking sweep 2026-04-26
glinting,cat,unrelated,assumed unrelated due to symmetry
glitter,cat,unrelated,assumed unrelated due to symmetry
gloat,cake,unrelated,assumed unrelated due to symmetry
globetrotting,time,unrelated,assumed unrelated due to symmetry
glockenspiel,church,whatever,symmetry-breaking sweep 2026-04-26
glory,gay,whatever,symmetry-breaking sweep 2026-04-26
glossy,never,unrelated,assumed unrelated due to symmetry
gnostic,cat,unrelated,assumed unrelated due to symmetry
go,cat,whatever,symmetry-breaking sweep 2026-04-26
goat,cat,whatever,symmetry-breaking sweep 2026-04-26
gobble,gay,whatever,symmetry-breaking sweep 2026-04-26
gobble,cat,whatever,symmetry-breaking sweep 2026-04-26
godforsaken,run,unrelated,assumed unrelated due to symmetry
goiter,cat,unrelated,assumed unrelated due to symmetry
golden,gay,whatever,symmetry-breaking sweep 2026-04-26
gondola,still,unrelated,assumed unrelated due to symmetry
gong,pirate,unrelated,assumed unrelated due to symmetry
goodbyes,baby,unrelated,assumed unrelated due to symmetry
goof,cat,unrelated,assumed unrelated due to symmetry
googleing,cat,unrelated,assumed unrelated due to symmetry
gorge,vote,unrelated,assumed unrelated due to symmetry
goriest,cat,unrelated,assumed unrelated due to symmetry
gorilla,cat,unrelated,assumed unrelated due to symmetry
gotta,pirate,unrelated,assumed unrelated due to symmetry
gotta,cat,unrelated,assumed unrelated due to symmetry
gotta,laugh,unrelated,assumed unrelated due to symmetry
governmental,pirate,unrelated,assumed unrelated due to symmetry
grabs,cat,unrelated,assumed unrelated due to symmetry
graffiti,cat,unrelated,assumed unrelated due to symmetry
grain,crime,unrelated,assumed unrelated due to symmetry
grain,gay,unrelated,assumed unrelated due to symmetry
grainier,cat,unrelated,assumed unrelated due to symmetry
grape,back,unrelated,assumed unrelated due to symmetry
grape,mine,unrelated,assumed unrelated due to symmetry
graphic,anger,unrelated,assumed unrelated due to symmetry
grassier,cat,unrelated,assumed unrelated due to symmetry
gravimetric,cat,unrelated,assumed unrelated due to symmetry
greatest,cat,whatever,symmetry-breaking sweep 2026-04-26
greediest,cat,unrelated,assumed unrelated due to symmetry
green,cat,unrelated,assumed unrelated due to symmetry
greengrocer,doctor,unrelated,assumed unrelated due to symmetry
grenade,cat,unrelated,assumed unrelated due to symmetry
grift,run,whatever,symmetry-breaking sweep 2026-04-26
grifter,pirate,unrelated,assumed unrelated due to symmetry
grizzle,cat,unrelated,assumed unrelated due to symmetry
grizzly,cat,unrelated,assumed unrelated due to symmetry
groaning,cat,unrelated,assumed unrelated due to symmetry
grommets,cat,unrelated,assumed unrelated due to symmetry
gropes,dream,unrelated,assumed unrelated due to symmetry
ground,cat,unrelated,assumed unrelated due to symmetry
grove,river,whatever,symmetry-breaking sweep 2026-04-26
grower,ear,unrelated,assumed unrelated due to symmetry
growler,cat,unrelated_ish,assumed unrelated due to symmetry
grueling,dream,unrelated,assumed unrelated due to symmetry
grunge,make,unrelated,assumed unrelated due to symmetry
guanine,blue,unrelated,assumed unrelated due to symmetry
guerilla,gay,unrelated,assumed unrelated due to symmetry
guide,gay,unrelated,assumed unrelated due to symmetry
guitarist,cat,whatever,symmetry-breaking sweep 2026-04-26
gummed,cat,unrelated,assumed unrelated due to symmetry
gunship,sky,unrelated,assumed unrelated due to symmetry
guppies,meat,unrelated,assumed unrelated due to symmetry
gusher,cat,unrelated,assumed unrelated due to symmetry
gussie,cat,whatever,symmetry-breaking sweep 2026-04-26
gussy,wind,unrelated,assumed unrelated due to symmetry
guzzler,cat,unrelated,assumed unrelated due to symmetry
gyros,cat,unrelated,assumed unrelated due to symmetry
habit,cat,unrelated,assumed unrelated due to symmetry
hail,food,unrelated,assumed unrelated due to symmetry
hailstones,cake,unrelated,assumed unrelated due to symmetry
hairless,red,unrelated,assumed unrelated due to symmetry
halfpenny,food,unrelated,assumed unrelated due to symmetry
hallow,cat,unrelated,assumed unrelated due to symmetry
halloween,bank,unrelated,assumed unrelated due to symmetry
halloween,cell,unrelated,assumed unrelated due to symmetry
halloween,gay,unrelated,assumed unrelated due to symmetry
halloween,train,unrelated,assumed unrelated due to symmetry
halogen,kitchen,whatever,symmetry-breaking sweep 2026-04-26
hamiltonians,clock,unrelated,assumed unrelated due to symmetry
hammer,go,unrelated,assumed unrelated due to symmetry
hammock,cat,whatever,symmetry-breaking sweep 2026-04-26
harasser,cat,unrelated,assumed unrelated due to symmetry
harassing,cat,whatever,symmetry-breaking sweep 2026-04-26
hard,avant-garde,unrelated,assumed unrelated due to symmetry
harp,person,unrelated,assumed unrelated due to symmetry
harrison,city,unrelated,assumed unrelated due to symmetry
harry,cat,unrelated,assumed unrelated due to symmetry
hash,cat,unrelated,assumed unrelated due to symmetry
hashing,hospital,unrelated,assumed unrelated due to symmetry
hasten,food,unrelated,assumed unrelated due to symmetry
hasty,gay,unrelated,assumed unrelated due to symmetry
haulage,hospital,unrelated,assumed unrelated due to symmetry
headers,bedroom,unrelated,assumed unrelated due to symmetry
headfirst,pirate,unrelated,assumed unrelated due to symmetry
hearts,cake,whatever,symmetry-breaking sweep 2026-04-26
heifer,cat,unrelated,assumed unrelated due to symmetry
heiress,gay,unrelated,assumed unrelated due to symmetry
heist,coke,unrelated,assumed unrelated due to symmetry
heist,football,unrelated,assumed unrelated due to symmetry
hella,money,unrelated,assumed unrelated due to symmetry
hellish,dream,whatever,symmetry-breaking sweep 2026-04-26
hemostasis,pirate,unrelated,assumed unrelated due to symmetry
henna,cat,whatever,symmetry-breaking sweep 2026-04-26
hep,dance,whatever,symmetry-breaking sweep 2026-04-26
herd,bee,unrelated,assumed unrelated due to symmetry
hereto,cat,unrelated,assumed unrelated due to symmetry
herewith,pirate,unrelated,assumed unrelated due to symmetry
heron,pirate,unrelated,assumed unrelated due to symmetry
hew,cook,unrelated,assumed unrelated due to symmetry
hibernation,swim,unrelated,assumed unrelated due to symmetry
hie,pirate,unrelated,assumed unrelated due to symmetry
hijab,teacher,whatever,symmetry-breaking sweep 2026-04-26
hike,outside,unrelated,assumed unrelated due to symmetry
hike,inside,unrelated,assumed unrelated due to symmetry
hillside,bedroom,unrelated,assumed unrelated due to symmetry
hipster,gay,unrelated,assumed unrelated due to symmetry
historiography,cat,unrelated,assumed unrelated due to symmetry
hive,cat,unrelated,assumed unrelated due to symmetry
hoary,memory,unrelated_ish,assumed unrelated due to symmetry
hoax,cat,unrelated,assumed unrelated due to symmetry
hobbies,soul,unrelated,assumed unrelated due to symmetry
hobo,cat,unrelated,assumed unrelated due to symmetry
hog,cat,unrelated,assumed unrelated due to symmetry
hoist,food,unrelated,assumed unrelated due to symmetry
holier,cake,unrelated,assumed unrelated due to symmetry
holistic,cat,unrelated,assumed unrelated due to symmetry
hollers,dog,whatever,symmetry-breaking sweep 2026-04-26
holster,bedroom,unrelated,assumed unrelated due to symmetry
home,cat,whatever,symmetry-breaking sweep 2026-04-26
homemade,pirate,unrelated,assumed unrelated due to symmetry
homey,gay,unrelated,assumed unrelated due to symmetry
homie,gay,unrelated,assumed unrelated due to symmetry
homophobic,pirate,unrelated,assumed unrelated due to symmetry
hone,cat,unrelated,assumed unrelated due to symmetry
honorary,memory,whatever,symmetry-breaking sweep 2026-04-26
hooded,bedroom,unrelated,assumed unrelated due to symmetry
hooky,gay,unrelated,assumed unrelated due to symmetry
hooter,cat,unrelated,assumed unrelated due to symmetry
hooves,cat,unrelated,assumed unrelated due to symmetry
horn,gay,unrelated,assumed unrelated due to symmetry
horrid,cat,unrelated,assumed unrelated due to symmetry
hose,cat,unrelated,assumed unrelated due to symmetry
hose,pirate,whatever,symmetry-breaking sweep 2026-04-26
hostile,cat,whatever,symmetry-breaking sweep 2026-04-26
hotbed,hospital,unrelated,assumed unrelated due to symmetry
hotpot,dragon,whatever,symmetry-breaking sweep 2026-04-26
hottie,vote,unrelated,assumed unrelated due to symmetry
hound,pirate,unrelated,assumed unrelated due to symmetry
hovel,tree,unrelated,assumed unrelated due to symmetry
howitzer,tiger,unrelated,assumed unrelated due to symmetry
howl,cat,whatever,symmetry-breaking sweep 2026-04-26
hulk,food,unrelated,assumed unrelated due to symmetry
humble,coke,unrelated,assumed unrelated due to symmetry
humbug,religion,whatever,symmetry-breaking sweep 2026-04-26
humidor,coffee,unrelated,assumed unrelated due to symmetry
hummer,spider,unrelated,assumed unrelated due to symmetry
humorist,cat,whatever,symmetry-breaking sweep 2026-04-26
hump,many,unrelated,assumed unrelated due to symmetry
hump,mine,unrelated,assumed unrelated due to symmetry
hunker,cat,unrelated,assumed unrelated due to symmetry
hurled,cat,whatever,symmetry-breaking sweep 2026-04-26
hush,pirate,unrelated,assumed unrelated due to symmetry
hush,cat,whatever,symmetry-breaking sweep 2026-04-26
hutch,cat,unrelated,assumed unrelated due to symmetry
huzzah,blue,unrelated,assumed unrelated due to symmetry
hydrochloric,cat,unrelated,assumed unrelated due to symmetry
hyena,cat,whatever,symmetry-breaking sweep 2026-04-26
hymen,pirate,unrelated,assumed unrelated due to symmetry
hyperactive,cat,whatever,symmetry-breaking sweep 2026-04-26
hyperactivity,swim,unrelated,assumed unrelated due to symmetry
hyperbolic,cat,unrelated,assumed unrelated due to symmetry
hypocritical,cat,unrelated,assumed unrelated due to symmetry
hysteric,food,unrelated,assumed unrelated due to symmetry
hysteric,gay,unrelated,assumed unrelated due to symmetry
hysterics,gay,unrelated,assumed unrelated due to symmetry
ice,brain,unrelated,assumed unrelated due to symmetry
ice,person,unrelated,assumed unrelated due to symmetry
ice,food,whatever,symmetry-breaking sweep 2026-04-26
iceboat,cake,unrelated,assumed unrelated due to symmetry
icicle,food,unrelated,assumed unrelated due to symmetry
idiotic,food,unrelated,assumed unrelated due to symmetry
iffier,blue,unrelated,assumed unrelated due to symmetry
iguana,cat,unrelated,assumed unrelated due to symmetry
illuminated,laugh,unrelated,assumed unrelated due to symmetry
illumination,cat,unrelated,assumed unrelated due to symmetry
imaginarium,knife,unrelated,assumed unrelated due to symmetry
imagineer,cat,unrelated,assumed unrelated due to symmetry
immaterial,cat,unrelated,assumed unrelated due to symmetry
immense,pirate,unrelated,assumed unrelated due to symmetry
immobile,pirate,unrelated,assumed unrelated due to symmetry
impartial,pirate,unrelated,assumed unrelated due to symmetry
impartiality,pirate,unrelated,assumed unrelated due to symmetry
impasse,pirate,unrelated,assumed unrelated due to symmetry
imply,heart,unrelated,assumed unrelated due to symmetry
impossibility,food,unrelated,assumed unrelated due to symmetry
impressionism,gay,unrelated,assumed unrelated due to symmetry
impressively,cat,unrelated,assumed unrelated due to symmetry
inattention,gay,unrelated,assumed unrelated due to symmetry
incantation,cat,unrelated,assumed unrelated due to symmetry
incantes,cat,unrelated,assumed unrelated due to symmetry
incendiary,city,unrelated,assumed unrelated due to symmetry
inclining,cat,unrelated,assumed unrelated due to symmetry
incontinent,memory,whatever,symmetry-breaking sweep 2026-04-26
incurs,cook,unrelated,assumed unrelated due to symmetry
indecision,truth,whatever,symmetry-breaking sweep 2026-04-26
indeed,pirate,unrelated,assumed unrelated due to symmetry
indexer,clock,unrelated,assumed unrelated due to symmetry
indirect,cat,unrelated,assumed unrelated due to symmetry
indistinguishable,cat,unrelated,assumed unrelated due to symmetry
indoctrination,swim,unrelated,assumed unrelated due to symmetry
inductor,gay,unrelated,assumed unrelated due to symmetry
industrial,cheese,whatever,symmetry-breaking sweep 2026-04-26
infecting,cat,whatever,symmetry-breaking sweep 2026-04-26
inferring,cat,unrelated,assumed unrelated due to symmetry
inflict,cat,unrelated,assumed unrelated due to symmetry
infliction,hospital,whatever,symmetry-breaking sweep 2026-04-26
informal,cat,unrelated,assumed unrelated due to symmetry
ingest,cat,whatever,symmetry-breaking sweep 2026-04-26
inhalation,cat,unrelated,assumed unrelated due to symmetry
inhale,cat,unrelated,assumed unrelated due to symmetry
inhaler,heart,unrelated,assumed unrelated due to symmetry
inheriting,cat,unrelated,assumed unrelated due to symmetry
inhibited,cat,unrelated,assumed unrelated due to symmetry
injunction,cheese,unrelated,assumed unrelated due to symmetry
inlay,blue,unrelated,assumed unrelated due to symmetry
innermost,demon,whatever,symmetry-breaking sweep 2026-04-26
innervation,cat,unrelated,assumed unrelated due to symmetry
inside,gay,whatever,symmetry-breaking sweep 2026-04-26
inspiration,food,whatever,symmetry-breaking sweep 2026-04-26
instigation,cat,unrelated,assumed unrelated due to symmetry
insulation,cat,unrelated,assumed unrelated due to symmetry
insurgency,pirate,whatever,symmetry-breaking sweep 2026-04-26
interactive,dog,unrelated,assumed unrelated due to symmetry
intermingle,cheese,unrelated,assumed unrelated due to symmetry
interred,demon,whatever,symmetry-breaking sweep 2026-04-26
intonation,crime,unrelated,assumed unrelated due to symmetry
intonation,pasta,unrelated,assumed unrelated due to symmetry
intracardiac,love,unrelated,assumed unrelated due to symmetry
intramurals,eagle,unrelated,assumed unrelated due to symmetry
intrastate,cat,unrelated,assumed unrelated due to symmetry
intravenous,cat,whatever,symmetry-breaking sweep 2026-04-26
introduce,doctor,unrelated,assumed unrelated due to symmetry
intuition,pasta,unrelated,assumed unrelated due to symmetry
inverse,truth,unrelated,assumed unrelated due to symmetry
inverted,cat,unrelated,assumed unrelated due to symmetry
inverter,cat,unrelated,assumed unrelated due to symmetry
investing,cat,unrelated,assumed unrelated due to symmetry
inveterate,gay,unrelated,assumed unrelated due to symmetry
invited,cat,unrelated,assumed unrelated due to symmetry
ira,halloween,unrelated,assumed unrelated due to symmetry
iris,pirate,unrelated,assumed unrelated due to symmetry
irk,food,unrelated,assumed unrelated due to symmetry
irons,cook,unrelated,assumed unrelated due to symmetry
irritation,cat,unrelated,assumed unrelated due to symmetry
isaac,pirate,unrelated,assumed unrelated due to symmetry
islamically,cat,unrelated,assumed unrelated due to symmetry
isometric,cat,unrelated,assumed unrelated due to symmetry
item,cat,unrelated,assumed unrelated due to symmetry
items,cat,unrelated,assumed unrelated due to symmetry
iterate,cat,unrelated,assumed unrelated due to symmetry
ivy,dragon,unrelated,assumed unrelated due to symmetry
jack,cat,unrelated,assumed unrelated due to symmetry
jacket,cat,unrelated,assumed unrelated due to symmetry
jacuzzi,sleep,unrelated,assumed unrelated due to symmetry
jag,enemy,unrelated,assumed unrelated due to symmetry
jags,cat,unrelated,assumed unrelated due to symmetry
jar,boxing,unrelated,assumed unrelated due to symmetry
jazzier,cat,unrelated,assumed unrelated due to symmetry
jazzy,food,unrelated,assumed unrelated due to symmetry
jealous,cat,unrelated,assumed unrelated due to symmetry
jean,tennis,whatever,symmetry-breaking sweep 2026-04-26
jeep,cheese,unrelated,assumed unrelated due to symmetry
jefe,justice,whatever,symmetry-breaking sweep 2026-04-26
jelled,cat,unrelated,assumed unrelated due to symmetry
jenny,cat,unrelated,assumed unrelated due to symmetry
jester,cat,unrelated,assumed unrelated due to symmetry
jetting,boxing,unrelated,assumed unrelated due to symmetry
jewish,pirate,unrelated,assumed unrelated due to symmetry
jibe,food,unrelated,assumed unrelated due to symmetry
jigsaw,can,unrelated,assumed unrelated due to symmetry
jigsaw,just,unrelated,assumed unrelated due to symmetry
jigsaw,over,unrelated,assumed unrelated due to symmetry
jigsaw,under,unrelated,assumed unrelated due to symmetry
jigsaw,may,unrelated,assumed unrelated due to symmetry
jigsaw,beyond,unrelated,assumed unrelated due to symmetry
jigsaw,back,unrelated,assumed unrelated due to symmetry
jigsaw,still,unrelated,assumed unrelated due to symmetry
jigsaw,well,unrelated,assumed unrelated due to symmetry
jigsaw,go,unrelated,assumed unrelated due to symmetry
jigsaw,say,unrelated,assumed unrelated due to symmetry
jigsaw,way,unrelated,assumed unrelated due to symmetry
jimmy,cat,unrelated,assumed unrelated due to symmetry
jizz,soul,unrelated,assumed unrelated due to symmetry
jog,gay,unrelated,assumed unrelated due to symmetry
jog,inside,unrelated,assumed unrelated due to symmetry
johannes,cat,unrelated,assumed unrelated due to symmetry
joins,satellite,unrelated,assumed unrelated due to symmetry
joint,cat,whatever,symmetry-breaking sweep 2026-04-26
jolly,cat,whatever,symmetry-breaking sweep 2026-04-26
jonah,art,unrelated,assumed unrelated due to symmetry
jones,gay,unrelated,assumed unrelated due to symmetry
jordan,gay,unrelated,assumed unrelated due to symmetry
jostle,food,unrelated,assumed unrelated due to symmetry
jour,cat,unrelated,assumed unrelated due to symmetry
jowls,cat,whatever,symmetry-breaking sweep 2026-04-26
jubilation,cat,unrelated,assumed unrelated due to symmetry
jubilation,wind,unrelated,assumed unrelated due to symmetry
jubilee,cat,unrelated,assumed unrelated due to symmetry
judicious,pirate,unrelated,assumed unrelated due to symmetry
jumble,can,unrelated,assumed unrelated due to symmetry
jungle,justice,unrelated,assumed unrelated due to symmetry
jurisprudence,food,unrelated,assumed unrelated due to symmetry
jury,pirate,whatever,symmetry-breaking sweep 2026-04-26
justice,bread,unrelated,assumed unrelated due to symmetry
justice,geometry,unrelated,assumed unrelated due to symmetry
justice,music,unrelated,assumed unrelated due to symmetry
justice,pasta,unrelated,assumed unrelated due to symmetry
justice,star,unrelated,assumed unrelated due to symmetry
justice,cat,unrelated,assumed unrelated due to symmetry
justice,never,unrelated,assumed unrelated due to symmetry
jute,tennis,whatever,symmetry-breaking sweep 2026-04-26
kangaroo,cat,unrelated,assumed unrelated due to symmetry
karate,cat,unrelated,assumed unrelated due to symmetry
karen,cat,unrelated,assumed unrelated due to symmetry
kay,cat,unrelated,assumed unrelated due to symmetry
kays,cat,unrelated,assumed unrelated due to symmetry
kell,gay,unrelated,assumed unrelated due to symmetry
ken,sing,unrelated,assumed unrelated due to symmetry
kettle,cat,unrelated,assumed unrelated due to symmetry
keys,atom,unrelated,assumed unrelated due to symmetry
khaki,cat,unrelated,assumed unrelated due to symmetry
kickstarter,run,whatever,symmetry-breaking sweep 2026-04-26
kill,kitchen,unrelated,assumed unrelated due to symmetry
kindle,pirate,unrelated,assumed unrelated due to symmetry
kindles,laugh,unrelated,assumed unrelated due to symmetry
kine,gay,unrelated,assumed unrelated due to symmetry
kinesiology,gay,unrelated,assumed unrelated due to symmetry
king,cat,whatever,symmetry-breaking sweep 2026-04-26
kinky,food,unrelated,assumed unrelated due to symmetry
kinky,ear,whatever,symmetry-breaking sweep 2026-04-26
kirk,soldier,whatever,symmetry-breaking sweep 2026-04-26
kitchen,way,unrelated,assumed unrelated due to symmetry
kiwi,cat,unrelated,assumed unrelated due to symmetry
klutz,love,unrelated,assumed unrelated due to symmetry
knack,gay,unrelated,assumed unrelated due to symmetry
knack,cat,unrelated,assumed unrelated due to symmetry
knee,cat,unrelated,assumed unrelated due to symmetry
knell,cat,unrelated,assumed unrelated due to symmetry
knife,coke,unrelated_ish,assumed unrelated due to symmetry
knight,gone,unrelated,assumed unrelated due to symmetry
knitters,cook,unrelated,assumed unrelated due to symmetry
knockdowns,biology,unrelated,assumed unrelated due to symmetry
koala,cat,unrelated,assumed unrelated due to symmetry
kooky,cat,whatever,symmetry-breaking sweep 2026-04-26
korean,gay,unrelated,assumed unrelated due to symmetry
kundalini,demon,unrelated,assumed unrelated due to symmetry
lab,cat,unrelated,assumed unrelated due to symmetry
lab,food,whatever,symmetry-breaking sweep 2026-04-26
lac,dragon,unrelated,assumed unrelated due to symmetry
ladle,cat,unrelated,assumed unrelated due to symmetry
lake,crime,unrelated,assumed unrelated due to symmetry
lakes,meat,unrelated,assumed unrelated due to symmetry
lakeshore,hospital,unrelated,assumed unrelated due to symmetry
lakhs,truth,unrelated,assumed unrelated due to symmetry
lam,city,unrelated,assumed unrelated due to symmetry
lambswool,coffee,unrelated,assumed unrelated due to symmetry
lamentations,ear,unrelated,assumed unrelated due to symmetry
lances,teacher,unrelated,assumed unrelated due to symmetry
lantern,beyond,unrelated,assumed unrelated due to symmetry
lapse,yellow,unrelated,assumed unrelated due to symmetry
larks,art,unrelated,assumed unrelated due to symmetry
laser,pirate,unrelated,assumed unrelated due to symmetry
lass,cat,whatever,symmetry-breaking sweep 2026-04-26
lassie,food,unrelated,assumed unrelated due to symmetry
lassie,cat,unrelated,assumed unrelated due to symmetry
lasting,pirate,unrelated,assumed unrelated due to symmetry
latrines,city,unrelated,assumed unrelated due to symmetry
laughter,cat,whatever,symmetry-breaking sweep 2026-04-26
launcher,food,unrelated,assumed unrelated due to symmetry
launching,death,unrelated,assumed unrelated due to symmetry
laundry,cat,whatever,symmetry-breaking sweep 2026-04-26
laurels,sleep,unrelated,assumed unrelated due to symmetry
lawyer,food,unrelated,assumed unrelated due to symmetry
layoff,gay,whatever,symmetry-breaking sweep 2026-04-26
lazy,time,unrelated,assumed unrelated due to symmetry
leaderboard,tiger,unrelated,assumed unrelated due to symmetry
leaf,gone,unrelated,assumed unrelated due to symmetry
leaves,river,unrelated,assumed unrelated due to symmetry
leaving,gay,unrelated,assumed unrelated due to symmetry
legume,crime,unrelated,assumed unrelated due to symmetry
lemme,write,unrelated,assumed unrelated due to symmetry
lemming,pirate,unrelated,assumed unrelated due to symmetry
lemur,cat,whatever,symmetry-breaking sweep 2026-04-26
lengths,memory,unrelated,assumed unrelated due to symmetry
lesser,bee,unrelated,assumed unrelated due to symmetry
level,cat,unrelated,assumed unrelated due to symmetry
level,back,unrelated,assumed unrelated due to symmetry
lib,cat,unrelated,assumed unrelated due to symmetry
libretto,cat,unrelated,assumed unrelated due to symmetry
lich,pirate,unrelated,assumed unrelated due to symmetry
lifestyle,sleep,whatever,symmetry-breaking sweep 2026-04-26
lifted,book,unrelated,assumed unrelated due to symmetry
likes,death,unrelated,assumed unrelated due to symmetry
lilt,pirate,unrelated,assumed unrelated due to symmetry
lily,cat,whatever,symmetry-breaking sweep 2026-04-26
lindsay,halloween,unrelated,assumed unrelated due to symmetry
lindsey,halloween,unrelated,assumed unrelated due to symmetry
line,cat,unrelated,assumed unrelated due to symmetry
linking,cat,unrelated,assumed unrelated due to symmetry
lint,cat,unrelated,assumed unrelated due to symmetry
lisp,cat,whatever,symmetry-breaking sweep 2026-04-26
listenings,cat,unrelated,assumed unrelated due to symmetry
listens,cat,unrelated,assumed unrelated due to symmetry
literacy,chess,whatever,symmetry-breaking sweep 2026-04-26
lizard,cat,whatever,symmetry-breaking sweep 2026-04-26
llamas,cat,whatever,symmetry-breaking sweep 2026-04-26
local,cat,unrelated,assumed unrelated due to symmetry
locket,angel,unrelated,assumed unrelated due to symmetry
locket,cat,whatever,symmetry-breaking sweep 2026-04-26
locks,time,unrelated,assumed unrelated due to symmetry
locomotion,moon,unrelated,assumed unrelated due to symmetry
lode,gay,unrelated,assumed unrelated due to symmetry
lodger,cat,whatever,symmetry-breaking sweep 2026-04-26
loft,cat,whatever,symmetry-breaking sweep 2026-04-26
loitered,cat,unrelated,assumed unrelated due to symmetry
lollipop,coke,whatever,symmetry-breaking sweep 2026-04-26
loony,food,unrelated,assumed unrelated due to symmetry
loony,gay,unrelated,assumed unrelated due to symmetry
loose,cat,unrelated,assumed unrelated due to symmetry
loot,person,unrelated,assumed unrelated due to symmetry
lord,cat,unrelated,assumed unrelated due to symmetry
lordy,sun,unrelated,assumed unrelated due to symmetry
lorry,cat,unrelated,assumed unrelated due to symmetry
lotus,chess,unrelated,assumed unrelated due to symmetry
louse,cat,whatever,symmetry-breaking sweep 2026-04-26
loyal,cat,unrelated,assumed unrelated due to symmetry
lucked,lion,unrelated,assumed unrelated due to symmetry
lug,boxing,whatever,symmetry-breaking sweep 2026-04-26
lugged,bone,unrelated,assumed unrelated due to symmetry
lumen,cat,unrelated,assumed unrelated due to symmetry
lunch,cat,whatever,symmetry-breaking sweep 2026-04-26
luncheon,cat,unrelated,assumed unrelated due to symmetry
lunettes,cat,unrelated,assumed unrelated due to symmetry
lungs,eagle,whatever,symmetry-breaking sweep 2026-04-26
lupine,cat,unrelated,assumed unrelated due to symmetry
lynx,food,unrelated,assumed unrelated due to symmetry
lysergic,soul,whatever,symmetry-breaking sweep 2026-04-26
mac,cat,unrelated,assumed unrelated due to symmetry
mac,chess,unrelated,assumed unrelated due to symmetry
macaroon,love,unrelated,assumed unrelated due to symmetry
macaw,cat,whatever,symmetry-breaking sweep 2026-04-26
macerate,sadness,unrelated,assumed unrelated due to symmetry
machinery,food,unrelated,assumed unrelated due to symmetry
mad,cat,whatever,symmetry-breaking sweep 2026-04-26
madeleine,cat,unrelated,assumed unrelated due to symmetry
magician,gay,unrelated,assumed unrelated due to symmetry
magister,art,unrelated,assumed unrelated due to symmetry
magnanimous,food,unrelated,assumed unrelated due to symmetry
maid,horse,whatever,symmetry-breaking sweep 2026-04-26
mailbox,love,unrelated,assumed unrelated due to symmetry
main,cat,unrelated,assumed unrelated due to symmetry
mainline,religion,unrelated,assumed unrelated due to symmetry
mainstream,river,unrelated,assumed unrelated due to symmetry
majestically,cat,whatever,symmetry-breaking sweep 2026-04-26
makin',cat,unrelated,assumed unrelated due to symmetry
malformed,gay,unrelated,assumed unrelated due to symmetry
malice,coke,unrelated,assumed unrelated due to symmetry
malice,geometry,unrelated,assumed unrelated due to symmetry
malice,pasta,unrelated,assumed unrelated due to symmetry
malice,person,unrelated,assumed unrelated due to symmetry
malice,prayers,unrelated,assumed unrelated due to symmetry
malice,star,unrelated,assumed unrelated due to symmetry
malice,water,unrelated,assumed unrelated due to symmetry
malice,cat,unrelated,assumed unrelated due to symmetry
mambos,cat,unrelated,assumed unrelated due to symmetry
man,cat,whatever,symmetry-breaking sweep 2026-04-26
mang,cat,unrelated,assumed unrelated due to symmetry
manged,bread,unrelated,assumed unrelated due to symmetry
manger,cat,whatever,symmetry-breaking sweep 2026-04-26
manipulate,cat,unrelated,assumed unrelated due to symmetry
mankind,time,unrelated,assumed unrelated due to symmetry
manner,cat,unrelated,assumed unrelated due to symmetry
manners,cat,unrelated,assumed unrelated due to symmetry
mannish,baby,unrelated,assumed unrelated due to symmetry
manspreading,city,unrelated,assumed unrelated due to symmetry
mantis,cat,unrelated,assumed unrelated due to symmetry
maple,cat,unrelated,assumed unrelated due to symmetry
maracas,time,unrelated,assumed unrelated due to symmetry
march,satellite,unrelated,assumed unrelated due to symmetry
mares,skin,unrelated,assumed unrelated due to symmetry
marinara,blue,unrelated,assumed unrelated due to symmetry
marketeers,witch,unrelated,assumed unrelated due to symmetry
maroon,cat,unrelated,assumed unrelated due to symmetry
maroon,tennis,unrelated,assumed unrelated due to symmetry
marquise,gay,unrelated,assumed unrelated due to symmetry
marquise,angel,unrelated,assumed unrelated due to symmetry
marrows,truth,unrelated,assumed unrelated due to symmetry
marsala,pirate,unrelated,assumed unrelated due to symmetry
mashers,demon,unrelated,assumed unrelated due to symmetry
mashing,chemistry,unrelated,assumed unrelated due to symmetry
masonic,cat,unrelated,assumed unrelated due to symmetry
mass,crime,unrelated_ish,assumed unrelated due to symmetry
massa,city,unrelated,assumed unrelated due to symmetry
masseuses,kitchen,unrelated,assumed unrelated due to symmetry
mast,cat,unrelated,assumed unrelated due to symmetry
mastering,coffee,whatever,symmetry-breaking sweep 2026-04-26
matcha,cheese,unrelated,assumed unrelated due to symmetry
math,person,unrelated,assumed unrelated due to symmetry
matte,demon,unrelated,assumed unrelated due to symmetry
maul,food,unrelated,assumed unrelated due to symmetry
mausoleum,robot,unrelated,assumed unrelated due to symmetry
maven,robot,unrelated,assumed unrelated due to symmetry
max,cat,unrelated,assumed unrelated due to symmetry
maxi,cat,unrelated,assumed unrelated due to symmetry
maze,cat,unrelated,assumed unrelated due to symmetry
meanie,cat,unrelated,assumed unrelated due to symmetry
mechanic,cat,unrelated,assumed unrelated due to symmetry
mechanical,gay,unrelated,assumed unrelated due to symmetry
medicine,bar,unrelated,assumed unrelated due to symmetry
medicine,bat,unrelated,assumed unrelated due to symmetry
medicine,club,unrelated,assumed unrelated due to symmetry
medicine,crane,unrelated,assumed unrelated due to symmetry
medicine,diamond,unrelated,assumed unrelated due to symmetry
medicine,fire,unrelated,assumed unrelated due to symmetry
medics,cat,unrelated,assumed unrelated due to symmetry
meditation,cat,whatever,symmetry-breaking sweep 2026-04-26
meekest,tiger,unrelated,assumed unrelated due to symmetry
melancholy,bread,unrelated,assumed unrelated due to symmetry
melancholy,geometry,unrelated,assumed unrelated due to symmetry
melancholy,pasta,unrelated,assumed unrelated due to symmetry
melancholy,prayers,unrelated,assumed unrelated due to symmetry
melancholy,star,unrelated,assumed unrelated due to symmetry
melancholy,water,unrelated,assumed unrelated due to symmetry
melancholy,cat,unrelated,assumed unrelated due to symmetry
melanoma,moon,unrelated,assumed unrelated due to symmetry
melee,hospital,unrelated,assumed unrelated due to symmetry
melt,cat,unrelated,assumed unrelated due to symmetry
mem,cat,unrelated,assumed unrelated due to symmetry
member,cat,unrelated,assumed unrelated due to symmetry
memento,cat,whatever,symmetry-breaking sweep 2026-04-26
mend,cat,unrelated,assumed unrelated due to symmetry
meningitis,crime,unrelated,assumed unrelated due to symmetry
meningitis,pasta,unrelated,assumed unrelated due to symmetry
meniscus,cat,unrelated,assumed unrelated due to symmetry
mensch,soldier,unrelated,assumed unrelated due to symmetry
mensch,love,whatever,symmetry-breaking sweep 2026-04-26
menses,cat,unrelated,assumed unrelated due to symmetry
mentalist,demon,whatever,symmetry-breaking sweep 2026-04-26
menu,gay,unrelated,assumed unrelated due to symmetry
merch,kitchen,whatever,symmetry-breaking sweep 2026-04-26
merest,money,unrelated,assumed unrelated due to symmetry
merit,cat,unrelated,assumed unrelated due to symmetry
mescaline,sleep,unrelated,assumed unrelated due to symmetry
mess,wine,whatever,symmetry-breaking sweep 2026-04-26
messianic,cat,unrelated,assumed unrelated due to symmetry
messy,gay,whatever,symmetry-breaking sweep 2026-04-26
metal,water,unrelated_ish,assumed unrelated due to symmetry
metamorph,demon,whatever,symmetry-breaking sweep 2026-04-26
metaverse,chess,unrelated,assumed unrelated due to symmetry
meteor,still,unrelated,assumed unrelated due to symmetry
microchips,tiger,unrelated,assumed unrelated due to symmetry
microcystin,river,unrelated,assumed unrelated due to symmetry
microloans,cheese,unrelated,assumed unrelated due to symmetry
microscope,bar,unrelated,assumed unrelated due to symmetry
microscope,crime,unrelated,assumed unrelated due to symmetry
microscope,pirate,unrelated,assumed unrelated due to symmetry
microscope,spring,unrelated,assumed unrelated due to symmetry
middle,cat,unrelated,assumed unrelated due to symmetry
migration,food,unrelated,assumed unrelated due to symmetry
miko,pirate,unrelated,assumed unrelated due to symmetry
mildest,song,unrelated,assumed unrelated due to symmetry
milkmaid,bee,unrelated,assumed unrelated due to symmetry
millet,cat,unrelated,assumed unrelated due to symmetry
mime,cat,unrelated,assumed unrelated due to symmetry
mink,cat,whatever,symmetry-breaking sweep 2026-04-26
miracle,pirate,unrelated,assumed unrelated due to symmetry
miranda,cat,unrelated,assumed unrelated due to symmetry
mirror,cat,unrelated,assumed unrelated due to symmetry
misadventure,gay,unrelated,assumed unrelated due to symmetry
miscellaneous,cat,unrelated,assumed unrelated due to symmetry
misjudge,cook,unrelated,assumed unrelated due to symmetry
mislabeled,cheese,whatever,symmetry-breaking sweep 2026-04-26
misrepresent,cat,unrelated,assumed unrelated due to symmetry
miss,cat,whatever,symmetry-breaking sweep 2026-04-26
misspells,cat,unrelated,assumed unrelated due to symmetry
missy,angel,unrelated,assumed unrelated due to symmetry
mistrust,cat,unrelated,assumed unrelated due to symmetry
misty,cat,unrelated,assumed unrelated due to symmetry
mixes,wind,unrelated_ish,assumed unrelated due to symmetry
mobile,cat,unrelated,assumed unrelated due to symmetry
mocha,cat,unrelated,assumed unrelated due to symmetry
mode,cat,unrelated,assumed unrelated due to symmetry
modest,pirate,whatever,symmetry-breaking sweep 2026-04-26
mogul,cat,unrelated,assumed unrelated due to symmetry
moll,mow,unrelated,assumed unrelated due to symmetry
molly,cat,unrelated,assumed unrelated due to symmetry
molt,pirate,unrelated,assumed unrelated due to symmetry
monies,cat,unrelated,assumed unrelated due to symmetry
monkey,even,unrelated,assumed unrelated due to symmetry
monkey,cat,whatever,symmetry-breaking sweep 2026-04-26
monogamous,sleep,unrelated,assumed unrelated due to symmetry
monograms,cake,whatever,symmetry-breaking sweep 2026-04-26
moonrise,lion,unrelated,assumed unrelated due to symmetry
moonrise,eagle,whatever,symmetry-breaking sweep 2026-04-26
moorings,sing,unrelated,assumed unrelated due to symmetry
moot,gay,unrelated,assumed unrelated due to symmetry
mop,cat,unrelated,assumed unrelated due to symmetry
moraines,cat,unrelated,assumed unrelated due to symmetry
moray,cat,unrelated,assumed unrelated due to symmetry
morphology,cat,unrelated,assumed unrelated due to symmetry
mortgage,geometry,unrelated,assumed unrelated due to symmetry
mortgage,light,unrelated,assumed unrelated due to symmetry
mortgage,music,unrelated,assumed unrelated due to symmetry
mortgage,pirate,unrelated,assumed unrelated due to symmetry
mortgage,star,unrelated,assumed unrelated due to symmetry
mortgage,cat,unrelated,assumed unrelated due to symmetry
mortify,gay,unrelated,assumed unrelated due to symmetry
mosh,mow,unrelated,assumed unrelated due to symmetry
mosquito,just,unrelated,assumed unrelated due to symmetry
mountain,inside,unrelated,assumed unrelated due to symmetry
mouse,coke,unrelated,assumed unrelated due to symmetry
mouse,can,unrelated,assumed unrelated due to symmetry
mouth,soldier,unrelated,assumed unrelated due to symmetry
movable,feast,whatever,symmetry-breaking sweep 2026-04-26
movable,food,whatever,symmetry-breaking sweep 2026-04-26
move,cat,whatever,symmetry-breaking sweep 2026-04-26
mow,soldier,unrelated,assumed unrelated due to symmetry
mows,river,unrelated,assumed unrelated due to symmetry
mrs.,pirate,unrelated,assumed unrelated due to symmetry
muckier,cake,unrelated,assumed unrelated due to symmetry
muffle,cat,unrelated,assumed unrelated due to symmetry
mule,cat,whatever,symmetry-breaking sweep 2026-04-26
multiple,sure,unrelated,assumed unrelated due to symmetry
mumble,coke,unrelated,assumed unrelated due to symmetry
mused,wine,whatever,symmetry-breaking sweep 2026-04-26
music,coke,unrelated,assumed unrelated due to symmetry
mute,cat,whatever,symmetry-breaking sweep 2026-04-26
mutt,cat,unrelated,assumed unrelated due to symmetry
myopic,eagle,unrelated,assumed unrelated due to symmetry
mystic,pirate,whatever,symmetry-breaking sweep 2026-04-26
naïveté,cat,unrelated,assumed unrelated due to symmetry
names,money,unrelated,assumed unrelated due to symmetry
nancy,book,unrelated,assumed unrelated due to symmetry
nanny,cat,whatever,symmetry-breaking sweep 2026-04-26
narcos,war,unrelated,assumed unrelated due to symmetry
nasal,cat,unrelated,assumed unrelated due to symmetry
native,gay,unrelated,assumed unrelated due to symmetry
nativity,soldier,unrelated,assumed unrelated due to symmetry
nautical,food,unrelated,assumed unrelated due to symmetry
navajo,angel,unrelated,assumed unrelated due to symmetry
navigational,gay,unrelated,assumed unrelated due to symmetry
neared,swim,unrelated,assumed unrelated due to symmetry
nearly,cat,unrelated,assumed unrelated due to symmetry
neck,cat,whatever,symmetry-breaking sweep 2026-04-26
need,cat,whatever,symmetry-breaking sweep 2026-04-26
needle,cat,unrelated,assumed unrelated due to symmetry
needlework,pirate,unrelated,assumed unrelated due to symmetry
needs,pirate,whatever,symmetry-breaking sweep 2026-04-26
negating,cat,unrelated,assumed unrelated due to symmetry
negation,cat,unrelated,assumed unrelated due to symmetry
negging,art,unrelated,assumed unrelated due to symmetry
neighbors,sing,unrelated,assumed unrelated due to symmetry
neighs,cat,unrelated,assumed unrelated due to symmetry
nerd,crime,unrelated,assumed unrelated due to symmetry
nerd,bee,unrelated,assumed unrelated due to symmetry
nerf,demon,unrelated,assumed unrelated due to symmetry
nerve,cat,unrelated,assumed unrelated due to symmetry
nervous,pirate,unrelated,assumed unrelated due to symmetry
nest,cat,unrelated,assumed unrelated due to symmetry
nestling,pirate,unrelated,assumed unrelated due to symmetry
net,cat,unrelated,assumed unrelated due to symmetry
neurologist,chess,unrelated,assumed unrelated due to symmetry
neurosurgeon,heart,unrelated,assumed unrelated due to symmetry
neutered,person,unrelated,assumed unrelated due to symmetry
newbie,angel,unrelated,assumed unrelated due to symmetry
news,cat,unrelated,assumed unrelated due to symmetry
niche,cat,unrelated,assumed unrelated due to symmetry
niche,dream,unrelated,assumed unrelated due to symmetry
nick,cat,whatever,symmetry-breaking sweep 2026-04-26
nicki,halloween,unrelated,assumed unrelated due to symmetry
nicomachean,knife,unrelated,assumed unrelated due to symmetry
niggle,cat,unrelated,assumed unrelated due to symmetry
nighters,red,unrelated,assumed unrelated due to symmetry
nightie,cat,whatever,symmetry-breaking sweep 2026-04-26
noah,gay,unrelated,assumed unrelated due to symmetry
noblemen,chess,whatever,symmetry-breaking sweep 2026-04-26
nobody,pirate,unrelated,assumed unrelated due to symmetry
nodding,gay,unrelated,assumed unrelated due to symmetry
noise,gay,unrelated,assumed unrelated due to symmetry
nonce,go,unrelated,assumed unrelated due to symmetry
nondescript,cat,unrelated,assumed unrelated due to symmetry
nondisclosure,food,unrelated,assumed unrelated due to symmetry
nonexclusive,soldier,whatever,symmetry-breaking sweep 2026-04-26
nonhumans,death,whatever,symmetry-breaking sweep 2026-04-26
nonsmoking,coffee,whatever,symmetry-breaking sweep 2026-04-26
noodle,cat,unrelated,assumed unrelated due to symmetry
noontime,church,whatever,symmetry-breaking sweep 2026-04-26
nosy,cat,whatever,symmetry-breaking sweep 2026-04-26
notarize,doctor,unrelated,assumed unrelated due to symmetry
novel,gay,unrelated,assumed unrelated due to symmetry
nude,food,unrelated,assumed unrelated due to symmetry
nudity,food,unrelated,assumed unrelated due to symmetry
nursemaid,sleep,unrelated,assumed unrelated due to symmetry
nursery,bee,whatever,symmetry-breaking sweep 2026-04-26
oath,knife,whatever,symmetry-breaking sweep 2026-04-26
obfuscation,red,unrelated,assumed unrelated due to symmetry
object,crime,unrelated,assumed unrelated due to symmetry
object,pasta,unrelated,assumed unrelated due to symmetry
object,cat,unrelated,assumed unrelated due to symmetry
objects,cat,unrelated,assumed unrelated due to symmetry
obscenity,battery,unrelated,assumed unrelated due to symmetry
obstructed,bedroom,unrelated,assumed unrelated due to symmetry
occurring,cat,unrelated,assumed unrelated due to symmetry
odometer,cat,unrelated,assumed unrelated due to symmetry
oedipal,sadness,unrelated,assumed unrelated due to symmetry
offsetting,art,unrelated,assumed unrelated due to symmetry
offstage,cat,unrelated,assumed unrelated due to symmetry
okay,money,unrelated,assumed unrelated due to symmetry
ollie,cat,unrelated,assumed unrelated due to symmetry
ombudsperson,doctor,unrelated,assumed unrelated due to symmetry
omnipotent,food,unrelated,assumed unrelated due to symmetry
onetime,death,whatever,symmetry-breaking sweep 2026-04-26
ongoing,art,whatever,symmetry-breaking sweep 2026-04-26
onstage,time,unrelated,assumed unrelated due to symmetry
onstage,gay,whatever,symmetry-breaking sweep 2026-04-26
ontology,crime,unrelated,assumed unrelated due to symmetry
ontology,pasta,unrelated,assumed unrelated due to symmetry
oodles,pirate,whatever,symmetry-breaking sweep 2026-04-26
open,boxing,unrelated,assumed unrelated due to symmetry
open,outside,unrelated,assumed unrelated due to symmetry
operable,run,unrelated,assumed unrelated due to symmetry
ophthalmology,gay,unrelated,assumed unrelated due to symmetry
opossum,cat,whatever,symmetry-breaking sweep 2026-04-26
opportunity,food,unrelated,assumed unrelated due to symmetry
oratory,pirate,unrelated,assumed unrelated due to symmetry
orb,justice,unrelated,assumed unrelated due to symmetry
organ,cat,unrelated,assumed unrelated due to symmetry
organic,cat,unrelated,assumed unrelated due to symmetry
organs,cat,unrelated,assumed unrelated due to symmetry
origami,pirate,unrelated,assumed unrelated due to symmetry
ornithology,cat,unrelated,assumed unrelated due to symmetry
outdoors,outside,unrelated,assumed unrelated due to symmetry
outride,snow,whatever,symmetry-breaking sweep 2026-04-26
outspent,sun,unrelated,assumed unrelated due to symmetry
outstrips,cat,unrelated,assumed unrelated due to symmetry
overate,cat,unrelated,assumed unrelated due to symmetry
overcharging,wind,unrelated,assumed unrelated due to symmetry
overcomplicate,cake,unrelated,assumed unrelated due to symmetry
overplay,food,unrelated,assumed unrelated due to symmetry
overproducing,wind,unrelated,assumed unrelated due to symmetry
overproduction,cheese,whatever,symmetry-breaking sweep 2026-04-26
oversharing,coffee,unrelated,assumed unrelated due to symmetry
overtax,run,unrelated,assumed unrelated due to symmetry
ox,cat,unrelated,assumed unrelated due to symmetry
oxidize,cook,unrelated,assumed unrelated due to symmetry
oxidize,argue,unrelated,assumed unrelated due to symmetry
pace,blue,unrelated,assumed unrelated due to symmetry
pachyderms,cake,unrelated,assumed unrelated due to symmetry
packet,cat,unrelated,assumed unrelated due to symmetry
pad,boxing,unrelated,assumed unrelated due to symmetry
paddling,atom,unrelated,assumed unrelated due to symmetry
paddock,cat,whatever,symmetry-breaking sweep 2026-04-26
pagan,pirate,unrelated,assumed unrelated due to symmetry
pais,pirate,unrelated,assumed unrelated due to symmetry
pajama,cat,whatever,symmetry-breaking sweep 2026-04-26
pallor,gay,unrelated,assumed unrelated due to symmetry
panda,cat,unrelated,assumed unrelated due to symmetry
pandemonium,gay,unrelated,assumed unrelated due to symmetry
panic,food,whatever,symmetry-breaking sweep 2026-04-26
panther,over,unrelated,assumed unrelated due to symmetry
panther,sure,unrelated,assumed unrelated due to symmetry
papa,religion,unrelated,assumed unrelated due to symmetry
papoose,bee,unrelated,assumed unrelated due to symmetry
par,cat,unrelated,assumed unrelated due to symmetry
paraded,cat,unrelated,assumed unrelated due to symmetry
parallelogram,food,unrelated,assumed unrelated due to symmetry
parasitic,cat,unrelated,assumed unrelated due to symmetry
parasol,food,unrelated,assumed unrelated due to symmetry
parish,pirate,unrelated,assumed unrelated due to symmetry
parisian,cat,whatever,symmetry-breaking sweep 2026-04-26
park,cat,whatever,symmetry-breaking sweep 2026-04-26
parkings,time,unrelated,assumed unrelated due to symmetry
parodies,cat,unrelated,assumed unrelated due to symmetry
parody,food,unrelated,assumed unrelated due to symmetry
parrot,cat,unrelated,assumed unrelated due to symmetry
parsley,cat,whatever,symmetry-breaking sweep 2026-04-26
parsons,cat,unrelated,assumed unrelated due to symmetry
part,cat,unrelated,assumed unrelated due to symmetry
partaken,cat,unrelated,assumed unrelated due to symmetry
passing,laugh,unrelated,assumed unrelated due to symmetry
passport,knife,unrelated,assumed unrelated due to symmetry
pasta,crime,unrelated,assumed unrelated due to symmetry
pasta,light,unrelated,assumed unrelated due to symmetry
pasta,coke,unrelated_ish,assumed unrelated due to symmetry
paste,pasta,related_ish,symmetry-breaking sweep 2026-04-26
pastor,cat,unrelated,assumed unrelated due to symmetry
pate,cat,unrelated,assumed unrelated due to symmetry
paternal,skin,unrelated,assumed unrelated due to symmetry
patriarchal,cat,unrelated,assumed unrelated due to symmetry
paul,cat,unrelated,assumed unrelated due to symmetry
pauline,halloween,unrelated,assumed unrelated due to symmetry
paw,person,unrelated,assumed unrelated due to symmetry
peach,cat,unrelated,assumed unrelated due to symmetry
pedantic,pirate,unrelated,assumed unrelated due to symmetry
peek,food,unrelated,assumed unrelated due to symmetry
peep,cat,unrelated,assumed unrelated due to symmetry
pellet,cat,unrelated,assumed unrelated due to symmetry
pen,boxing,unrelated,assumed unrelated due to symmetry
pen,cat,whatever,symmetry-breaking sweep 2026-04-26
pending,food,unrelated,assumed unrelated due to symmetry
penguin,apple,unrelated,assumed unrelated due to symmetry
penguin,bank,unrelated,assumed unrelated due to symmetry
penguin,bar,unrelated,assumed unrelated due to symmetry
penguin,cell,unrelated,assumed unrelated due to symmetry
penguin,crane,unrelated,assumed unrelated due to symmetry
penguin,crime,unrelated,assumed unrelated due to symmetry
penguin,diamond,unrelated,assumed unrelated due to symmetry
penguin,fire,unrelated,assumed unrelated due to symmetry
penguin,garden,unrelated,assumed unrelated due to symmetry
penguin,geometry,unrelated,assumed unrelated due to symmetry
penguin,light,unrelated,assumed unrelated due to symmetry
penguin,music,unrelated,assumed unrelated due to symmetry
penguin,person,unrelated,assumed unrelated due to symmetry
penguin,pirate,unrelated,assumed unrelated due to symmetry
penguin,school,unrelated,assumed unrelated due to symmetry
penguin,star,unrelated,assumed unrelated due to symmetry
penguin,train,unrelated,assumed unrelated due to symmetry
penguin,wedding,unrelated,assumed unrelated due to symmetry
penicillin,crime,unrelated,assumed unrelated due to symmetry
penicillin,pasta,unrelated,assumed unrelated due to symmetry
penicillin,person,unrelated,assumed unrelated due to symmetry
pent,cat,unrelated,assumed unrelated due to symmetry
pentecostal,cat,unrelated,assumed unrelated due to symmetry
pepper,several,unrelated,assumed unrelated due to symmetry
pepperoni,vote,unrelated,assumed unrelated due to symmetry
peppy,battery,unrelated,assumed unrelated due to symmetry
perimeter,food,unrelated,assumed unrelated due to symmetry
periphery,heart,whatever,symmetry-breaking sweep 2026-04-26
perishing,cat,whatever,symmetry-breaking sweep 2026-04-26
peritoneum,pirate,unrelated,assumed unrelated due to symmetry
peritoneum,sadness,unrelated,assumed unrelated due to symmetry
permissions,cat,unrelated,assumed unrelated due to symmetry
permissions,art,unrelated,assumed unrelated due to symmetry
perry,pirate,unrelated,assumed unrelated due to symmetry
persistent,witch,whatever,symmetry-breaking sweep 2026-04-26
person,crime,unrelated,assumed unrelated due to symmetry
person,war,whatever,symmetry-breaking sweep 2026-04-26
perspire,heart,unrelated,assumed unrelated due to symmetry
persuaders,bone,unrelated,assumed unrelated due to symmetry
pertains,biology,whatever,symmetry-breaking sweep 2026-04-26
pessimistic,cat,unrelated,assumed unrelated due to symmetry
pest,city,unrelated,assumed unrelated due to symmetry
pestle,blue,unrelated,assumed unrelated due to symmetry
petal,cat,unrelated,assumed unrelated due to symmetry
petitioner,cat,unrelated,assumed unrelated due to symmetry
pew,pirate,unrelated,assumed unrelated due to symmetry
phalanges,robot,unrelated,assumed unrelated due to symmetry
pharmacy,church,unrelated,assumed unrelated due to symmetry
pho,cat,unrelated,assumed unrelated due to symmetry
phoebe,cat,unrelated_ish,assumed unrelated due to symmetry
phone,coke,unrelated,assumed unrelated due to symmetry
phonetically,gay,unrelated,assumed unrelated due to symmetry
phonetically,cat,unrelated,assumed unrelated due to symmetry
photog,teacher,unrelated_ish,assumed unrelated due to symmetry
photovoltaic,bedroom,unrelated,assumed unrelated due to symmetry
pi,bee,unrelated,assumed unrelated due to symmetry
pianissimo,rhombus,unrelated,assumed unrelated due to symmetry
pickle,cat,unrelated,assumed unrelated due to symmetry
pie,cat,whatever,symmetry-breaking sweep 2026-04-26
pig,cat,unrelated,assumed unrelated due to symmetry
piggy,cat,unrelated,assumed unrelated due to symmetry
pimping,pirate,unrelated,assumed unrelated due to symmetry
pinas,cat,unrelated,assumed unrelated due to symmetry
pinball,justice,unrelated,assumed unrelated due to symmetry
pinching,cat,unrelated,assumed unrelated due to symmetry
pip,sure,unrelated,assumed unrelated due to symmetry
pipe,cat,unrelated,assumed unrelated due to symmetry
pipsqueak,robot,unrelated,assumed unrelated due to symmetry
piqué,cat,unrelated,assumed unrelated due to symmetry
pirate,apple,unrelated,assumed unrelated due to symmetry
pirate,bank,unrelated,assumed unrelated due to symmetry
pirate,bat,unrelated,assumed unrelated due to symmetry
pirate,cell,unrelated,assumed unrelated due to symmetry
pirate,club,unrelated,assumed unrelated due to symmetry
pirate,crane,unrelated,assumed unrelated due to symmetry
pirate,fire,unrelated,assumed unrelated due to symmetry
pirate,garden,unrelated,assumed unrelated due to symmetry
pirate,light,unrelated,assumed unrelated due to symmetry
pirate,school,unrelated,assumed unrelated due to symmetry
pirate,spring,unrelated,assumed unrelated due to symmetry
pirate,train,unrelated,assumed unrelated due to symmetry
pirate,wedding,unrelated,assumed unrelated due to symmetry
pirate,winter,unrelated,assumed unrelated due to symmetry
pirate,say,unrelated,assumed unrelated due to symmetry
pirate,bar,whatever,symmetry-breaking sweep 2026-04-26
pished,sleep,unrelated,assumed unrelated due to symmetry
pistols,bedroom,unrelated,assumed unrelated due to symmetry
pit,cat,unrelated,assumed unrelated due to symmetry
pit,food,whatever,symmetry-breaking sweep 2026-04-26
pizzicato,cat,unrelated,assumed unrelated due to symmetry
place,person,unrelated_ish,assumed unrelated due to symmetry
plaid,bedroom,whatever,symmetry-breaking sweep 2026-04-26
plain,cat,unrelated,assumed unrelated due to symmetry
plane,cat,unrelated,assumed unrelated due to symmetry
plane,still,unrelated,assumed unrelated due to symmetry
plant,cat,whatever,symmetry-breaking sweep 2026-04-26
plats,run,unrelated,assumed unrelated due to symmetry
plaything,angel,unrelated,assumed unrelated due to symmetry
plazas,cat,whatever,symmetry-breaking sweep 2026-04-26
plight,blue,unrelated,assumed unrelated due to symmetry
plume,cat,unrelated,assumed unrelated due to symmetry
plumper,dragon,whatever,symmetry-breaking sweep 2026-04-26
plunder,gay,unrelated,assumed unrelated due to symmetry
plunge,gay,unrelated,assumed unrelated due to symmetry
plunking,knife,unrelated,assumed unrelated due to symmetry
plunks,eagle,unrelated,assumed unrelated due to symmetry
pockets,cat,unrelated,assumed unrelated due to symmetry
podcasters,tree,unrelated,assumed unrelated due to symmetry
pogroms,vote,whatever,symmetry-breaking sweep 2026-04-26
poke,cat,unrelated,assumed unrelated due to symmetry
poker,cat,unrelated,assumed unrelated due to symmetry
politician,pirate,unrelated,assumed unrelated due to symmetry
pollens,dog,unrelated,assumed unrelated due to symmetry
pollock,gay,unrelated,assumed unrelated due to symmetry
polycystic,pirate,unrelated,assumed unrelated due to symmetry
pondering,cat,unrelated,assumed unrelated due to symmetry
pony,cat,whatever,symmetry-breaking sweep 2026-04-26
poodle,crime,unrelated,assumed unrelated due to symmetry
poodle,pasta,unrelated,assumed unrelated due to symmetry
poodle,cat,whatever,symmetry-breaking sweep 2026-04-26
pooh,cat,unrelated,assumed unrelated due to symmetry
pop,cat,unrelated,assumed unrelated due to symmetry
pop,under,unrelated,assumed unrelated due to symmetry
pop,gone,unrelated,assumed unrelated due to symmetry
pop,make,unrelated,assumed unrelated due to symmetry
pop,say,unrelated,assumed unrelated due to symmetry
popcorn,pirate,unrelated,assumed unrelated due to symmetry
poplar,cat,unrelated,assumed unrelated due to symmetry
poppa,soul,unrelated,assumed unrelated due to symmetry
popular,gone,unrelated,assumed unrelated due to symmetry
populating,satellite,unrelated,assumed unrelated due to symmetry
porridge,cat,unrelated,assumed unrelated due to symmetry
portage,eagle,unrelated,assumed unrelated due to symmetry
possessing,cat,unrelated,assumed unrelated due to symmetry
possessive,chess,unrelated,assumed unrelated due to symmetry
possessive,cat,whatever,symmetry-breaking sweep 2026-04-26
possessor,cat,whatever,symmetry-breaking sweep 2026-04-26
postings,dog,unrelated,assumed unrelated due to symmetry
postman,snow,whatever,symmetry-breaking sweep 2026-04-26
postoffice,coffee,unrelated,assumed unrelated due to symmetry
potato,cat,unrelated,assumed unrelated due to symmetry
potpourri,cat,whatever,symmetry-breaking sweep 2026-04-26
potteries,cat,unrelated,assumed unrelated due to symmetry
pottery,moon,unrelated,assumed unrelated due to symmetry
potty,cat,whatever,symmetry-breaking sweep 2026-04-26
prairie,gay,unrelated,assumed unrelated due to symmetry
praline,cat,unrelated,assumed unrelated due to symmetry
prams,kitchen,unrelated,assumed unrelated due to symmetry
prayer,coke,unrelated,assumed unrelated due to symmetry
prayer,light,unrelated,assumed unrelated due to symmetry
prayers,coke,unrelated,assumed unrelated due to symmetry
precede,pirate,unrelated,assumed unrelated due to symmetry
preceding,cat,unrelated,assumed unrelated due to symmetry
predators,tree,whatever,symmetry-breaking sweep 2026-04-26
predicates,teacher,unrelated,assumed unrelated due to symmetry
prehistoric,pirate,unrelated,assumed unrelated due to symmetry
presented,cat,unrelated,assumed unrelated due to symmetry
presidency,cat,unrelated,assumed unrelated due to symmetry
pressing,tree,unrelated,assumed unrelated due to symmetry
pressurization,cat,unrelated,assumed unrelated due to symmetry
presume,money,unrelated,assumed unrelated due to symmetry
prevent,memory,unrelated,assumed unrelated due to symmetry
primavera,river,whatever,symmetry-breaking sweep 2026-04-26
primer,cat,unrelated,assumed unrelated due to symmetry
primo,cat,unrelated,assumed unrelated due to symmetry
printer,kitchen,unrelated,assumed unrelated due to symmetry
prior,cat,unrelated,assumed unrelated due to symmetry
prioritise,money,whatever,symmetry-breaking sweep 2026-04-26
pristine,eagle,whatever,symmetry-breaking sweep 2026-04-26
privation,cat,unrelated,assumed unrelated due to symmetry
privy,gay,whatever,symmetry-breaking sweep 2026-04-26
probative,money,unrelated,assumed unrelated due to symmetry
proclaiming,cat,unrelated,assumed unrelated due to symmetry
proctor,cat,unrelated,assumed unrelated due to symmetry
production,cat,unrelated,assumed unrelated due to symmetry
profession,cat,unrelated,assumed unrelated due to symmetry
prognosis,cat,unrelated,assumed unrelated due to symmetry
projecting,cat,unrelated,assumed unrelated due to symmetry
projector,cat,unrelated,assumed unrelated due to symmetry
projects,dance,whatever,symmetry-breaking sweep 2026-04-26
prominent,pirate,unrelated,assumed unrelated due to symmetry
promontories,moon,unrelated,assumed unrelated due to symmetry
promotional,shark,unrelated,assumed unrelated due to symmetry
proof,person,unrelated,assumed unrelated due to symmetry
proper,cat,unrelated,assumed unrelated due to symmetry
propositioning,enemy,whatever,symmetry-breaking sweep 2026-04-26
proprietary,cat,unrelated,assumed unrelated due to symmetry
proscenium,cat,unrelated,assumed unrelated due to symmetry
prosciutto,cat,whatever,symmetry-breaking sweep 2026-04-26
prosecutorial,food,unrelated,assumed unrelated due to symmetry
prosopagnosia,cat,unrelated,assumed unrelated due to symmetry
protagonists,shark,unrelated,assumed unrelated due to symmetry
protrusion,food,unrelated,assumed unrelated due to symmetry
protrusions,bear,unrelated,assumed unrelated due to symmetry
psychiatric,pirate,unrelated,assumed unrelated due to symmetry
psychoanalysis,cat,whatever,symmetry-breaking sweep 2026-04-26
psychology,cat,unrelated,assumed unrelated due to symmetry
psychosis,gay,unrelated,assumed unrelated due to symmetry
pteranodon,demon,unrelated,assumed unrelated due to symmetry
pteranodon,robot,unrelated,assumed unrelated due to symmetry
pub,dog,unrelated,assumed unrelated due to symmetry
pudding,cat,unrelated,assumed unrelated due to symmetry
puff,cat,unrelated,assumed unrelated due to symmetry
puke,lion,unrelated,assumed unrelated due to symmetry
punctuation,cat,unrelated,assumed unrelated due to symmetry
punt,pirate,whatever,symmetry-breaking sweep 2026-04-26
puny,pirate,unrelated,assumed unrelated due to symmetry
pupa,always,unrelated,assumed unrelated due to symmetry
pupal,gay,unrelated,assumed unrelated due to symmetry
pupil,pirate,unrelated,assumed unrelated due to symmetry
puppet,cat,whatever,symmetry-breaking sweep 2026-04-26
pure,cat,whatever,symmetry-breaking sweep 2026-04-26
purl,bee,unrelated,assumed unrelated due to symmetry
purple,cat,unrelated,assumed unrelated due to symmetry
pursuing,food,unrelated,assumed unrelated due to symmetry
pus,money,unrelated,assumed unrelated due to symmetry
put,cat,whatever,symmetry-breaking sweep 2026-04-26
putt,cat,unrelated,assumed unrelated due to symmetry
puzzle,can,unrelated,assumed unrelated due to symmetry
puzzle,just,unrelated,assumed unrelated due to symmetry
puzzle,back,unrelated,assumed unrelated due to symmetry
quack,cat,whatever,symmetry-breaking sweep 2026-04-26
quake,crime,unrelated,assumed unrelated due to symmetry
quart,book,unrelated,assumed unrelated due to symmetry
quarter,bone,unrelated,assumed unrelated due to symmetry
quatrain,sadness,unrelated,assumed unrelated due to symmetry
quiche,cat,unrelated,assumed unrelated due to symmetry
quid,food,unrelated,assumed unrelated due to symmetry
quince,food,unrelated,assumed unrelated due to symmetry
quintillions,cat,unrelated,assumed unrelated due to symmetry
quisling,pirate,unrelated,assumed unrelated due to symmetry
quitter,gay,unrelated,assumed unrelated due to symmetry
quitter,pirate,unrelated,assumed unrelated due to symmetry
quiz,cat,unrelated,assumed unrelated due to symmetry
quizzical,bee,unrelated,assumed unrelated due to symmetry
rabbinical,food,unrelated,assumed unrelated due to symmetry
raccoon,cat,whatever,symmetry-breaking sweep 2026-04-26
race,cat,unrelated,assumed unrelated due to symmetry
raconteur,art,unrelated,assumed unrelated due to symmetry
rad,swim,unrelated,assumed unrelated due to symmetry
radiance,bone,unrelated,assumed unrelated due to symmetry
radio,food,unrelated,assumed unrelated due to symmetry
rads,cat,unrelated,assumed unrelated due to symmetry
rafts,gay,unrelated,assumed unrelated due to symmetry
rage,cat,unrelated,assumed unrelated due to symmetry
rainbow,cake,whatever,symmetry-breaking sweep 2026-04-26
rainforest,over,unrelated,assumed unrelated due to symmetry
raison,pirate,unrelated,assumed unrelated due to symmetry
rake,cat,unrelated,assumed unrelated due to symmetry
rake,evil,related,prereq: food+evil/cake+rake
rambles,cat,unrelated,assumed unrelated due to symmetry
ramparts,river,unrelated,assumed unrelated due to symmetry
rancid,music,unrelated,assumed unrelated due to symmetry
rancid,person,unrelated,assumed unrelated due to symmetry
rancid,prayers,unrelated,assumed unrelated due to symmetry
rancid,star,unrelated,assumed unrelated due to symmetry
rancid,water,unrelated,assumed unrelated due to symmetry
rancid,cat,unrelated,assumed unrelated due to symmetry
rank,cat,unrelated,assumed unrelated due to symmetry
ranting,cat,unrelated,assumed unrelated due to symmetry
rappels,cat,unrelated,assumed unrelated due to symmetry
raptor,cat,unrelated_ish,assumed unrelated due to symmetry
rarely,cat,unrelated,assumed unrelated due to symmetry
rastafarian,cat,unrelated,assumed unrelated due to symmetry
ration,cat,whatever,symmetry-breaking sweep 2026-04-26
rattan,argue,unrelated,assumed unrelated due to symmetry
rattle,cat,unrelated_ish,assumed unrelated due to symmetry
ravage,food,unrelated,assumed unrelated due to symmetry
ray,cat,unrelated,assumed unrelated due to symmetry
react,cat,unrelated,assumed unrelated due to symmetry
react,run,unrelated,assumed unrelated due to symmetry
reactive,cat,unrelated,assumed unrelated due to symmetry
read,cat,unrelated,assumed unrelated due to symmetry
reader,cat,whatever,symmetry-breaking sweep 2026-04-26
readied,vote,whatever,symmetry-breaking sweep 2026-04-26
realizations,cat,unrelated,assumed unrelated due to symmetry
realms,money,unrelated,assumed unrelated due to symmetry
reason,cat,unrelated,assumed unrelated due to symmetry
reassured,cat,unrelated,assumed unrelated due to symmetry
rebroadcasting,cat,unrelated,assumed unrelated due to symmetry
recheck,cat,unrelated,assumed unrelated due to symmetry
recipe,bat,unrelated,assumed unrelated due to symmetry
reciprocity,gay,unrelated,assumed unrelated due to symmetry
reclassify,cat,unrelated,assumed unrelated due to symmetry
recompose,memory,unrelated_ish,assumed unrelated due to symmetry
reconfigure,cat,unrelated,assumed unrelated due to symmetry
recriminate,food,unrelated,assumed unrelated due to symmetry
recrossing,coffee,unrelated,assumed unrelated due to symmetry
rectangle,cat,unrelated,assumed unrelated due to symmetry
rectangular,cat,unrelated,assumed unrelated due to symmetry
red,go,unrelated,assumed unrelated due to symmetry
redefinition,food,unrelated,assumed unrelated due to symmetry
redevelop,pirate,unrelated,assumed unrelated due to symmetry
redid,love,unrelated,assumed unrelated due to symmetry
rediscover,bear,unrelated,assumed unrelated due to symmetry
redline,cat,unrelated,assumed unrelated due to symmetry
redoubles,cheese,unrelated,assumed unrelated due to symmetry
redrafting,biology,unrelated,assumed unrelated due to symmetry
redraws,horse,unrelated,assumed unrelated due to symmetry
reducers,knife,unrelated,assumed unrelated due to symmetry
reductive,cat,unrelated,assumed unrelated due to symmetry
redux,song,unrelated,assumed unrelated due to symmetry
reenters,soul,unrelated,assumed unrelated due to symmetry
reentry,pirate,unrelated,assumed unrelated due to symmetry
refiled,food,unrelated,assumed unrelated due to symmetry
refuse,gay,unrelated,assumed unrelated due to symmetry
regaining,doctor,unrelated,assumed unrelated due to symmetry
regale,cook,unrelated,assumed unrelated due to symmetry
regard,cat,whatever,symmetry-breaking sweep 2026-04-26
regenerative,heart,whatever,symmetry-breaking sweep 2026-04-26
regenerator,soldier,unrelated,assumed unrelated due to symmetry
regenerator,demon,whatever,symmetry-breaking sweep 2026-04-26
reggie,cat,unrelated,assumed unrelated due to symmetry
reify,cat,unrelated,assumed unrelated due to symmetry
reindeer,pirate,unrelated,assumed unrelated due to symmetry
reintroduce,gay,unrelated,assumed unrelated due to symmetry
reinventing,cat,unrelated,assumed unrelated due to symmetry
rejiggering,dance,unrelated,assumed unrelated due to symmetry
relation,bread,unrelated,assumed unrelated due to symmetry
relied,cat,unrelated,assumed unrelated due to symmetry
relief,boxing,unrelated,assumed unrelated due to symmetry
reliever,boxing,unrelated,assumed unrelated due to symmetry
religion,cat,unrelated,assumed unrelated due to symmetry
reminisced,swim,unrelated,assumed unrelated due to symmetry
removable,pirate,unrelated,assumed unrelated due to symmetry
removing,coffee,unrelated,assumed unrelated due to symmetry
renegotiate,cat,unrelated,assumed unrelated due to symmetry
renew,food,unrelated,assumed unrelated due to symmetry
renovation,cat,unrelated,assumed unrelated due to symmetry
renown,gay,unrelated,assumed unrelated due to symmetry
rental,cat,unrelated,assumed unrelated due to symmetry
renter,gay,unrelated,assumed unrelated due to symmetry
repartee,food,unrelated,assumed unrelated due to symmetry
repeats,clock,whatever,symmetry-breaking sweep 2026-04-26
repetitive,clock,whatever,symmetry-breaking sweep 2026-04-26
replant,pirate,unrelated,assumed unrelated due to symmetry
representing,cat,unrelated,assumed unrelated due to symmetry
reptilian,cat,unrelated,assumed unrelated due to symmetry
required,tree,unrelated,assumed unrelated due to symmetry
requisition,cat,unrelated,assumed unrelated due to symmetry
reroute,gay,unrelated,assumed unrelated due to symmetry
research,cat,unrelated,assumed unrelated due to symmetry
resell,laugh,unrelated,assumed unrelated due to symmetry
resemble,cat,unrelated,assumed unrelated due to symmetry
reserve,river,whatever,symmetry-breaking sweep 2026-04-26
reserved,religion,unrelated,assumed unrelated due to symmetry
reserves,lion,unrelated,assumed unrelated due to symmetry
reside,biology,unrelated,assumed unrelated due to symmetry
reside,cat,whatever,symmetry-breaking sweep 2026-04-26
resin,dragon,unrelated,assumed unrelated due to symmetry
resound,vote,unrelated,assumed unrelated due to symmetry
resplendent,gay,unrelated,assumed unrelated due to symmetry
restore,gay,unrelated,assumed unrelated due to symmetry
resume,cat,unrelated,assumed unrelated due to symmetry
resurgences,cat,unrelated,assumed unrelated due to symmetry
resurging,cat,unrelated,assumed unrelated due to symmetry
ret,cat,whatever,symmetry-breaking sweep 2026-04-26
retaining,cat,unrelated,assumed unrelated due to symmetry
retelling,cat,unrelated,assumed unrelated due to symmetry
retention,cat,unrelated,assumed unrelated due to symmetry
retiring,pirate,whatever,symmetry-breaking sweep 2026-04-26
retold,laugh,whatever,symmetry-breaking sweep 2026-04-26
retrieve,write,whatever,symmetry-breaking sweep 2026-04-26
retrievers,cat,unrelated,assumed unrelated due to symmetry
retrocession,skin,unrelated,assumed unrelated due to symmetry
reversion,cat,unrelated,assumed unrelated due to symmetry
review,cat,unrelated,assumed unrelated due to symmetry
reviving,gay,unrelated,assumed unrelated due to symmetry
rewatches,boxing,whatever,symmetry-breaking sweep 2026-04-26
rex,cat,unrelated,assumed unrelated due to symmetry
rezoning,chemistry,unrelated,assumed unrelated due to symmetry
rhino,food,unrelated,assumed unrelated due to symmetry
rhino,cat,unrelated,assumed unrelated due to symmetry
rhino,dog,unrelated,assumed unrelated due to symmetry
rhombus,bread,unrelated,assumed unrelated due to symmetry
rhombus,music,unrelated,assumed unrelated due to symmetry
rhombus,pasta,unrelated,assumed unrelated due to symmetry
rhombus,person,unrelated,assumed unrelated due to symmetry
rhombus,prayers,unrelated,assumed unrelated due to symmetry
rhombus,water,unrelated,assumed unrelated due to symmetry
rhombus,cat,unrelated,assumed unrelated due to symmetry
rhombus,star,unrelated_ish,assumed unrelated due to symmetry
rib,cat,whatever,symmetry-breaking sweep 2026-04-26
rid,bedroom,unrelated,assumed unrelated due to symmetry
riff,cat,unrelated,assumed unrelated due to symmetry
rigger,art,unrelated,assumed unrelated due to symmetry
right,cat,unrelated,assumed unrelated due to symmetry
right,gone,unrelated,assumed unrelated due to symmetry
rightful,tiger,unrelated,assumed unrelated due to symmetry
rip,cat,unrelated,assumed unrelated due to symmetry
ripened,death,whatever,symmetry-breaking sweep 2026-04-26
rive,cat,unrelated,assumed unrelated due to symmetry
roadside,death,whatever,symmetry-breaking sweep 2026-04-26
robber,cat,unrelated,assumed unrelated due to symmetry
rocker,cat,unrelated,assumed unrelated due to symmetry
rocking,cat,unrelated,assumed unrelated due to symmetry
rod,football,unrelated,assumed unrelated due to symmetry
rogers,cat,unrelated,assumed unrelated due to symmetry
rollerskating,run,unrelated,assumed unrelated due to symmetry
roomful,coffee,unrelated,assumed unrelated due to symmetry
roost,cat,whatever,symmetry-breaking sweep 2026-04-26
rooster,moon,unrelated,assumed unrelated due to symmetry
rooters,cat,unrelated,assumed unrelated due to symmetry
rosetta,bear,unrelated,assumed unrelated due to symmetry
rosetta,dragon,unrelated,assumed unrelated due to symmetry
rosetta,kitchen,unrelated,assumed unrelated due to symmetry
rosette,bedroom,unrelated,assumed unrelated due to symmetry
rot,back,unrelated,assumed unrelated due to symmetry
rote,pirate,unrelated,assumed unrelated due to symmetry
rote,death,unrelated,assumed unrelated due to symmetry
rouge,cat,unrelated,assumed unrelated due to symmetry
rounding,cat,unrelated,assumed unrelated due to symmetry
routine,cat,whatever,symmetry-breaking sweep 2026-04-26
routs,cat,unrelated,assumed unrelated due to symmetry
rove,moon,unrelated,assumed unrelated due to symmetry
rubric,bee,unrelated,assumed unrelated due to symmetry
ruck,cat,unrelated,assumed unrelated due to symmetry
rucksack,teacher,unrelated,assumed unrelated due to symmetry
rudders,cat,unrelated,assumed unrelated due to symmetry
rug,cat,whatever,symmetry-breaking sweep 2026-04-26
rugrat,swim,unrelated,assumed unrelated due to symmetry
rule,cat,unrelated,assumed unrelated due to symmetry
ruler,cat,unrelated,assumed unrelated due to symmetry
rumblings,bread,unrelated,assumed unrelated due to symmetry
rummy,bread,unrelated,assumed unrelated due to symmetry
rundown,beach,unrelated,assumed unrelated due to symmetry
rundowns,bread,unrelated,assumed unrelated due to symmetry
runic,cat,unrelated,assumed unrelated due to symmetry
runner,gay,unrelated,assumed unrelated due to symmetry
rush,cat,unrelated,assumed unrelated due to symmetry
russias,robot,unrelated,assumed unrelated due to symmetry
rust,argue,unrelated,assumed unrelated due to symmetry
rustles,yellow,unrelated,assumed unrelated due to symmetry
rusty,cat,unrelated,assumed unrelated due to symmetry
rutting,dream,whatever,symmetry-breaking sweep 2026-04-26
saboteurs,witch,whatever,symmetry-breaking sweep 2026-04-26
sac,cat,unrelated,assumed unrelated due to symmetry
sachet,cat,unrelated,assumed unrelated due to symmetry
sack,gay,unrelated,assumed unrelated due to symmetry
saddening,cat,unrelated,assumed unrelated due to symmetry
saddest,cat,unrelated,assumed unrelated due to symmetry
sadist,cat,unrelated,assumed unrelated due to symmetry
sadistic,food,unrelated,assumed unrelated due to symmetry
safe,gay,unrelated_ish,assumed unrelated due to symmetry
said,cat,unrelated,assumed unrelated due to symmetry
sailboat,dream,unrelated,assumed unrelated due to symmetry
sailings,angel,unrelated,assumed unrelated due to symmetry
salicylic,wine,whatever,symmetry-breaking sweep 2026-04-26
sallies,church,unrelated,assumed unrelated due to symmetry
salutation,cat,unrelated,assumed unrelated due to symmetry
salve,food,unrelated,assumed unrelated due to symmetry
sammy,cat,unrelated,assumed unrelated due to symmetry
sands,soldier,whatever,symmetry-breaking sweep 2026-04-26
sane,cat,whatever,symmetry-breaking sweep 2026-04-26
sarah,cat,unrelated,assumed unrelated due to symmetry
sarcophagus,food,unrelated,assumed unrelated due to symmetry
sare,gay,unrelated,assumed unrelated due to symmetry
sare,cat,unrelated,assumed unrelated due to symmetry
satay,coffee,unrelated,assumed unrelated due to symmetry
satins,cat,unrelated,assumed unrelated due to symmetry
satsuma,cat,unrelated,assumed unrelated due to symmetry
savage,kitchen,unrelated,assumed unrelated due to symmetry
scabby,cat,unrelated,assumed unrelated due to symmetry
scalar,cat,unrelated,assumed unrelated due to symmetry
scalding,cat,unrelated,assumed unrelated due to symmetry
scale,never,unrelated,assumed unrelated due to symmetry
scallion,crime,unrelated,assumed unrelated due to symmetry
scallion,person,unrelated,assumed unrelated due to symmetry
scalloped,cat,unrelated,assumed unrelated due to symmetry
scape,red,unrelated,assumed unrelated due to symmetry
scape,soul,unrelated,assumed unrelated due to symmetry
scarab,cat,whatever,symmetry-breaking sweep 2026-04-26
scarves,cheese,unrelated,assumed unrelated due to symmetry
sceneries,red,whatever,symmetry-breaking sweep 2026-04-26
schema,cat,unrelated,assumed unrelated due to symmetry
schillings,death,unrelated,assumed unrelated due to symmetry
school,gay,unrelated,assumed unrelated due to symmetry
sci-fi,crime,unrelated,assumed unrelated due to symmetry
scientific,gay,unrelated,assumed unrelated due to symmetry
scientific,cat,unrelated,assumed unrelated due to symmetry
scintillating,pirate,unrelated,assumed unrelated due to symmetry
scissor,cat,unrelated,assumed unrelated due to symmetry
scleroderma,soul,unrelated,assumed unrelated due to symmetry
sconce,food,unrelated,assumed unrelated due to symmetry
scooby,cat,unrelated,assumed unrelated due to symmetry
scooter,cat,unrelated,assumed unrelated due to symmetry
scrambling,cat,unrelated,assumed unrelated due to symmetry
scrap,cat,whatever,symmetry-breaking sweep 2026-04-26
scrape,cat,whatever,symmetry-breaking sweep 2026-04-26
scribe,pirate,unrelated,assumed unrelated due to symmetry
scrotum,cat,unrelated,assumed unrelated due to symmetry
scrubber,pirate,unrelated,assumed unrelated due to symmetry
scrums,time,unrelated,assumed unrelated due to symmetry
scrupulosity,memory,unrelated,assumed unrelated due to symmetry
scry,book,whatever,symmetry-breaking sweep 2026-04-26
scurry,kitchen,unrelated,assumed unrelated due to symmetry
scurvier,cat,unrelated,assumed unrelated due to symmetry
scythe,food,whatever,symmetry-breaking sweep 2026-04-26
sea,food,whatever,symmetry-breaking sweep 2026-04-26
seal,cat,whatever,symmetry-breaking sweep 2026-04-26
sealer,cat,unrelated,assumed unrelated due to symmetry
search,cat,whatever,symmetry-breaking sweep 2026-04-26
season,cat,unrelated,assumed unrelated due to symmetry
seat,gay,unrelated,assumed unrelated due to symmetry
secession,cat,unrelated,assumed unrelated due to symmetry
seconds,sun,unrelated,assumed unrelated due to symmetry
seconds,doctor,whatever,symmetry-breaking sweep 2026-04-26
secret,gay,whatever,symmetry-breaking sweep 2026-04-26
secrete,gay,whatever,symmetry-breaking sweep 2026-04-26
secretion,gay,whatever,symmetry-breaking sweep 2026-04-26
sectarian,pirate,unrelated,assumed unrelated due to symmetry
seducing,cat,unrelated,assumed unrelated due to symmetry
seek,pirate,unrelated,assumed unrelated due to symmetry
selectivity,food,unrelated,assumed unrelated due to symmetry
seller,gay,unrelated,assumed unrelated due to symmetry
sender,gay,unrelated,assumed unrelated due to symmetry
senhor,cat,unrelated,assumed unrelated due to symmetry
senor,cat,unrelated,assumed unrelated due to symmetry
señora,pirate,unrelated,assumed unrelated due to symmetry
señores,red,unrelated,assumed unrelated due to symmetry
sensationalize,cat,unrelated,assumed unrelated due to symmetry
sensationalizing,food,unrelated,assumed unrelated due to symmetry
sensibility,cat,unrelated,assumed unrelated due to symmetry
sensitivity,cat,unrelated,assumed unrelated due to symmetry
sensor,cat,unrelated,assumed unrelated due to symmetry
septic,cat,unrelated,assumed unrelated due to symmetry
serendipitous,cake,unrelated,assumed unrelated due to symmetry
series,pirate,unrelated,assumed unrelated due to symmetry
serpentine,dance,whatever,symmetry-breaking sweep 2026-04-26
settling,soldier,unrelated,assumed unrelated due to symmetry
sever,bread,unrelated,assumed unrelated due to symmetry
sever,coke,unrelated,assumed unrelated due to symmetry
sever,geometry,unrelated,assumed unrelated due to symmetry
sever,music,unrelated,assumed unrelated due to symmetry
sever,pasta,unrelated,assumed unrelated due to symmetry
sever,person,unrelated,assumed unrelated due to symmetry
sever,prayers,unrelated,assumed unrelated due to symmetry
sever,star,unrelated,assumed unrelated due to symmetry
sever,water,unrelated,assumed unrelated due to symmetry
sever,cat,unrelated,assumed unrelated due to symmetry
severs,yellow,unrelated,assumed unrelated due to symmetry
sewer,cat,unrelated,assumed unrelated due to symmetry
sexes,cat,whatever,symmetry-breaking sweep 2026-04-26
sexing,truth,unrelated,assumed unrelated due to symmetry
sext,cat,unrelated,assumed unrelated due to symmetry
shabby,cat,whatever,symmetry-breaking sweep 2026-04-26
shadowless,enemy,whatever,symmetry-breaking sweep 2026-04-26
shag,cat,whatever,symmetry-breaking sweep 2026-04-26
shaker,tiger,unrelated,assumed unrelated due to symmetry
shaking,yellow,whatever,symmetry-breaking sweep 2026-04-26
shales,cat,unrelated,assumed unrelated due to symmetry
sham,tiger,unrelated,assumed unrelated due to symmetry
shamanic,angel,whatever,symmetry-breaking sweep 2026-04-26
shank,soldier,whatever,symmetry-breaking sweep 2026-04-26
shape,snow,unrelated,assumed unrelated due to symmetry
shape,cat,whatever,symmetry-breaking sweep 2026-04-26
shapeshifter,soul,unrelated,assumed unrelated due to symmetry
shared,cat,unrelated,assumed unrelated due to symmetry
shark,cat,whatever,symmetry-breaking sweep 2026-04-26
sharper,truth,unrelated,assumed unrelated due to symmetry
shawl,sleep,unrelated,assumed unrelated due to symmetry
she's,cat,unrelated,assumed unrelated due to symmetry
shearings,death,unrelated,assumed unrelated due to symmetry
sheathes,bone,unrelated,assumed unrelated due to symmetry
sheep,cat,whatever,symmetry-breaking sweep 2026-04-26
sheer,cat,unrelated,assumed unrelated due to symmetry
sheet,gay,unrelated,assumed unrelated due to symmetry
shellack,cat,whatever,symmetry-breaking sweep 2026-04-26
shepherd,cat,whatever,symmetry-breaking sweep 2026-04-26
shies,cat,unrelated,assumed unrelated due to symmetry
shirley,memory,unrelated,assumed unrelated due to symmetry
shite,cat,unrelated_ish,assumed unrelated due to symmetry
shock,cat,unrelated,assumed unrelated due to symmetry
shoop,food,unrelated,assumed unrelated due to symmetry
short,cat,unrelated,assumed unrelated due to symmetry
shorty,cat,unrelated,assumed unrelated due to symmetry
shrine,city,whatever,symmetry-breaking sweep 2026-04-26
shrunk,cat,unrelated,assumed unrelated due to symmetry
shucks,bee,unrelated,assumed unrelated due to symmetry
shuffle,cat,unrelated,assumed unrelated due to symmetry
shutdown,time,unrelated,assumed unrelated due to symmetry
sienna,baby,unrelated,assumed unrelated due to symmetry
siesta,gay,unrelated,assumed unrelated due to symmetry
siesta,chess,unrelated,assumed unrelated due to symmetry
sign,memory,unrelated,assumed unrelated due to symmetry
signage,city,whatever,symmetry-breaking sweep 2026-04-26
signifying,sing,whatever,symmetry-breaking sweep 2026-04-26
silence,time,unrelated,assumed unrelated due to symmetry
silk,cat,unrelated,assumed unrelated due to symmetry
sim,biology,unrelated,assumed unrelated due to symmetry
simmer,cat,unrelated,assumed unrelated due to symmetry
simmer,time,whatever,symmetry-breaking sweep 2026-04-26
simp,cat,whatever,symmetry-breaking sweep 2026-04-26
simple,cat,unrelated,assumed unrelated due to symmetry
simulacrum,pirate,unrelated,assumed unrelated due to symmetry
simulation,pirate,unrelated,assumed unrelated due to symmetry
sincere,gay,unrelated,assumed unrelated due to symmetry
single,pirate,unrelated,assumed unrelated due to symmetry
single,cat,whatever,symmetry-breaking sweep 2026-04-26
singlehandedly,wine,unrelated,assumed unrelated due to symmetry
sinker,vote,unrelated,assumed unrelated due to symmetry
sir,memory,unrelated,assumed unrelated due to symmetry
sire,cat,whatever,symmetry-breaking sweep 2026-04-26
sissy,dog,unrelated,assumed unrelated due to symmetry
sizable,gay,unrelated,assumed unrelated due to symmetry
skillet,cat,unrelated,assumed unrelated due to symmetry
skimmer,cat,unrelated,assumed unrelated due to symmetry
skipper,cat,unrelated,assumed unrelated due to symmetry
skipper,tennis,unrelated,assumed unrelated due to symmetry
skippy,soul,unrelated,assumed unrelated due to symmetry
skull,food,unrelated,assumed unrelated due to symmetry
skunk,cat,whatever,symmetry-breaking sweep 2026-04-26
sky,crime,unrelated,assumed unrelated due to symmetry
skyway,snow,whatever,symmetry-breaking sweep 2026-04-26
slab,cat,unrelated,assumed unrelated due to symmetry
slam,pirate,whatever,symmetry-breaking sweep 2026-04-26
slang,cat,unrelated,assumed unrelated due to symmetry
slapping,cat,unrelated,assumed unrelated due to symmetry
slat,food,unrelated,assumed unrelated due to symmetry
sled,cat,unrelated,assumed unrelated due to symmetry
sleeping,sadness,whatever,symmetry-breaking sweep 2026-04-26
sleuth,cat,unrelated,assumed unrelated due to symmetry
slew,cat,unrelated,assumed unrelated due to symmetry
slicer,pirate,unrelated,assumed unrelated due to symmetry
slide,gay,unrelated,assumed unrelated due to symmetry
slimming,cat,whatever,symmetry-breaking sweep 2026-04-26
slinging,cat,unrelated,assumed unrelated due to symmetry
sliver,eagle,whatever,symmetry-breaking sweep 2026-04-26
slob,cat,unrelated,assumed unrelated due to symmetry
slob,cook,whatever,symmetry-breaking sweep 2026-04-26
sloped,horse,unrelated,assumed unrelated due to symmetry
slows,sadness,whatever,symmetry-breaking sweep 2026-04-26
slugfest,vote,unrelated,assumed unrelated due to symmetry
slugger,cat,unrelated,assumed unrelated due to symmetry
slurp,cat,whatever,symmetry-breaking sweep 2026-04-26
slurring,cat,unrelated,assumed unrelated due to symmetry
smart,coke,unrelated,assumed unrelated due to symmetry
smart,rain,unrelated,assumed unrelated due to symmetry
smart,water,unrelated,assumed unrelated due to symmetry
smatterings,cat,unrelated,assumed unrelated due to symmetry
smear,cat,unrelated,assumed unrelated due to symmetry
smile,back,unrelated,assumed unrelated due to symmetry
smiley,cheese,unrelated,assumed unrelated due to symmetry
smith,food,unrelated,assumed unrelated due to symmetry
smog,crime,unrelated_ish,assumed unrelated due to symmetry
smoke,cat,unrelated,assumed unrelated due to symmetry
smoky,cat,whatever,symmetry-breaking sweep 2026-04-26
smooch,cat,whatever,symmetry-breaking sweep 2026-04-26
snake,cat,whatever,symmetry-breaking sweep 2026-04-26
snazzy,mine,unrelated,assumed unrelated due to symmetry
sneaking,teacher,unrelated,assumed unrelated due to symmetry
snicker,cat,unrelated,assumed unrelated due to symmetry
snoop,cat,unrelated,assumed unrelated due to symmetry
snoopy,cat,unrelated,assumed unrelated due to symmetry
snout,cat,unrelated,assumed unrelated due to symmetry
snow,coke,unrelated,assumed unrelated due to symmetry
snow,brain,unrelated,assumed unrelated due to symmetry
snowy,cat,whatever,symmetry-breaking sweep 2026-04-26
snubs,tennis,whatever,symmetry-breaking sweep 2026-04-26
snyder,halloween,unrelated,assumed unrelated due to symmetry
sob,food,unrelated,assumed unrelated due to symmetry
sobbed,cat,unrelated,assumed unrelated due to symmetry
soccers,church,unrelated,assumed unrelated due to symmetry
sock,pirate,unrelated,assumed unrelated due to symmetry
sod,cat,unrelated,assumed unrelated due to symmetry
solemn,gay,unrelated,assumed unrelated due to symmetry
solo,pirate,whatever,symmetry-breaking sweep 2026-04-26
soothsayer,moon,whatever,symmetry-breaking sweep 2026-04-26
sooty,food,unrelated,assumed unrelated due to symmetry
sooty,cat,unrelated,assumed unrelated due to symmetry
soporific,pirate,unrelated,assumed unrelated due to symmetry
sorceress,food,unrelated,assumed unrelated due to symmetry
sots,cat,unrelated,assumed unrelated due to symmetry
soul,cat,whatever,symmetry-breaking sweep 2026-04-26
sound,cat,whatever,symmetry-breaking sweep 2026-04-26
soup,cat,unrelated,assumed unrelated due to symmetry
soya,cat,unrelated,assumed unrelated due to symmetry
soybean,crime,unrelated,assumed unrelated due to symmetry
spacer,cat,unrelated,assumed unrelated due to symmetry
spacious,outside,unrelated,assumed unrelated due to symmetry
spaghetti,cat,unrelated,assumed unrelated due to symmetry
spain,tennis,whatever,symmetry-breaking sweep 2026-04-26
spalding,church,unrelated,assumed unrelated due to symmetry
spangling,cat,unrelated,assumed unrelated due to symmetry
spaniel,cat,unrelated,assumed unrelated due to symmetry
spanned,cat,unrelated,assumed unrelated due to symmetry
spark,cat,unrelated,assumed unrelated due to symmetry
sparky,cat,unrelated,assumed unrelated due to symmetry
spatial,cat,unrelated,assumed unrelated due to symmetry
spear,food,unrelated,assumed unrelated due to symmetry
speck,food,whatever,symmetry-breaking sweep 2026-04-26
specks,baby,unrelated,assumed unrelated due to symmetry
specter,cat,unrelated,assumed unrelated due to symmetry
spell,cat,whatever,symmetry-breaking sweep 2026-04-26
spend,gay,unrelated,assumed unrelated due to symmetry
spherical,bread,unrelated,assumed unrelated due to symmetry
sphinx,under,unrelated,assumed unrelated due to symmetry
spider,go,unrelated,assumed unrelated due to symmetry
spider,cat,whatever,symmetry-breaking sweep 2026-04-26
spiderweb,snow,unrelated,assumed unrelated due to symmetry
spigot,money,unrelated,assumed unrelated due to symmetry
spike,cat,unrelated,assumed unrelated due to symmetry
spiny,cat,unrelated,assumed unrelated due to symmetry
splash,gay,whatever,symmetry-breaking sweep 2026-04-26
spleen,pirate,unrelated,assumed unrelated due to symmetry
spliced,cheese,unrelated,assumed unrelated due to symmetry
splurge,sleep,unrelated,assumed unrelated due to symmetry
spluttering,cat,unrelated,assumed unrelated due to symmetry
spoiler,pirate,unrelated,assumed unrelated due to symmetry
sporty,cat,unrelated,assumed unrelated due to symmetry
sporty,war,unrelated,assumed unrelated due to symmetry
spot,cat,whatever,symmetry-breaking sweep 2026-04-26
spreader,food,unrelated,assumed unrelated due to symmetry
sprite,cat,unrelated,assumed unrelated due to symmetry
sprocket,cat,unrelated,assumed unrelated due to symmetry
spurn,gay,whatever,symmetry-breaking sweep 2026-04-26
sputters,snow,unrelated,assumed unrelated due to symmetry
squad,cat,unrelated,assumed unrelated due to symmetry
squalid,cat,unrelated,assumed unrelated due to symmetry
squall,food,unrelated,assumed unrelated due to symmetry
squall,cat,unrelated,assumed unrelated due to symmetry
squat,cat,unrelated,assumed unrelated due to symmetry
squatting,wind,unrelated_ish,assumed unrelated due to symmetry
squeal,gone,unrelated,assumed unrelated due to symmetry
squeamish,coke,unrelated,assumed unrelated due to symmetry
squeamish,rain,unrelated,assumed unrelated due to symmetry
squeamish,water,unrelated,assumed unrelated due to symmetry
squeamish,ear,unrelated,assumed unrelated due to symmetry
squeamish,brain,unrelated_ish,assumed unrelated due to symmetry
squelches,cat,unrelated,assumed unrelated due to symmetry
squire,gone,unrelated,assumed unrelated due to symmetry
stable,cat,whatever,symmetry-breaking sweep 2026-04-26
stage,pirate,unrelated,assumed unrelated due to symmetry
stage,cat,unrelated,assumed unrelated due to symmetry
stage,gay,whatever,symmetry-breaking sweep 2026-04-26
staider,hospital,unrelated,assumed unrelated due to symmetry
stain,cat,whatever,symmetry-breaking sweep 2026-04-26
stale,cat,unrelated,assumed unrelated due to symmetry
staler,cat,unrelated,assumed unrelated due to symmetry
stall,cat,unrelated,assumed unrelated due to symmetry
stallion,cat,whatever,symmetry-breaking sweep 2026-04-26
stalls,pirate,unrelated,assumed unrelated due to symmetry
standby,pirate,unrelated,assumed unrelated due to symmetry
stanned,truth,unrelated,assumed unrelated due to symmetry
star,cat,unrelated,assumed unrelated due to symmetry
star,make,unrelated,assumed unrelated due to symmetry
state,food,unrelated,assumed unrelated due to symmetry
stateside,enemy,whatever,symmetry-breaking sweep 2026-04-26
statuette,cat,whatever,symmetry-breaking sweep 2026-04-26
stature,cat,unrelated,assumed unrelated due to symmetry
statuses,heart,unrelated_ish,assumed unrelated due to symmetry
stead,battery,unrelated,assumed unrelated due to symmetry
steadies,religion,unrelated,assumed unrelated due to symmetry
steak,cat,whatever,symmetry-breaking sweep 2026-04-26
steam,person,unrelated,assumed unrelated due to symmetry
steam,tennis,unrelated,assumed unrelated due to symmetry
stegosaurus,cat,unrelated,assumed unrelated due to symmetry
stepping,tennis,whatever,symmetry-breaking sweep 2026-04-26
stepson,pirate,unrelated,assumed unrelated due to symmetry
stiffed,cat,unrelated,assumed unrelated due to symmetry
stiffen,cat,unrelated,assumed unrelated due to symmetry
stigmas,angel,unrelated,assumed unrelated due to symmetry
stilettos,tennis,unrelated,assumed unrelated due to symmetry
still,gay,unrelated,assumed unrelated due to symmetry
stills,cat,unrelated,assumed unrelated due to symmetry
stilt,cat,unrelated,assumed unrelated due to symmetry
stimulations,cat,unrelated,assumed unrelated due to symmetry
sting,water,unrelated,assumed unrelated due to symmetry
stings,tennis,unrelated,assumed unrelated due to symmetry
stint,gay,unrelated,assumed unrelated due to symmetry
stitching,tree,unrelated,assumed unrelated due to symmetry
stocks,pasta,unrelated,assumed unrelated due to symmetry
stole,cat,unrelated,assumed unrelated due to symmetry
stomper,cat,unrelated,assumed unrelated due to symmetry
stooge,cat,unrelated,assumed unrelated due to symmetry
stoop,cat,whatever,symmetry-breaking sweep 2026-04-26
storm,cat,unrelated,assumed unrelated due to symmetry
stove,cat,unrelated,assumed unrelated due to symmetry
stove,swim,unrelated,assumed unrelated due to symmetry
strands,memory,unrelated_ish,assumed unrelated due to symmetry
strange,cat,whatever,symmetry-breaking sweep 2026-04-26
stranger,gay,unrelated,assumed unrelated due to symmetry
stranger,cat,unrelated,assumed unrelated due to symmetry
strangle,cat,whatever,symmetry-breaking sweep 2026-04-26
strangles,cat,unrelated,assumed unrelated due to symmetry
streaky,cat,unrelated,assumed unrelated due to symmetry
stream,person,unrelated,assumed unrelated due to symmetry
stretch,city,unrelated,assumed unrelated due to symmetry
stretchy,cat,unrelated,assumed unrelated due to symmetry
stricken,cat,unrelated,assumed unrelated due to symmetry
strip,gay,whatever,symmetry-breaking sweep 2026-04-26
striper,cat,unrelated,assumed unrelated due to symmetry
strived,skin,unrelated,assumed unrelated due to symmetry
stroll,cat,whatever,symmetry-breaking sweep 2026-04-26
stubby,cat,unrelated,assumed unrelated due to symmetry
studded,cat,unrelated,assumed unrelated due to symmetry
studs,vote,unrelated,assumed unrelated due to symmetry
stuff,cat,whatever,symmetry-breaking sweep 2026-04-26
stuffers,cat,unrelated,assumed unrelated due to symmetry
stump,cat,unrelated,assumed unrelated due to symmetry
stupor,cat,unrelated,assumed unrelated due to symmetry
sty,hospital,unrelated,assumed unrelated due to symmetry
style,cat,whatever,symmetry-breaking sweep 2026-04-26
stymies,tennis,unrelated,assumed unrelated due to symmetry
subbing,cat,unrelated,assumed unrelated due to symmetry
subscribing,hospital,unrelated,assumed unrelated due to symmetry
subvert,gay,whatever,symmetry-breaking sweep 2026-04-26
success,baby,whatever,symmetry-breaking sweep 2026-04-26
suckle,cat,unrelated,assumed unrelated due to symmetry
suede,cat,whatever,symmetry-breaking sweep 2026-04-26
suet,bee,unrelated,assumed unrelated due to symmetry
sugars,satellite,unrelated,assumed unrelated due to symmetry
suite,pirate,unrelated,assumed unrelated due to symmetry
suiting,food,unrelated,assumed unrelated due to symmetry
summa,justice,unrelated,assumed unrelated due to symmetry
summertime,bee,whatever,symmetry-breaking sweep 2026-04-26
sundance,river,unrelated,assumed unrelated due to symmetry
sup,chair,unrelated,assumed unrelated due to symmetry
super,cat,whatever,symmetry-breaking sweep 2026-04-26
superb,cat,unrelated,assumed unrelated due to symmetry
supercenter,heart,unrelated,assumed unrelated due to symmetry
superintend,cook,whatever,symmetry-breaking sweep 2026-04-26
supplement,cat,whatever,symmetry-breaking sweep 2026-04-26
supplemental,cat,unrelated,assumed unrelated due to symmetry
supply,person,unrelated,assumed unrelated due to symmetry
supposition,pirate,unrelated,assumed unrelated due to symmetry
suppression,food,unrelated,assumed unrelated due to symmetry
supra,eagle,unrelated,assumed unrelated due to symmetry
surfactant,baby,whatever,symmetry-breaking sweep 2026-04-26
surgery,light,unrelated,assumed unrelated due to symmetry
surgical,cat,unrelated,assumed unrelated due to symmetry
surpassing,witch,whatever,symmetry-breaking sweep 2026-04-26
surreptitious,food,unrelated,assumed unrelated due to symmetry
survive,satellite,unrelated,assumed unrelated due to symmetry
survive,cat,whatever,symmetry-breaking sweep 2026-04-26
susceptibility,gay,unrelated,assumed unrelated due to symmetry
swank,pirate,whatever,symmetry-breaking sweep 2026-04-26
swanky,food,unrelated,assumed unrelated due to symmetry
swedish,cheese,whatever,symmetry-breaking sweep 2026-04-26
sweetie,vote,whatever,symmetry-breaking sweep 2026-04-26
swill,cat,unrelated,assumed unrelated due to symmetry
swindled,cat,unrelated,assumed unrelated due to symmetry
switch,food,unrelated,assumed unrelated due to symmetry
sworn,death,unrelated,assumed unrelated due to symmetry
synonymous,joy,unrelated,assumed unrelated due to symmetry
tabby,snow,whatever,symmetry-breaking sweep 2026-04-26
table,cat,whatever,symmetry-breaking sweep 2026-04-26
tableware,baby,unrelated,assumed unrelated due to symmetry
tachometer,blue,unrelated,assumed unrelated due to symmetry
taels,dragon,whatever,symmetry-breaking sweep 2026-04-26
taffy,dog,unrelated,assumed unrelated due to symmetry
tailgate,cheese,unrelated,assumed unrelated due to symmetry
tallyho,cat,unrelated,assumed unrelated due to symmetry
tanka,memory,unrelated,assumed unrelated due to symmetry
tapeworm,swim,unrelated,assumed unrelated due to symmetry
tapir,dog,unrelated,assumed unrelated due to symmetry
tapir,inside,unrelated,assumed unrelated due to symmetry
tapir,even,unrelated,assumed unrelated due to symmetry
tapir,say,unrelated,assumed unrelated due to symmetry
tapir,gimme,unrelated,assumed unrelated due to symmetry
tapir,obvious,unrelated,assumed unrelated due to symmetry
tapir,never,unrelated,assumed unrelated due to symmetry
tapir,always,unrelated,assumed unrelated due to symmetry
tapir,mine,unrelated,assumed unrelated due to symmetry
tapir,argue,unrelated,assumed unrelated due to symmetry
tar,might,unrelated,assumed unrelated due to symmetry
tarpaulin,cat,unrelated,assumed unrelated due to symmetry
tarsal,shark,unrelated,assumed unrelated due to symmetry
tasting,cat,whatever,symmetry-breaking sweep 2026-04-26
tat,cat,unrelated,assumed unrelated due to symmetry
tatters,cat,unrelated,assumed unrelated due to symmetry
tattiest,kitchen,unrelated,assumed unrelated due to symmetry
tattooing,cat,unrelated,assumed unrelated due to symmetry
tatty,cat,unrelated,assumed unrelated due to symmetry
tax,gimme,unrelated,assumed unrelated due to symmetry
taxonomic,cat,whatever,symmetry-breaking sweep 2026-04-26
technician,cat,unrelated,assumed unrelated due to symmetry
teddies,meat,unrelated,assumed unrelated due to symmetry
teddy,cat,unrelated,assumed unrelated due to symmetry
teddy,sing,unrelated,assumed unrelated due to symmetry
teeny,blue,unrelated,assumed unrelated due to symmetry
teeny,heart,unrelated,assumed unrelated due to symmetry
teleport,angel,whatever,symmetry-breaking sweep 2026-04-26
telescope,bank,unrelated,assumed unrelated due to symmetry
telescope,bat,unrelated,assumed unrelated due to symmetry
telescope,crime,unrelated,assumed unrelated due to symmetry
telescope,music,unrelated,assumed unrelated due to symmetry
telescope,person,unrelated,assumed unrelated due to symmetry
telescope,cat,unrelated,assumed unrelated due to symmetry
teller,angel,unrelated,assumed unrelated due to symmetry
tempura,cat,unrelated,assumed unrelated due to symmetry
tempura,outside,unrelated,assumed unrelated due to symmetry
tenants,cat,whatever,symmetry-breaking sweep 2026-04-26
tendencies,soul,unrelated,assumed unrelated due to symmetry
tendency,cat,unrelated,assumed unrelated due to symmetry
term,cat,unrelated,assumed unrelated due to symmetry
terrarium,cat,unrelated,assumed unrelated due to symmetry
terrier,cat,unrelated,assumed unrelated due to symmetry
terse,cat,unrelated,assumed unrelated due to symmetry
text,food,unrelated,assumed unrelated due to symmetry
text,cat,unrelated,assumed unrelated due to symmetry
theme,food,whatever,symmetry-breaking sweep 2026-04-26
there're,moon,unrelated,assumed unrelated due to symmetry
thermite,cook,unrelated,assumed unrelated due to symmetry
thicc,food,unrelated,assumed unrelated due to symmetry
thicken,cat,unrelated,assumed unrelated due to symmetry
thief,cat,whatever,symmetry-breaking sweep 2026-04-26
thieving,cat,whatever,symmetry-breaking sweep 2026-04-26
thimble,cat,unrelated,assumed unrelated due to symmetry
things,cat,unrelated,assumed unrelated due to symmetry
think,coke,unrelated,assumed unrelated due to symmetry
think,rain,unrelated,assumed unrelated due to symmetry
think,water,unrelated,assumed unrelated due to symmetry
think,cat,whatever,symmetry-breaking sweep 2026-04-26
third,cat,unrelated,assumed unrelated due to symmetry
throat,swim,unrelated,assumed unrelated due to symmetry
thrums,cat,unrelated,assumed unrelated due to symmetry
thunder,cat,whatever,symmetry-breaking sweep 2026-04-26
thunderhead,church,unrelated,assumed unrelated due to symmetry
ti,cat,unrelated,assumed unrelated due to symmetry
tiara,food,unrelated,assumed unrelated due to symmetry
tiger,just,unrelated,assumed unrelated due to symmetry
tights,cat,unrelated,assumed unrelated due to symmetry
tikka,chocolate,unrelated,assumed unrelated due to symmetry
tile,cat,unrelated_ish,assumed unrelated due to symmetry
time,back,unrelated,assumed unrelated due to symmetry
tin,boxing,unrelated,assumed unrelated due to symmetry
tinder,anger,unrelated_ish,assumed unrelated due to symmetry
tinker,cat,unrelated,assumed unrelated due to symmetry
tinkle,pirate,unrelated,assumed unrelated due to symmetry
tiring,pirate,whatever,symmetry-breaking sweep 2026-04-26
tissue,cat,unrelated,assumed unrelated due to symmetry
titanic,food,unrelated,assumed unrelated due to symmetry
titles,city,whatever,symmetry-breaking sweep 2026-04-26
toad,book,unrelated,assumed unrelated due to symmetry
toad,cat,whatever,symmetry-breaking sweep 2026-04-26
toaster,cat,unrelated,assumed unrelated due to symmetry
tobacco,tennis,unrelated,assumed unrelated due to symmetry
today,laugh,unrelated,assumed unrelated due to symmetry
toga,always,unrelated,assumed unrelated due to symmetry
tomato,cat,unrelated,assumed unrelated due to symmetry
tony,cook,unrelated,assumed unrelated due to symmetry
tool,cat,unrelated,assumed unrelated due to symmetry
toon,cat,unrelated,assumed unrelated due to symmetry
toot,gay,unrelated,assumed unrelated due to symmetry
top,cat,unrelated,assumed unrelated due to symmetry
topic,cat,unrelated,assumed unrelated due to symmetry
topman,swim,unrelated,assumed unrelated due to symmetry
tornados,cat,unrelated,assumed unrelated due to symmetry
tortoise,cat,unrelated,assumed unrelated due to symmetry
tot,cat,unrelated,assumed unrelated due to symmetry
tout,run,unrelated,assumed unrelated due to symmetry
towelettes,enemy,unrelated,assumed unrelated due to symmetry
tower,even,unrelated,assumed unrelated due to symmetry
townies,biology,unrelated,assumed unrelated due to symmetry
trace,cat,unrelated,assumed unrelated due to symmetry
tract,gay,unrelated,assumed unrelated due to symmetry
traitors,cat,unrelated,assumed unrelated due to symmetry
trajectories,tiger,unrelated,assumed unrelated due to symmetry
tramp,cat,unrelated,assumed unrelated due to symmetry
trampled,cat,whatever,symmetry-breaking sweep 2026-04-26
trance,food,unrelated,assumed unrelated due to symmetry
trance,cat,unrelated,assumed unrelated due to symmetry
transact,church,unrelated,assumed unrelated due to symmetry
transaction,chemistry,unrelated,assumed unrelated due to symmetry
transfused,cat,unrelated,assumed unrelated due to symmetry
transistors,crime,unrelated,assumed unrelated due to symmetry
transistors,pasta,unrelated,assumed unrelated due to symmetry
transistors,person,unrelated,assumed unrelated due to symmetry
translating,wine,unrelated,assumed unrelated due to symmetry
translational,gay,unrelated,assumed unrelated due to symmetry
transliterations,chemistry,unrelated,assumed unrelated due to symmetry
transmitting,cat,unrelated,assumed unrelated due to symmetry
transpacific,cat,unrelated,assumed unrelated due to symmetry
transplant,cat,whatever,symmetry-breaking sweep 2026-04-26
transport,kitchen,unrelated,assumed unrelated due to symmetry
transposing,doctor,unrelated,assumed unrelated due to symmetry
trapper,cat,whatever,symmetry-breaking sweep 2026-04-26
trash,cat,whatever,symmetry-breaking sweep 2026-04-26
trawler,cat,unrelated,assumed unrelated due to symmetry
treacle,food,unrelated,assumed unrelated due to symmetry
treasure,gay,unrelated,assumed unrelated due to symmetry
treasure,cat,unrelated,assumed unrelated due to symmetry
treasured,war,unrelated,assumed unrelated due to symmetry
treece,tree,unrelated,assumed unrelated due to symmetry
treeless,eagle,unrelated,assumed unrelated due to symmetry
treese,tree,unrelated,assumed unrelated due to symmetry
treesh,tree,unrelated,assumed unrelated due to symmetry
trenching,cat,unrelated,assumed unrelated due to symmetry
triangle,cat,unrelated,assumed unrelated due to symmetry
triangular,cat,unrelated,assumed unrelated due to symmetry
tried,satellite,unrelated,assumed unrelated due to symmetry
trig,skin,unrelated,assumed unrelated due to symmetry
trimester,gay,unrelated,assumed unrelated due to symmetry
tripe,cat,whatever,symmetry-breaking sweep 2026-04-26
tripper,cat,unrelated,assumed unrelated due to symmetry
triticale,cat,unrelated,assumed unrelated due to symmetry
tritium,river,unrelated,assumed unrelated due to symmetry
trot,cat,unrelated,assumed unrelated due to symmetry
trousers,swim,unrelated,assumed unrelated due to symmetry
truckload,sadness,unrelated,assumed unrelated due to symmetry
truculent,gay,unrelated,assumed unrelated due to symmetry
truer,moon,unrelated,assumed unrelated due to symmetry
trunk,cat,unrelated,assumed unrelated due to symmetry
trusses,sun,unrelated,assumed unrelated due to symmetry
tucker,cat,unrelated,assumed unrelated due to symmetry
tucker,wine,unrelated,assumed unrelated due to symmetry
tuckers,kitchen,unrelated,assumed unrelated due to symmetry
tugged,cat,unrelated,assumed unrelated due to symmetry
tugged,beach,unrelated,assumed unrelated due to symmetry
tuitions,dragon,unrelated,assumed unrelated due to symmetry
tulle,food,unrelated,assumed unrelated due to symmetry
tumor,cat,whatever,symmetry-breaking sweep 2026-04-26
tunic,always,unrelated,assumed unrelated due to symmetry
turners,justice,unrelated,assumed unrelated due to symmetry
turns,beach,unrelated,assumed unrelated due to symmetry
turtle,cat,unrelated,assumed unrelated due to symmetry
tusk,pirate,unrelated,assumed unrelated due to symmetry
tusks,cat,whatever,symmetry-breaking sweep 2026-04-26
tux,snow,unrelated,assumed unrelated due to symmetry
twenty,food,unrelated,assumed unrelated due to symmetry
twerking,cheese,unrelated,assumed unrelated due to symmetry
twink,cat,unrelated,assumed unrelated due to symmetry
twinkling,pirate,whatever,symmetry-breaking sweep 2026-04-26
twister,cat,unrelated,assumed unrelated due to symmetry
twisty,justice,unrelated,assumed unrelated due to symmetry
twitch,cat,whatever,symmetry-breaking sweep 2026-04-26
twixt,love,whatever,symmetry-breaking sweep 2026-04-26
type,cat,whatever,symmetry-breaking sweep 2026-04-26
tzetze,moon,unrelated,assumed unrelated due to symmetry
ultrasonic,cat,whatever,symmetry-breaking sweep 2026-04-26
unacceptable,cat,unrelated,assumed unrelated due to symmetry
unaffiliated,run,unrelated,assumed unrelated due to symmetry
unappreciated,pirate,unrelated,assumed unrelated due to symmetry
unartistic,food,unrelated,assumed unrelated due to symmetry
unattended,cat,whatever,symmetry-breaking sweep 2026-04-26
unattractive,cat,unrelated,assumed unrelated due to symmetry
unbearable,baby,whatever,symmetry-breaking sweep 2026-04-26
unchain,cat,unrelated,assumed unrelated due to symmetry
unconfirmed,cat,unrelated,assumed unrelated due to symmetry
unconstrained,cat,unrelated,assumed unrelated due to symmetry
uncover,justice,whatever,symmetry-breaking sweep 2026-04-26
unctuous,cake,unrelated,assumed unrelated due to symmetry
underestimate,pirate,unrelated,assumed unrelated due to symmetry
underneath,cat,whatever,symmetry-breaking sweep 2026-04-26
underpay,cat,unrelated,assumed unrelated due to symmetry
undertow,person,unrelated,assumed unrelated due to symmetry
undertow,cat,unrelated,assumed unrelated due to symmetry
underwear,gimme,unrelated,assumed unrelated due to symmetry
unemotional,gay,unrelated,assumed unrelated due to symmetry
unendurable,cat,unrelated,assumed unrelated due to symmetry
unforeseeable,cat,unrelated,assumed unrelated due to symmetry
unfriend,cat,unrelated,assumed unrelated due to symmetry
unfrozen,cat,unrelated,assumed unrelated due to symmetry
unfurling,cat,unrelated,assumed unrelated due to symmetry
unglued,sleep,unrelated,assumed unrelated due to symmetry
ungodly,cat,unrelated,assumed unrelated due to symmetry
unheard,pirate,unrelated,assumed unrelated due to symmetry
unhorsed,dream,unrelated,assumed unrelated due to symmetry
unicorn,argue,unrelated,assumed unrelated due to symmetry
unidentified,pirate,unrelated,assumed unrelated due to symmetry
uninformed,food,unrelated,assumed unrelated due to symmetry
unlatch,kitchen,unrelated,assumed unrelated due to symmetry
unlawful,time,unrelated,assumed unrelated due to symmetry
unlisted,angel,unrelated,assumed unrelated due to symmetry
unloading,cat,unrelated,assumed unrelated due to symmetry
unpaid,gay,unrelated,assumed unrelated due to symmetry
unpredictable,cat,whatever,symmetry-breaking sweep 2026-04-26
unrecognizable,pirate,unrelated,assumed unrelated due to symmetry
unregistered,angel,unrelated,assumed unrelated due to symmetry
unruly,red,whatever,symmetry-breaking sweep 2026-04-26
unscramble,chess,unrelated,assumed unrelated due to symmetry
unscramble,dream,unrelated,assumed unrelated due to symmetry
unsettle,cat,unrelated,assumed unrelated due to symmetry
unsex,cat,unrelated,assumed unrelated due to symmetry
unskilled,gay,unrelated,assumed unrelated due to symmetry
unsteady,food,unrelated,assumed unrelated due to symmetry
unstopped,sing,unrelated,assumed unrelated due to symmetry
untangles,cat,unrelated,assumed unrelated due to symmetry
unwilling,cat,unrelated,assumed unrelated due to symmetry
unwitting,food,unrelated,assumed unrelated due to symmetry
updated,cat,unrelated,assumed unrelated due to symmetry
upright,cat,unrelated,assumed unrelated due to symmetry
uprising,food,unrelated,assumed unrelated due to symmetry
upstaged,book,unrelated,assumed unrelated due to symmetry
uptempo,tennis,whatever,symmetry-breaking sweep 2026-04-26
upturned,cat,unrelated,assumed unrelated due to symmetry
urban,pirate,unrelated,assumed unrelated due to symmetry
urologist,pirate,unrelated,assumed unrelated due to symmetry
us,cat,unrelated,assumed unrelated due to symmetry
usable,time,unrelated,assumed unrelated due to symmetry
utopia,internet,whatever,symmetry-breaking sweep 2026-04-26
utopian,food,unrelated,assumed unrelated due to symmetry
vagrant,cat,whatever,symmetry-breaking sweep 2026-04-26
vale,city,unrelated,assumed unrelated due to symmetry
valiant,death,whatever,symmetry-breaking sweep 2026-04-26
valium,internet,whatever,symmetry-breaking sweep 2026-04-26
van,pirate,unrelated,assumed unrelated due to symmetry
vape,internet,whatever,symmetry-breaking sweep 2026-04-26
vapid,pirate,unrelated,assumed unrelated due to symmetry
vase,cat,unrelated,assumed unrelated due to symmetry
vats,city,unrelated,assumed unrelated due to symmetry
vault,pirate,whatever,symmetry-breaking sweep 2026-04-26
vector,cat,unrelated,assumed unrelated due to symmetry
veggie,cat,whatever,symmetry-breaking sweep 2026-04-26
vein,cat,unrelated,assumed unrelated due to symmetry
velar,cat,unrelated,assumed unrelated due to symmetry
velvety,sadness,whatever,symmetry-breaking sweep 2026-04-26
venom,cat,unrelated,assumed unrelated due to symmetry
vent,cat,unrelated,assumed unrelated due to symmetry
verb,cat,unrelated,assumed unrelated due to symmetry
verbal,cat,whatever,symmetry-breaking sweep 2026-04-26
verged,angel,unrelated,assumed unrelated due to symmetry
verify,gay,unrelated,assumed unrelated due to symmetry
veteran,cat,unrelated,assumed unrelated due to symmetry
vibrato,cat,unrelated,assumed unrelated due to symmetry
vice,person,unrelated,assumed unrelated due to symmetry
victimology,cat,unrelated,assumed unrelated due to symmetry
vietnam,gay,unrelated,assumed unrelated due to symmetry
vietnamese,cat,whatever,symmetry-breaking sweep 2026-04-26
vikings,book,unrelated,assumed unrelated due to symmetry
villas,book,unrelated,assumed unrelated due to symmetry
viola,cat,unrelated,assumed unrelated due to symmetry
violate,cat,unrelated,assumed unrelated due to symmetry
violin,football,unrelated,assumed unrelated due to symmetry
virgins,sleep,unrelated,assumed unrelated due to symmetry
visitor,bear,whatever,symmetry-breaking sweep 2026-04-26
visors,cake,unrelated,assumed unrelated due to symmetry
vitally,cat,unrelated,assumed unrelated due to symmetry
vivisection,cat,whatever,symmetry-breaking sweep 2026-04-26
vocal,food,unrelated,assumed unrelated due to symmetry
voice,cat,unrelated,assumed unrelated due to symmetry
void,cat,unrelated,assumed unrelated due to symmetry
volcano,apple,unrelated,assumed unrelated due to symmetry
volcano,bat,unrelated,assumed unrelated due to symmetry
volcano,crime,unrelated,assumed unrelated due to symmetry
volcano,geometry,unrelated,assumed unrelated due to symmetry
volcano,music,unrelated,assumed unrelated due to symmetry
volcano,person,unrelated,assumed unrelated due to symmetry
volcano,pirate,unrelated,assumed unrelated due to symmetry
volcano,star,unrelated,assumed unrelated due to symmetry
volcano,cat,unrelated,assumed unrelated due to symmetry
vowing,cat,unrelated,assumed unrelated due to symmetry
voyeur,cat,unrelated,assumed unrelated due to symmetry
vulnerability,cat,unrelated,assumed unrelated due to symmetry
wad,boxing,unrelated,assumed unrelated due to symmetry
waft,sadness,unrelated,assumed unrelated due to symmetry
wag,cat,unrelated,assumed unrelated due to symmetry
wagon,cat,unrelated,assumed unrelated due to symmetry
wagon,dragon,whatever,symmetry-breaking sweep 2026-04-26
waiters,church,unrelated,assumed unrelated due to symmetry
walling,dog,unrelated,assumed unrelated due to symmetry
wand,cat,unrelated,assumed unrelated due to symmetry
wander,cat,whatever,symmetry-breaking sweep 2026-04-26
wanker,cat,unrelated,assumed unrelated due to symmetry
wanna,pirate,unrelated,assumed unrelated due to symmetry
war,cat,unrelated,assumed unrelated due to symmetry
warcraft,tennis,unrelated,assumed unrelated due to symmetry
warden,church,whatever,symmetry-breaking sweep 2026-04-26
warders,chess,unrelated,assumed unrelated due to symmetry
warps,cat,unrelated,assumed unrelated due to symmetry
warrant,cat,unrelated,assumed unrelated due to symmetry
warren,gay,unrelated,assumed unrelated due to symmetry
warren,pirate,unrelated,assumed unrelated due to symmetry
warren,cat,unrelated,assumed unrelated due to symmetry
wart,gay,unrelated,assumed unrelated due to symmetry
wart,cat,whatever,symmetry-breaking sweep 2026-04-26
wary,food,unrelated,assumed unrelated due to symmetry
wary,soldier,unrelated,assumed unrelated due to symmetry
wash,coke,unrelated,assumed unrelated due to symmetry
washable,sleep,whatever,symmetry-breaking sweep 2026-04-26
washer,cat,whatever,symmetry-breaking sweep 2026-04-26
washington,harley,unrelated,assumed unrelated due to symmetry
wasteland,notable,unrelated,assumed unrelated due to symmetry
watchable,sleep,unrelated,assumed unrelated due to symmetry
waterholes,enemy,whatever,symmetry-breaking sweep 2026-04-26
waterlily,tiger,unrelated,assumed unrelated due to symmetry
wattle,pirate,unrelated,assumed unrelated due to symmetry
wayfarer,blue,unrelated,assumed unrelated due to symmetry
weak,cat,unrelated,assumed unrelated due to symmetry
wean,cheese,unrelated,assumed unrelated due to symmetry
wear,cat,unrelated,assumed unrelated due to symmetry
wearer,cat,unrelated,assumed unrelated due to symmetry
wearying,song,unrelated,assumed unrelated due to symmetry
weatherman,doctor,unrelated,assumed unrelated due to symmetry
web,go,unrelated,assumed unrelated due to symmetry
webisode,time,unrelated,assumed unrelated due to symmetry
wedgie,cat,unrelated,assumed unrelated due to symmetry
wedgies,bear,unrelated,assumed unrelated due to symmetry
weed,cat,unrelated,assumed unrelated due to symmetry
weeny,cheese,unrelated,assumed unrelated due to symmetry
weep,cat,unrelated,assumed unrelated due to symmetry
what're,snow,unrelated,assumed unrelated due to symmetry
wheel,cat,unrelated,assumed unrelated due to symmetry
wheeze,doctor,whatever,symmetry-breaking sweep 2026-04-26
where's,pirate,unrelated,assumed unrelated due to symmetry
whereof,cat,unrelated,assumed unrelated due to symmetry
whey,cat,unrelated,assumed unrelated due to symmetry
whey,money,unrelated,assumed unrelated due to symmetry
whey,way,unrelated,assumed unrelated due to symmetry
whiff,sadness,unrelated,assumed unrelated due to symmetry
whiffle,bee,unrelated,assumed unrelated due to symmetry
while,gay,unrelated,assumed unrelated due to symmetry
whims,beach,whatever,symmetry-breaking sweep 2026-04-26
whip,cat,unrelated,assumed unrelated due to symmetry
whisk,cat,unrelated,assumed unrelated due to symmetry
whit,vote,unrelated,assumed unrelated due to symmetry
whither,food,unrelated,assumed unrelated due to symmetry
whittle,clock,unrelated,assumed unrelated due to symmetry
whiz,cat,unrelated,assumed unrelated due to symmetry
whole,chess,unrelated,assumed unrelated due to symmetry
whole,snow,unrelated,assumed unrelated due to symmetry
whomsoever,vote,unrelated,assumed unrelated due to symmetry
whoo,cat,unrelated,assumed unrelated due to symmetry
whoops,time,unrelated,assumed unrelated due to symmetry
whore,cat,unrelated,assumed unrelated due to symmetry
wicks,bee,unrelated,assumed unrelated due to symmetry
wide,outside,unrelated,assumed unrelated due to symmetry
wig,vote,unrelated,assumed unrelated due to symmetry
win,cat,unrelated,assumed unrelated due to symmetry
windsurf,chess,unrelated,assumed unrelated due to symmetry
wine,nothing,unrelated,assumed unrelated due to symmetry
wine,gay,whatever,symmetry-breaking sweep 2026-04-26
winery,gay,whatever,symmetry-breaking sweep 2026-04-26
wing,food,whatever,symmetry-breaking sweep 2026-04-26
wings,cheese,unrelated,assumed unrelated due to symmetry
wink,cat,whatever,symmetry-breaking sweep 2026-04-26
winner,cat,whatever,symmetry-breaking sweep 2026-04-26
winnings,food,unrelated,assumed unrelated due to symmetry
wirehair,run,unrelated,assumed unrelated due to symmetry
wise,cat,whatever,symmetry-breaking sweep 2026-04-26
wiz,food,unrelated,assumed unrelated due to symmetry
woe,bread,unrelated,assumed unrelated due to symmetry
woe,geometry,unrelated,assumed unrelated due to symmetry
woe,pasta,unrelated,assumed unrelated due to symmetry
woe,person,unrelated,assumed unrelated due to symmetry
woe,rhombus,unrelated,assumed unrelated due to symmetry
woe,star,unrelated,assumed unrelated due to symmetry
woe,water,unrelated,assumed unrelated due to symmetry
woe,cat,unrelated,assumed unrelated due to symmetry
wokest,cat,unrelated,assumed unrelated due to symmetry
wombat,cat,unrelated,assumed unrelated due to symmetry
wonder,cat,whatever,symmetry-breaking sweep 2026-04-26
wont,cat,unrelated,assumed unrelated due to symmetry
wood,cat,unrelated,assumed unrelated due to symmetry
woodcarver,soldier,unrelated,assumed unrelated due to symmetry
woodman,eagle,unrelated,assumed unrelated due to symmetry
woof,cat,unrelated,assumed unrelated due to symmetry
wool,cat,whatever,symmetry-breaking sweep 2026-04-26
word,crime,unrelated,assumed unrelated due to symmetry
word,cat,unrelated,assumed unrelated due to symmetry
worldwide,cat,unrelated,assumed unrelated due to symmetry
worrier,cook,unrelated,assumed unrelated due to symmetry
worts,church,unrelated,assumed unrelated due to symmetry
wreak,gay,unrelated,assumed unrelated due to symmetry
wreathing,cat,unrelated,assumed unrelated due to symmetry
wrestlings,death,whatever,symmetry-breaking sweep 2026-04-26
wring,cat,unrelated,assumed unrelated due to symmetry
wrought,pirate,whatever,symmetry-breaking sweep 2026-04-26
yang,pirate,unrelated,assumed unrelated due to symmetry
yaoi,food,unrelated,assumed unrelated due to symmetry
yaw,moon,unrelated,assumed unrelated due to symmetry
yellow,boxing,unrelated,assumed unrelated due to symmetry
yellow,cat,whatever,symmetry-breaking sweep 2026-04-26
yelp,coffee,whatever,symmetry-breaking sweep 2026-04-26
yet,truth,unrelated,assumed unrelated due to symmetry
yeti,cat,unrelated,assumed unrelated due to symmetry
yips,chess,unrelated,assumed unrelated due to symmetry
yodel,cat,unrelated,assumed unrelated due to symmetry
youre,soul,unrelated,assumed unrelated due to symmetry
youth,cat,whatever,symmetry-breaking sweep 2026-04-26
yowl,cat,unrelated,assumed unrelated due to symmetry
zap,sure,unrelated,assumed unrelated due to symmetry
zeitgeist,sadness,unrelated,assumed unrelated due to symmetry
zeitgeist,back,unrelated,assumed unrelated due to symmetry
zen,cat,whatever,symmetry-breaking sweep 2026-04-26
zephyr,skin,unrelated,assumed unrelated due to symmetry
zinc,carbon,related_ish,symmetry-breaking sweep 2026-04-26
zinc,brain,unrelated,assumed unrelated due to symmetry
zinc,rain,unrelated,assumed unrelated due to symmetry
zinc,water,unrelated,assumed unrelated due to symmetry
zinc,cat,unrelated,assumed unrelated due to symmetry
zip,boxing,unrelated,assumed unrelated due to symmetry
zippered,cat,unrelated,assumed unrelated due to symmetry
zither,inside,unrelated,assumed unrelated due to symmetry
zithers,river,unrelated,assumed unrelated due to symmetry
zucchini,person,unrelated,assumed unrelated due to symmetry
zucchini,cat,unrelated,assumed unrelated due to symmetry
activism,gay,related_ish,symmetry-breaking sweep 2026-04-26
activist,gay,related_ish,symmetry-breaking sweep 2026-04-26
army,gay,related_ish,symmetry-breaking sweep 2026-04-26
ball,bat,related_ish,symmetry-breaking sweep 2026-04-26
bar,gay,related_ish,symmetry-breaking sweep 2026-04-26
boyfriend,gay,related_ish,symmetry-breaking sweep 2026-04-26
bulk,food,related_ish,symmetry-breaking sweep 2026-04-26
burn,food,related_ish,symmetry-breaking sweep 2026-04-26
cave,bat,related_ish,symmetry-breaking sweep 2026-04-26
champagne,pasta,related_ish,symmetry-breaking sweep 2026-04-26
club,gay,related_ish,symmetry-breaking sweep 2026-04-26
community,gay,related_ish,symmetry-breaking sweep 2026-04-26
corrupt,crime,related_ish,symmetry-breaking sweep 2026-04-26
cream,gay,related_ish,symmetry-breaking sweep 2026-04-26
crime,diamond,related_ish,symmetry-breaking sweep 2026-04-26
disease,medicine,related_ish,symmetry-breaking sweep 2026-04-26
duck,bread,related_ish,symmetry-breaking sweep 2026-04-26
edgy,dark,related_ish,symmetry-breaking sweep 2026-04-26
evil,deceit,related_ish,symmetry-breaking sweep 2026-04-26
exam,bar,related_ish,symmetry-breaking sweep 2026-04-26
exploration,cul-de-sac,related_ish,symmetry-breaking sweep 2026-04-26
fancy,food,related_ish,symmetry-breaking sweep 2026-04-26
flowery,gay,related_ish,symmetry-breaking sweep 2026-04-26
food,crab,related_ish,symmetry-breaking sweep 2026-04-26
food,crumb,related_ish,symmetry-breaking sweep 2026-04-26
food,flan,related_ish,symmetry-breaking sweep 2026-04-26
food,flans,related_ish,symmetry-breaking sweep 2026-04-26
gang,crime,related_ish,symmetry-breaking sweep 2026-04-26
goal,football,related_ish,symmetry-breaking sweep 2026-04-26
heat,food,related_ish,symmetry-breaking sweep 2026-04-26
hydration,food,related_ish,symmetry-breaking sweep 2026-04-26
incomplete,football,related_ish,symmetry-breaking sweep 2026-04-26
innocent,crime,related_ish,symmetry-breaking sweep 2026-04-26
launder,crime,related_ish,symmetry-breaking sweep 2026-04-26
loot,crime,related_ish,symmetry-breaking sweep 2026-04-26
mean,evil,related_ish,symmetry-breaking sweep 2026-04-26
military,gay,related_ish,symmetry-breaking sweep 2026-04-26
music,fandango,related_ish,symmetry-breaking sweep 2026-04-26
music,flow,related,music prereq: flow / bow
pan,food,related_ish,symmetry-breaking sweep 2026-04-26
pan,gay,related,prereq: gay+food/pan+flan
pass,football,related_ish,symmetry-breaking sweep 2026-04-26
pie,apple,related_ish,symmetry-breaking sweep 2026-04-26
pirate,wave,related_ish,symmetry-breaking sweep 2026-04-26
pork,pasta,related_ish,symmetry-breaking sweep 2026-04-26
prayers,humble,related_ish,symmetry-breaking sweep 2026-04-26
prepare,food,related_ish,symmetry-breaking sweep 2026-04-26
range,food,related_ish,symmetry-breaking sweep 2026-04-26
repentance,crime,related_ish,symmetry-breaking sweep 2026-04-26
rob,crime,related_ish,symmetry-breaking sweep 2026-04-26
scene,crime,related_ish,symmetry-breaking sweep 2026-04-26
seed,apple,related_ish,symmetry-breaking sweep 2026-04-26
situationship,gay,related_ish,symmetry-breaking sweep 2026-04-26
stud,gay,related_ish,symmetry-breaking sweep 2026-04-26
supply,water,related_ish,symmetry-breaking sweep 2026-04-26
surplus,food,related_ish,symmetry-breaking sweep 2026-04-26
sustainable,food,related_ish,symmetry-breaking sweep 2026-04-26
throw,football,related_ish,symmetry-breaking sweep 2026-04-26
trial,crime,related_ish,symmetry-breaking sweep 2026-04-26
vice,evil,related_ish,symmetry-breaking sweep 2026-04-26
vulva,gay,related_ish,symmetry-breaking sweep 2026-04-26
wank,gay,related_ish,symmetry-breaking sweep 2026-04-26
water,supplied,related_ish,symmetry-breaking sweep 2026-04-26
attraction,gay,unrelated,assumed unrelated due to symmetry
beautiful,gay,unrelated,assumed unrelated due to symmetry
beauty,gay,unrelated,assumed unrelated due to symmetry
boy,gay,unrelated,assumed unrelated due to symmetry
carefree,gay,unrelated,assumed unrelated due to symmetry
dark,ashen,unrelated,assumed unrelated due to symmetry
disease,gay,unrelated,assumed unrelated due to symmetry
drab,dark,unrelated,assumed unrelated due to symmetry
evil,abomination,unrelated,assumed unrelated due to symmetry
evil,apocalypse,unrelated,assumed unrelated due to symmetry
family,gay,unrelated,assumed unrelated due to symmetry
fantasy,gay,unrelated,assumed unrelated due to symmetry
genetic,gay,unrelated,assumed unrelated due to symmetry
girl,gay,unrelated,assumed unrelated due to symmetry
grooming,gay,unrelated,assumed unrelated due to symmetry
handsome,gay,unrelated,assumed unrelated due to symmetry
infection,gay,unrelated,assumed unrelated due to symmetry
prayers,feast,unrelated,assumed unrelated due to symmetry
prayers,feasts,unrelated,assumed unrelated due to symmetry
react,carbon,unrelated,assumed unrelated due to symmetry
safe,gay,unrelated,assumed unrelated due to symmetry
safer,gay,unrelated,assumed unrelated due to symmetry
shoes,clumsy,unrelated,assumed unrelated due to symmetry
shower,gay,unrelated,assumed unrelated due to symmetry
stand,gay,unrelated,assumed unrelated due to symmetry
undeserved,evil,related,prereq: food+evil/served+undeserved
water,turbidity,related,water prereq: humidity / turbidity
denial,crime,unrelated_ish,assumed unrelated due to symmetry
dishonesty,crime,unrelated_ish,assumed unrelated due to symmetry
excuse,clumsy,unrelated_ish,assumed unrelated due to symmetry
extract,carbon,unrelated_ish,assumed unrelated due to symmetry
flop,clumsy,unrelated_ish,assumed unrelated due to symmetry
music,bow,related,music prereq: flow / bow
sequester,carbon,unrelated_ish,assumed unrelated due to symmetry
truth,crime,unrelated_ish,assumed unrelated due to symmetry
warm,food,unrelated_ish,assumed unrelated due to symmetry
bag,food,whatever,symmetry-breaking sweep 2026-04-26
breakup,gay,whatever,symmetry-breaking sweep 2026-04-26
brick,coke,whatever,symmetry-breaking sweep 2026-04-26
bridal,gay,whatever,symmetry-breaking sweep 2026-04-26
cheer,football,whatever,symmetry-breaking sweep 2026-04-26
consent,gay,whatever,symmetry-breaking sweep 2026-04-26
cool,water,whatever,symmetry-breaking sweep 2026-04-26
curious,gay,whatever,symmetry-breaking sweep 2026-04-26
dark,bleak,whatever,symmetry-breaking sweep 2026-04-26
dread,death,whatever,symmetry-breaking sweep 2026-04-26
drop,clumsy,whatever,symmetry-breaking sweep 2026-04-26
dumb,brain,whatever,symmetry-breaking sweep 2026-04-26
escape,fire,whatever,symmetry-breaking sweep 2026-04-26
evil,bane,whatever,symmetry-breaking sweep 2026-04-26
evil,invader,whatever,symmetry-breaking sweep 2026-04-26
expertise,medical,whatever,symmetry-breaking sweep 2026-04-26
expertise,medicine,whatever,symmetry-breaking sweep 2026-04-26
feast,bread,whatever,symmetry-breaking sweep 2026-04-26
fees,medical,whatever,symmetry-breaking sweep 2026-04-26
fight,crime,whatever,symmetry-breaking sweep 2026-04-26
fight,food,whatever,symmetry-breaking sweep 2026-04-26
firm,gay,whatever,symmetry-breaking sweep 2026-04-26
food,crustacean,whatever,symmetry-breaking sweep 2026-04-26
fun,gay,whatever,symmetry-breaking sweep 2026-04-26
glass,coke,whatever,symmetry-breaking sweep 2026-04-26
greed,evil,whatever,symmetry-breaking sweep 2026-04-26
gun,crime,whatever,symmetry-breaking sweep 2026-04-26
halloween,broom,whatever,symmetry-breaking sweep 2026-04-26
happy,gay,whatever,symmetry-breaking sweep 2026-04-26
hash,food,whatever,symmetry-breaking sweep 2026-04-26
hate,gay,whatever,symmetry-breaking sweep 2026-04-26
horny,gay,whatever,symmetry-breaking sweep 2026-04-26
hurt,evil,whatever,symmetry-breaking sweep 2026-04-26
ice,coke,whatever,symmetry-breaking sweep 2026-04-26
jack,gay,whatever,symmetry-breaking sweep 2026-04-26
jill,gay,whatever,symmetry-breaking sweep 2026-04-26
job,crime,whatever,symmetry-breaking sweep 2026-04-26
king,gay,whatever,symmetry-breaking sweep 2026-04-26
malice,crime,whatever,symmetry-breaking sweep 2026-04-26
music,bard,whatever,symmetry-breaking sweep 2026-04-26
music,concerto,whatever,symmetry-breaking sweep 2026-04-26
pain,evil,whatever,symmetry-breaking sweep 2026-04-26
parade,gay,whatever,symmetry-breaking sweep 2026-04-26
park,gay,whatever,symmetry-breaking sweep 2026-04-26
pee,water,whatever,symmetry-breaking sweep 2026-04-26
plea,crime,whatever,symmetry-breaking sweep 2026-04-26
prayers,mumble,whatever,symmetry-breaking sweep 2026-04-26
romantic,gay,whatever,symmetry-breaking sweep 2026-04-26
rude,evil,whatever,symmetry-breaking sweep 2026-04-26
single,gay,whatever,symmetry-breaking sweep 2026-04-26
sink,carbon,whatever,symmetry-breaking sweep 2026-04-26
sop,food,whatever,symmetry-breaking sweep 2026-04-26
stethoscope,medicine,whatever,symmetry-breaking sweep 2026-04-26
stock,food,whatever,symmetry-breaking sweep 2026-04-26
stool,bar,whatever,symmetry-breaking sweep 2026-04-26
store,food,whatever,symmetry-breaking sweep 2026-04-26
surgery,medicine,whatever,symmetry-breaking sweep 2026-04-26
symptom,medicine,whatever,symmetry-breaking sweep 2026-04-26
taste,pasta,whatever,symmetry-breaking sweep 2026-04-26
trash,food,whatever,symmetry-breaking sweep 2026-04-26
water,blood,whatever,symmetry-breaking sweep 2026-04-26
water,spring,whatever,symmetry-breaking sweep 2026-04-26
whore,gay,whatever,symmetry-breaking sweep 2026-04-26
acquit,crime,related,symmetry-breaking sweep 2026-04-26
acquitted,crime,related,symmetry-breaking sweep 2026-04-26
adopt,gay,related,symmetry-breaking sweep 2026-04-26
adoption,gay,related,symmetry-breaking sweep 2026-04-26
adult,person,related,symmetry-breaking sweep 2026-04-26
algebra,apple,unrelated,assumed unrelated due to symmetry
alibi,crime,related,symmetry-breaking sweep 2026-04-26
anal,gay,related,symmetry-breaking sweep 2026-04-26
anthracite,coke,related,symmetry-breaking sweep 2026-04-26
aro,gay,related,symmetry-breaking sweep 2026-04-26
aromantic,gay,related,symmetry-breaking sweep 2026-04-26
arrest,crime,related,symmetry-breaking sweep 2026-04-26
asexual,gay,related,symmetry-breaking sweep 2026-04-26
asparagus,food,related,symmetry-breaking sweep 2026-04-26
attractive,gay,related,symmetry-breaking sweep 2026-04-26
bacon,food,related,symmetry-breaking sweep 2026-04-26
baseball,diamond,related,symmetry-breaking sweep 2026-04-26
bay,water,related,symmetry-breaking sweep 2026-04-26
bdsm,gay,related,symmetry-breaking sweep 2026-04-26
bear,gay,related,symmetry-breaking sweep 2026-04-26
bigot,gay,related,symmetry-breaking sweep 2026-04-26
bigotry,gay,related,symmetry-breaking sweep 2026-04-26
biology,cell,related,symmetry-breaking sweep 2026-04-26
bisexual,gay,related,symmetry-breaking sweep 2026-04-26
blackmail,crime,related,symmetry-breaking sweep 2026-04-26
bled,death,related,symmetry-breaking sweep 2026-04-26
bloom,spring,related,symmetry-breaking sweep 2026-04-26
boi,gay,related,symmetry-breaking sweep 2026-04-26
bouquet,wedding,related,symmetry-breaking sweep 2026-04-26
breakfast,food,related,symmetry-breaking sweep 2026-04-26
bulb,light,related,symmetry-breaking sweep 2026-04-26
burglar,crime,related,symmetry-breaking sweep 2026-04-26
burglary,crime,related,symmetry-breaking sweep 2026-04-26
calories,food,related,symmetry-breaking sweep 2026-04-26
candle,light,related,symmetry-breaking sweep 2026-04-26
canned,food,related,symmetry-breaking sweep 2026-04-26
cannoli,food,related,symmetry-breaking sweep 2026-04-26
carbohydrates,food,related,symmetry-breaking sweep 2026-04-26
carbs,food,related,symmetry-breaking sweep 2026-04-26
card,diamond,related,symmetry-breaking sweep 2026-04-26
chard,food,related,symmetry-breaking sweep 2026-04-26
cheerful,gay,related,symmetry-breaking sweep 2026-04-26
chewy,food,related,symmetry-breaking sweep 2026-04-26
chocolate,bar,related,symmetry-breaking sweep 2026-04-26
closet,gay,related,symmetry-breaking sweep 2026-04-26
closeted,gay,related,symmetry-breaking sweep 2026-04-26
cloud,rain,related,symmetry-breaking sweep 2026-04-26
clouds,rain,related,symmetry-breaking sweep 2026-04-26
clumsy,bumbling,related,symmetry-breaking sweep 2026-04-26
coal,coke,related,symmetry-breaking sweep 2026-04-26
cocaine,coke,related,symmetry-breaking sweep 2026-04-26
cock,gay,related,symmetry-breaking sweep 2026-04-26
coil,spring,related,symmetry-breaking sweep 2026-04-26
cola,coke,related,symmetry-breaking sweep 2026-04-26
come,gay,related,symmetry-breaking sweep 2026-04-26
commit,crime,related,symmetry-breaking sweep 2026-04-26
committed,crime,related,symmetry-breaking sweep 2026-04-26
confessed,crime,related,symmetry-breaking sweep 2026-04-26
construction,crane,related,symmetry-breaking sweep 2026-04-26
contamination,food,related,symmetry-breaking sweep 2026-04-26
cook,food,related,symmetry-breaking sweep 2026-04-26
corn,food,related,symmetry-breaking sweep 2026-04-26
crime,wave,related,symmetry-breaking sweep 2026-04-26
cum,gay,related,symmetry-breaking sweep 2026-04-26
cunt,gay,related,symmetry-breaking sweep 2026-04-26
dam,water,related,symmetry-breaking sweep 2026-04-26
dark,black,related,symmetry-breaking sweep 2026-04-26
dark,light,related,symmetry-breaking sweep 2026-04-26
date,gay,related,symmetry-breaking sweep 2026-04-26
dating,gay,related,symmetry-breaking sweep 2026-04-26
davidson,harley,related,symmetry-breaking sweep 2026-04-26
dead,death,related,symmetry-breaking sweep 2026-04-26
death,grave,related,symmetry-breaking sweep 2026-04-26
deli,food,related,symmetry-breaking sweep 2026-04-26
detective,crime,related,symmetry-breaking sweep 2026-04-26
diagnosis,medicine,related,symmetry-breaking sweep 2026-04-26
dick,gay,related,symmetry-breaking sweep 2026-04-26
diet,food,related,symmetry-breaking sweep 2026-04-26
dip,water,related,symmetry-breaking sweep 2026-04-26
discreet,gay,related,symmetry-breaking sweep 2026-04-26
discriminate,gay,related,symmetry-breaking sweep 2026-04-26
discrimination,gay,related,symmetry-breaking sweep 2026-04-26
disease,medical,related,symmetry-breaking sweep 2026-04-26
dolphin,water,related,symmetry-breaking sweep 2026-04-26
dosage,medicine,related,symmetry-breaking sweep 2026-04-26
drag,gay,related,symmetry-breaking sweep 2026-04-26
drain,water,related,symmetry-breaking sweep 2026-04-26
dribble,football,related,symmetry-breaking sweep 2026-04-26
drink,food,related,symmetry-breaking sweep 2026-04-26
drink,water,related,symmetry-breaking sweep 2026-04-26
drugs,crime,related,symmetry-breaking sweep 2026-04-26
duck,water,related,symmetry-breaking sweep 2026-04-26
egg,food,related,symmetry-breaking sweep 2026-04-26
ester,carbon,related,symmetry-breaking sweep 2026-04-26
etymology,word,related,symmetry-breaking sweep 2026-04-26
evidence,crime,related,symmetry-breaking sweep 2026-04-26
evil,doom,related,symmetry-breaking sweep 2026-04-26
exercise,train,related,symmetry-breaking sweep 2026-04-26
exploration,backtrack,related,symmetry-breaking sweep 2026-04-26
exploration,knapsack,related,exploration prereq: knapsack / backtrack
exploration,pack,related,symmetry-breaking sweep 2026-04-26
exploration,track,related,symmetry-breaking sweep 2026-04-26
farm,food,related,symmetry-breaking sweep 2026-04-26
feather,light,related,symmetry-breaking sweep 2026-04-26
felon,crime,related,symmetry-breaking sweep 2026-04-26
felony,crime,related,symmetry-breaking sweep 2026-04-26
fiber,food,related,symmetry-breaking sweep 2026-04-26
field,football,related,symmetry-breaking sweep 2026-04-26
fish,food,related,symmetry-breaking sweep 2026-04-26
fish,water,related,symmetry-breaking sweep 2026-04-26
flow,water,related,symmetry-breaking sweep 2026-04-26
flush,water,related,symmetry-breaking sweep 2026-04-26
food,cake,related,symmetry-breaking sweep 2026-04-26
food,chewed,related,symmetry-breaking sweep 2026-04-26
food,chips,related,symmetry-breaking sweep 2026-04-26
food,consume,related,symmetry-breaking sweep 2026-04-26
food,cuisine,related,symmetry-breaking sweep 2026-04-26
food,dessert,related,symmetry-breaking sweep 2026-04-26
food,feed,related,symmetry-breaking sweep 2026-04-26
forage,food,related,symmetry-breaking sweep 2026-04-26
forest,tree,related,symmetry-breaking sweep 2026-04-26
fork,food,related,symmetry-breaking sweep 2026-04-26
fraud,crime,related,symmetry-breaking sweep 2026-04-26
fruit,food,related,symmetry-breaking sweep 2026-04-26
fuck,gay,related,symmetry-breaking sweep 2026-04-26
fuck,sex,related,symmetry-breaking sweep 2026-04-26
fumbling,clumsy,related,symmetry-breaking sweep 2026-04-26
garden,food,related,symmetry-breaking sweep 2026-04-26
gather,food,related,symmetry-breaking sweep 2026-04-26
gay,bi,related,symmetry-breaking sweep 2026-04-26
gender,gay,related,symmetry-breaking sweep 2026-04-26
geometry,wave,related,symmetry-breaking sweep 2026-04-26
girlfriend,gay,related,symmetry-breaking sweep 2026-04-26
gloom,dark,related,symmetry-breaking sweep 2026-04-26
golf,club,related,symmetry-breaking sweep 2026-04-26
goodbye,wave,related,symmetry-breaking sweep 2026-04-26
grain,food,related,symmetry-breaking sweep 2026-04-26
grain,pasta,related,symmetry-breaking sweep 2026-04-26
gray,dark,related,symmetry-breaking sweep 2026-04-26
grocer,food,related,symmetry-breaking sweep 2026-04-26
grocery,food,related,symmetry-breaking sweep 2026-04-26
gruel,food,related,symmetry-breaking sweep 2026-04-26
gush,water,related,symmetry-breaking sweep 2026-04-26
halibut,food,related,symmetry-breaking sweep 2026-04-26
healthy,food,related,symmetry-breaking sweep 2026-04-26
heaven,blessed,related,symmetry-breaking sweep 2026-04-26
heaven,god,related,symmetry-breaking sweep 2026-04-26
heinz,food,related,symmetry-breaking sweep 2026-04-26
heist,crime,related,symmetry-breaking sweep 2026-04-26
hermaphrodite,gay,related,symmetry-breaking sweep 2026-04-26
heterosexual,gay,related,symmetry-breaking sweep 2026-04-26
hibernate,winter,related,symmetry-breaking sweep 2026-04-26
homicide,crime,related,symmetry-breaking sweep 2026-04-26
homosexual,gay,related,symmetry-breaking sweep 2026-04-26
hunt,food,related,symmetry-breaking sweep 2026-04-26
hydrant,fire,related,symmetry-breaking sweep 2026-04-26
ice,water,related,symmetry-breaking sweep 2026-04-26
illumination,dark,related,symmetry-breaking sweep 2026-04-26
ingredient,food,related,symmetry-breaking sweep 2026-04-26
interactive,exciting,related,symmetry-breaking sweep 2026-04-26
intersex,gay,related,symmetry-breaking sweep 2026-04-26
invoke,dares,whatever,symmetry-breaking sweep 2026-04-26
invoke,declare,related,symmetry-breaking sweep 2026-04-26
italian,pasta,related,symmetry-breaking sweep 2026-04-26
item,thing,related,symmetry-breaking sweep 2026-04-26
jail,crime,related,symmetry-breaking sweep 2026-04-26
justice,crime,related,symmetry-breaking sweep 2026-04-26
kink,gay,related,symmetry-breaking sweep 2026-04-26
kinky,gay,related,symmetry-breaking sweep 2026-04-26
knife,food,related,symmetry-breaking sweep 2026-04-26
lawn,mow,related,symmetry-breaking sweep 2026-04-26
leaf,tree,related,symmetry-breaking sweep 2026-04-26
leek,food,related,symmetry-breaking sweep 2026-04-26
lesbian,gay,related,symmetry-breaking sweep 2026-04-26
love,gay,related,symmetry-breaking sweep 2026-04-26
lover,gay,related,symmetry-breaking sweep 2026-04-26
lunch,food,related,symmetry-breaking sweep 2026-04-26
macaroni,food,related,symmetry-breaking sweep 2026-04-26
makeup,mascara,related,symmetry-breaking sweep 2026-04-26
malign,evil,related,symmetry-breaking sweep 2026-04-26
maligns,evil,related,symmetry-breaking sweep 2026-04-26
marine,water,related,symmetry-breaking sweep 2026-04-26
marriage,gay,related,symmetry-breaking sweep 2026-04-26
mathematics,math,related,symmetry-breaking sweep 2026-04-26
meal,food,related,symmetry-breaking sweep 2026-04-26
meat,food,related,symmetry-breaking sweep 2026-04-26
medicine,medical,related,symmetry-breaking sweep 2026-04-26
melancholic,dark,related,symmetry-breaking sweep 2026-04-26
metabolic,food,related,symmetry-breaking sweep 2026-04-26
microwave,food,related,symmetry-breaking sweep 2026-04-26
mob,crime,related,symmetry-breaking sweep 2026-04-26
money,bank,related,symmetry-breaking sweep 2026-04-26
motive,crime,related,symmetry-breaking sweep 2026-04-26
murder,crime,related,symmetry-breaking sweep 2026-04-26
murky,dark,related,symmetry-breaking sweep 2026-04-26
mushroom,food,related,symmetry-breaking sweep 2026-04-26
music,enjoys,related,symmetry-breaking sweep 2026-04-26
nightlife,club,related,symmetry-breaking sweep 2026-04-26
nurse,medicine,related,symmetry-breaking sweep 2026-04-26
object,thing,related,symmetry-breaking sweep 2026-04-26
ocean,wave,related,symmetry-breaking sweep 2026-04-26
openly,gay,related,symmetry-breaking sweep 2026-04-26
organic,food,related,symmetry-breaking sweep 2026-04-26
orgy,gay,related,symmetry-breaking sweep 2026-04-26
origami,crane,related,symmetry-breaking sweep 2026-04-26
out,gay,related,symmetry-breaking sweep 2026-04-26
oven,food,related,symmetry-breaking sweep 2026-04-26
pansexual,gay,related,symmetry-breaking sweep 2026-04-26
pantry,food,related,symmetry-breaking sweep 2026-04-26
partner,gay,related,symmetry-breaking sweep 2026-04-26
pasta,clam,related,symmetry-breaking sweep 2026-04-26
pasta,dish,related,symmetry-breaking sweep 2026-04-26
pasta,fish,related,symmetry-breaking sweep 2026-04-26
pasta,fork,related,symmetry-breaking sweep 2026-04-26
pasta,ham,related,symmetry-breaking sweep 2026-04-26
pea,food,related,symmetry-breaking sweep 2026-04-26
penguin,club,related,symmetry-breaking sweep 2026-04-26
penguin,ice,related,symmetry-breaking sweep 2026-04-26
penis,gay,related,symmetry-breaking sweep 2026-04-26
pepsi,coke,related,symmetry-breaking sweep 2026-04-26
phone,cell,related,symmetry-breaking sweep 2026-04-26
pianissimo,fortissimo,related,symmetry-breaking sweep 2026-04-26
pie,food,related,symmetry-breaking sweep 2026-04-26
pill,medicine,related,symmetry-breaking sweep 2026-04-26
plate,food,related,symmetry-breaking sweep 2026-04-26
poison,food,related,symmetry-breaking sweep 2026-04-26
poisoning,food,related,symmetry-breaking sweep 2026-04-26
poly,gay,related,symmetry-breaking sweep 2026-04-26
polyamorous,gay,related,symmetry-breaking sweep 2026-04-26
polyamory,gay,related,symmetry-breaking sweep 2026-04-26
pool,water,related,symmetry-breaking sweep 2026-04-26
porn,gay,related,symmetry-breaking sweep 2026-04-26
pornography,gay,related,symmetry-breaking sweep 2026-04-26
portion,food,related,symmetry-breaking sweep 2026-04-26
prayer,invoke,related,symmetry-breaking sweep 2026-04-26
prayers,heal,related,symmetry-breaking sweep 2026-04-26
prayers,invoke,related,symmetry-breaking sweep 2026-04-26
prayers,jew,related,symmetry-breaking sweep 2026-04-26
prayers,knee,related,symmetry-breaking sweep 2026-04-26
prejudice,gay,related,symmetry-breaking sweep 2026-04-26
prescription,medicine,related,symmetry-breaking sweep 2026-04-26
pride,gay,related,symmetry-breaking sweep 2026-04-26
prison,cell,related,symmetry-breaking sweep 2026-04-26
promiscuity,gay,related,symmetry-breaking sweep 2026-04-26
promiscuous,gay,related,symmetry-breaking sweep 2026-04-26
proud,gay,related,symmetry-breaking sweep 2026-04-26
pub,bar,related,symmetry-breaking sweep 2026-04-26
punishment,crime,related,symmetry-breaking sweep 2026-04-26
pussy,gay,related,symmetry-breaking sweep 2026-04-26
quadrilateral,rhombus,related,symmetry-breaking sweep 2026-04-26
quarterback,football,related,symmetry-breaking sweep 2026-04-26
queen,gay,related,symmetry-breaking sweep 2026-04-26
queer,gay,related,symmetry-breaking sweep 2026-04-26
quesadilla,food,related,symmetry-breaking sweep 2026-04-26
rain,water,related,symmetry-breaking sweep 2026-04-26
ration,food,related,symmetry-breaking sweep 2026-04-26
raw,food,related,symmetry-breaking sweep 2026-04-26
relationship,gay,related,symmetry-breaking sweep 2026-04-26
remedy,medicine,related,symmetry-breaking sweep 2026-04-26
restaurant,food,related,symmetry-breaking sweep 2026-04-26
rice,food,related,symmetry-breaking sweep 2026-04-26
rights,gay,related,symmetry-breaking sweep 2026-04-26
ring,diamond,related,symmetry-breaking sweep 2026-04-26
river,bank,related,symmetry-breaking sweep 2026-04-26
robber,crime,related,symmetry-breaking sweep 2026-04-26
robbery,crime,related,symmetry-breaking sweep 2026-04-26
sachertorte,food,related,symmetry-breaking sweep 2026-04-26
saline,water,related,symmetry-breaking sweep 2026-04-26
sapphic,gay,related,symmetry-breaking sweep 2026-04-26
satanic,evil,related,symmetry-breaking sweep 2026-04-26
savory,food,related,symmetry-breaking sweep 2026-04-26
scallion,pasta,related,symmetry-breaking sweep 2026-04-26
scone,food,related,symmetry-breaking sweep 2026-04-26
scum,evil,related,symmetry-breaking sweep 2026-04-26
sea,water,related,symmetry-breaking sweep 2026-04-26
seafood,food,related,symmetry-breaking sweep 2026-04-26
seder,food,related,symmetry-breaking sweep 2026-04-26
sentence,crime,related,symmetry-breaking sweep 2026-04-26
served,food,related,symmetry-breaking sweep 2026-04-26
sex,gay,related,symmetry-breaking sweep 2026-04-26
sexual,gay,related,symmetry-breaking sweep 2026-04-26
shortage,food,related,symmetry-breaking sweep 2026-04-26
siamese,cats,related,symmetry-breaking sweep 2026-04-26
sinister,shady,related,symmetry-breaking sweep 2026-04-26
sink,water,related,symmetry-breaking sweep 2026-04-26
sinner,evil,related,symmetry-breaking sweep 2026-04-26
sip,water,related,symmetry-breaking sweep 2026-04-26
sister,lady,related,symmetry-breaking sweep 2026-04-26
skulduggery,crime,related,symmetry-breaking sweep 2026-04-26
slavery,evil,related,symmetry-breaking sweep 2026-04-26
sleuth,crime,related,symmetry-breaking sweep 2026-04-26
slut,gay,related,symmetry-breaking sweep 2026-04-26
smart,brain,related,symmetry-breaking sweep 2026-04-26
smoke,fire,related,symmetry-breaking sweep 2026-04-26
snack,food,related,symmetry-breaking sweep 2026-04-26
snow,rain,related,symmetry-breaking sweep 2026-04-26
snow,water,related,symmetry-breaking sweep 2026-04-26
spoon,food,related,symmetry-breaking sweep 2026-04-26
spray,water,related,symmetry-breaking sweep 2026-04-26
stadium,football,related,symmetry-breaking sweep 2026-04-26
starvation,food,related,symmetry-breaking sweep 2026-04-26
station,train,related,symmetry-breaking sweep 2026-04-26
steam,water,related,symmetry-breaking sweep 2026-04-26
stove,food,related,symmetry-breaking sweep 2026-04-26
straight,gay,related,symmetry-breaking sweep 2026-04-26
stream,water,related,symmetry-breaking sweep 2026-04-26
stumbling,clumsy,related,symmetry-breaking sweep 2026-04-26
subsistence,food,related,symmetry-breaking sweep 2026-04-26
sugar,food,related,symmetry-breaking sweep 2026-04-26
suspect,crime,related,symmetry-breaking sweep 2026-04-26
swam,water,related,symmetry-breaking sweep 2026-04-26
sweat,water,related,symmetry-breaking sweep 2026-04-26
tackle,football,related,symmetry-breaking sweep 2026-04-26
tandoori,food,related,symmetry-breaking sweep 2026-04-26
theft,crime,related,symmetry-breaking sweep 2026-04-26
thief,crime,related,symmetry-breaking sweep 2026-04-26
think,brain,related,symmetry-breaking sweep 2026-04-26
thuggery,crime,related,symmetry-breaking sweep 2026-04-26
thugs,crime,related,symmetry-breaking sweep 2026-04-26
tide,water,related,symmetry-breaking sweep 2026-04-26
top,gay,related,symmetry-breaking sweep 2026-04-26
topping,gay,related,symmetry-breaking sweep 2026-04-26
traitor,evil,related,symmetry-breaking sweep 2026-04-26
trans,gay,related,symmetry-breaking sweep 2026-04-26
trees,tree,related,symmetry-breaking sweep 2026-04-26
treetop,tree,related,symmetry-breaking sweep 2026-04-26
treetops,tree,related,symmetry-breaking sweep 2026-04-26
trespassing,crime,related,symmetry-breaking sweep 2026-04-26
turkey,food,related,symmetry-breaking sweep 2026-04-26
twink,gay,related,symmetry-breaking sweep 2026-04-26
undead,evil,related,symmetry-breaking sweep 2026-04-26
unhealthy,food,related,symmetry-breaking sweep 2026-04-26
unseen,dark,related,symmetry-breaking sweep 2026-04-26
utensil,food,related,symmetry-breaking sweep 2026-04-26
vampire,bat,related,symmetry-breaking sweep 2026-04-26
vault,bank,related,symmetry-breaking sweep 2026-04-26
vegetables,food,related,symmetry-breaking sweep 2026-04-26
veggie,food,related,symmetry-breaking sweep 2026-04-26
veil,wedding,related,symmetry-breaking sweep 2026-04-26
verse,gay,related,symmetry-breaking sweep 2026-04-26
vice,crime,related,symmetry-breaking sweep 2026-04-26
vitamins,food,related,symmetry-breaking sweep 2026-04-26
voldemort,evil,related,symmetry-breaking sweep 2026-04-26
wade,water,related,symmetry-breaking sweep 2026-04-26
waiter,food,related,symmetry-breaking sweep 2026-04-26
ward,hospital,related,symmetry-breaking sweep 2026-04-26
water,flood,related,symmetry-breaking sweep 2026-04-26
water,fluidity,related,symmetry-breaking sweep 2026-04-26
water,humidity,related,symmetry-breaking sweep 2026-04-26
water,sky,related,symmetry-breaking sweep 2026-04-26
water,slosh,related,symmetry-breaking sweep 2026-04-26
water,sprayed,related,symmetry-breaking sweep 2026-04-26
water,wash,related,symmetry-breaking sweep 2026-04-26
wednesday,tuesday,related,symmetry-breaking sweep 2026-04-26
weed,garden,related,symmetry-breaking sweep 2026-04-26
wet,water,related,symmetry-breaking sweep 2026-04-26
wheat,food,related,symmetry-breaking sweep 2026-04-26
wine,food,related,symmetry-breaking sweep 2026-04-26
witness,crime,related,symmetry-breaking sweep 2026-04-26
woe,melancholy,related,symmetry-breaking sweep 2026-04-26
writing,fiction,related,symmetry-breaking sweep 2026-04-26
yaoi,gay,related,symmetry-breaking sweep 2026-04-26
yeast,bread,related,symmetry-breaking sweep 2026-04-26
cat,halloween,unrelated,assumed unrelated due to symmetry
cats,cat,related,symmetry-breaking sweep 2026-04-26
ccs,medical,whatever,symmetry-breaking sweep 2026-04-26
ccs,medicine,related,symmetry-breaking sweep 2026-04-26
celebrity,star,related,symmetry-breaking sweep 2026-04-26
cello,music,related,symmetry-breaking sweep 2026-04-26
ceramic,cat,unrelated,assumed unrelated due to symmetry
ceremonious,religion,related,symmetry-breaking sweep 2026-04-26
certain,sure,related,symmetry-breaking sweep 2026-04-26
chalk,school,related,symmetry-breaking sweep 2026-04-26
chamber,music,related,symmetry-breaking sweep 2026-04-26
chants,magic,related,symmetry-breaking sweep 2026-04-26
character,person,related,symmetry-breaking sweep 2026-04-26
civet,cat,related,symmetry-breaking sweep 2026-04-26
clarinet,music,related,symmetry-breaking sweep 2026-04-26
dog,cat,related,symmetry-breaking sweep 2026-04-26
dog,crime,whatever,symmetry-breaking sweep 2026-04-26
doggy,cat,related,symmetry-breaking sweep 2026-04-26
dogs,war,related,symmetry-breaking sweep 2026-04-26
ears,cat,related,symmetry-breaking sweep 2026-04-26
eau,water,related,symmetry-breaking sweep 2026-04-26
penguin,wave,related_ish,symmetry-breaking sweep 2026-04-26
penguin,winter,related_ish,symmetry-breaking sweep 2026-04-26
penguin,cat,whatever,symmetry-breaking sweep 2026-04-26
people,person,related,symmetry-breaking sweep 2026-04-26
pew,prayers,related,symmetry-breaking sweep 2026-04-26
water,back,unrelated,assumed unrelated due to symmetry
water,well,related,symmetry-breaking sweep 2026-04-26
water,coke,whatever,symmetry-breaking sweep 2026-04-26
waters,still,related,symmetry-breaking sweep 2026-04-26
wave,music,whatever,symmetry-breaking sweep 2026-04-26
wayfarer,way,related,symmetry-breaking sweep 2026-04-26
weather,outside,related,symmetry-breaking sweep 2026-04-26
whisker,cat,related,symmetry-breaking sweep 2026-04-26
whiskers,cat,related,symmetry-breaking sweep 2026-04-26
wildcat,cat,related,symmetry-breaking sweep 2026-04-26
witch,cat,related,symmetry-breaking sweep 2026-04-26
halloween,celebration,related,prereq: halloween/celebration+decoration
pirate,french,related,prereq: pirate/french+wench
pirate,billionaire,unrelated,pirate review
pirate,blue,unrelated_ish,pirate review
pirate,climatologist,unrelated,pirate review
pirate,scientologist,unrelated,pirate review
pirate,knot,related,pirate review
pirate,knots,related,pirate review
pirate,knotting,related,pirate review
pirate,notting,whatever,pirate studios in nottingham
pirate,cyan,unrelated,pirate review
pirate,hoe,unrelated_ish,pirate review
pirate,bay,related,pirate review
pirate,bayed,unrelated,pirate review
cat,beans,related,cat review
cat,toes,related,cat review
cat,polydactyl,related,cat review
pirate,aboard,related,feedback: 1 up / 0 down
pirate,aft,related,feedback: 1 up / 0 down
pirate,ape,unrelated,feedback: 0 up / 1 down
pirate,armada,related,feedback: 1 up / 0 down
pirate,aye,related,feedback: 1 up / 0 down
pirate,ayed,unrelated,feedback: 0 up / 1 down
pirate,ayes,related,feedback: 1 up / 0 down
pirate,balloons,unrelated,feedback: 0 up / 1 down
pirate,beach,related,feedback: 1 up / 0 down
pirate,bight,related,feedback: 1 up / 0 down
pirate,boat,related,feedback: 1 up / 0 down
pirate,brig,related,feedback: 1 up / 0 down
pirate,buccaneers,related,feedback: 1 up / 0 down
pirate,cnidarians,related,feedback: 1 up / 0 down
pirate,commandeers,related,feedback: 1 up / 0 down
pirate,confiscation,related,feedback: 1 up / 0 down
pirate,copy,related,feedback: 1 up / 0 down
pirate,crab,related,feedback: 1 up / 0 down
pirate,crewed,related,feedback: 1 up / 0 down
pirate,crews,related,feedback: 1 up / 0 down
pirate,crime,related,feedback: 1 up / 0 down
pirate,deck,related,feedback: 1 up / 0 down
pirate,depredation,related,feedback: 1 up / 0 down
pirate,disembark,related,feedback: 1 up / 0 down
pirate,disguise,related,feedback: 1 up / 0 down
pirate,dive,related,feedback: 1 up / 0 down
pirate,dutch,related,feedback: 1 up / 0 down
pirate,elf,unrelated,feedback: 0 up / 1 down
pirate,float,related,feedback: 1 up / 0 down
pirate,freighter,related,feedback: 1 up / 0 down
pirate,gig,unrelated,feedback: 0 up / 1 down
pirate,grab,related,feedback: 1 up / 0 down
pirate,halloween,related,feedback: 1 up / 0 down
pirate,harpoons,related,feedback: 1 up / 0 down
pirate,hat,related,feedback: 1 up / 0 down
pirate,isle,related,feedback: 1 up / 0 down
pirate,lagoons,related,feedback: 1 up / 0 down
pirate,marauding,related,pirate prereq: marauding / plotting
pirate,maroons,related,feedback: 1 up / 0 down
pirate,mean,related,feedback: 1 up / 0 down
pirate,mizzen,related,feedback: 1 up / 0 down
pirate,mutineers,related,feedback: 1 up / 0 down
pirate,navigation,related,feedback: 1 up / 0 down
pirate,oceanic,related,feedback: 1 up / 0 down
pirate,peered,unrelated,feedback: 0 up / 1 down
pirate,pier,related,feedback: 1 up / 0 down
pirate,piers,related,feedback: 1 up / 0 down
pirate,privateers,related,feedback: 1 up / 0 down
pirate,raft,related,feedback: 1 up / 0 down
pirate,raider,related,feedback: 1 up / 0 down
pirate,raiders,related,feedback: 1 up / 0 down
pirate,rebel,related,feedback: 1 up / 0 down
pirate,rudder,related,feedback: 1 up / 0 down
pirate,sailor,related,feedback: 1 up / 0 down
pirate,shark,related,feedback: 1 up / 0 down
pirate,shores,related,feedback: 1 up / 0 down
pirate,slave,related,feedback: 1 up / 0 down
pirate,sloop,related,feedback: 1 up / 0 down
pirate,smurf,related,feedback: 1 up / 0 down
pirate,spam,related,feedback: 1 up / 0 down
pirate,squid,related,feedback: 1 up / 0 down
pirate,suit,unrelated,feedback: 0 up / 1 down
pirate,sunk,related,feedback: 1 up / 0 down
pirate,swam,related,feedback: 1 up / 0 down
pirate,swim,related,feedback: 1 up / 0 down
pirate,sword,related,feedback: 1 up / 0 down
pirate,swum,related,feedback: 1 up / 0 down
pirate,thieve,related,feedback: 1 up / 0 down
pirate,whale,related,feedback: 1 up / 0 down
pirate,whaler,related,feedback: 1 up / 0 down
pirate,wreck,related,feedback: 1 up / 0 down
pirate,yacht,related,feedback: 1 up / 0 down
pirate,yachting,related,feedback: 1 up / 0 down
cat,allied,unrelated,feedback: 0 up / 1 down
cat,balled,unrelated,feedback: 0 up / 1 down
cat,bars,unrelated,feedback: 0 up / 1 down
cat,biting,related,feedback: 1 up / 0 down
cat,bitten,related,feedback: 1 up / 0 down
cat,bowling,unrelated,feedback: 0 up / 1 down
cat,breeding,related,feedback: 1 up / 0 down
cat,carrier,related,feedback: 1 up / 0 down
cat,caster,unrelated,feedback: 0 up / 1 down
cat,catty,related,feedback: 1 up / 0 down
cat,chaps,unrelated,feedback: 0 up / 1 down
cat,chewed,related,feedback: 1 up / 0 down
cat,chord,unrelated,feedback: 0 up / 1 down
cat,cocks,unrelated,feedback: 0 up / 1 down
cat,copped,unrelated,feedback: 0 up / 1 down
cat,cunt,related,feedback: 1 up / 0 down
cat,cup,unrelated,feedback: 0 up / 1 down
cat,curl,unrelated,feedback: 0 up / 1 down
cat,cuter,related,feedback: 1 up / 0 down
cat,cyclone,unrelated,feedback: 0 up / 1 down
cat,dust,unrelated,feedback: 0 up / 1 down
cat,fatter,related,feedback: 1 up / 0 down
cat,fell,unrelated,feedback: 0 up / 1 down
cat,flaps,related,feedback: 1 up / 0 down
cat,flea,related,feedback: 1 up / 0 down
cat,groom,related,feedback: 1 up / 0 down
cat,haired,related,feedback: 1 up / 0 down
cat,hiding,related,feedback: 1 up / 0 down
cat,insectivorous,unrelated,feedback: 0 up / 1 down
cat,jar,unrelated,feedback: 0 up / 1 down
cat,jars,unrelated,feedback: 0 up / 1 down
cat,junk,unrelated,feedback: 0 up / 1 down
cat,kazoos,unrelated,feedback: 0 up / 1 down
cat,kiting,unrelated,feedback: 0 up / 1 down
cat,lamp,unrelated,feedback: 0 up / 1 down
cat,laps,related,feedback: 1 up / 0 down
cat,leopard,related,feedback: 1 up / 0 down
cat,maler,unrelated,feedback: 0 up / 1 down
cat,mammalian,related,feedback: 1 up / 0 down
cat,marijuana,unrelated,feedback: 0 up / 1 down
cat,millie,unrelated,feedback: 0 up / 1 down
cat,mitten,related,feedback: 1 up / 0 down
cat,mole,unrelated,feedback: 0 up / 1 down
cat,monk,unrelated,feedback: 0 up / 1 down
cat,naps,related,feedback: 1 up / 0 down
cat,nouns,unrelated,feedback: 0 up / 1 down
cat,pa,unrelated,feedback: 0 up / 1 down
cat,pant,unrelated,feedback: 0 up / 1 down
cat,patients,unrelated,feedback: 0 up / 1 down
cat,patted,related,feedback: 1 up / 0 down
cat,pees,related,feedback: 1 up / 0 down
cat,perhaps,unrelated,feedback: 0 up / 1 down
cat,petting,related,feedback: 1 up / 0 down
cat,piled,unrelated,feedback: 0 up / 1 down
cat,popes,unrelated,feedback: 0 up / 1 down
cat,post,related,feedback: 1 up / 0 down
cat,poster,related,feedback: 1 up / 0 down
cat,powers,unrelated,feedback: 0 up / 1 down
cat,prowls,related,feedback: 1 up / 0 down
cat,purebred,related,feedback: 1 up / 0 down
cat,purring,related,feedback: 1 up / 0 down
cat,rabies,related,feedback: 1 up / 0 down
cat,rag,unrelated,feedback: 0 up / 1 down
cat,range,unrelated,feedback: 0 up / 1 down
cat,rat,related,feedback: 1 up / 0 down
cat,result,unrelated,feedback: 0 up / 1 down
cat,ruff,related,feedback: 1 up / 0 down
cat,scents,related,feedback: 1 up / 0 down
cat,sealed,unrelated,feedback: 0 up / 1 down
cat,seas,unrelated,feedback: 0 up / 1 down
cat,seat,unrelated,feedback: 0 up / 1 down
cat,seating,unrelated,feedback: 0 up / 1 down
cat,shed,related,feedback: 1 up / 0 down
cat,shedding,related,feedback: 1 up / 0 down
cat,siamese,related,feedback: 1 up / 0 down
cat,soaps,unrelated,feedback: 0 up / 1 down
cat,socks,related,feedback: 1 up / 0 down
cat,square,unrelated,feedback: 0 up / 1 down
cat,stalks,related,feedback: 1 up / 0 down
cat,straw,unrelated,feedback: 0 up / 1 down
cat,sty,unrelated,feedback: 0 up / 1 down
cat,tag,unrelated,feedback: 0 up / 1 down
cat,tailed,related,feedback: 1 up / 0 down
cat,teas,unrelated,feedback: 0 up / 1 down
cat,tents,unrelated,feedback: 0 up / 1 down
cat,thinks,unrelated,feedback: 0 up / 1 down
cat,tiled,unrelated,feedback: 0 up / 1 down
cat,topes,unrelated,feedback: 0 up / 1 down
cat,topped,unrelated,feedback: 0 up / 1 down
cat,treat,related,feedback: 1 up / 0 down
cat,trees,related,feedback: 1 up / 0 down
cat,walks,related,feedback: 1 up / 0 down
cat,way,unrelated,feedback: 0 up / 1 down
cat,whiting,unrelated,feedback: 0 up / 1 down
cat,worm,related,feedback: 1 up / 0 down
cat,yowls,related,feedback: 1 up / 0 down
pirate,blaster,unrelated,feedback: 0 up / 1 down
pirate,marine,related,feedback: 1 up / 0 down
pirate,sail,related,feedback: 1 up / 0 down
pirate,steal,related,feedback: 1 up / 0 down
pirate,attitude,related,pirate prereq: attitude / latitude
pirate,buggery,related,recoup pirate awesomeness
pirate,commandeering,related,recoup pirate awesomeness
pirate,crude,related,pirate prereq: crude / pursued
pirate,crypto,related,pirate prereq: crypto / tiptoe
pirate,dagger,related_ish,recoup pirate awesomeness
pirate,drunken,related,recoup pirate awesomeness
pirate,fiend,whatever,recoup pirate awesomeness
pirate,fiends,whatever,recoup pirate awesomeness
pirate,flaunt,whatever,recoup pirate awesomeness
pirate,flaunted,related,pirate prereq: flaunted / haunted; pirate prereq: flaunted / undaunted
pirate,gallows,related,pirate prereq: gallows / shallows
pirate,harbor,related,recoup pirate awesomeness
pirate,harbored,related,recoup pirate awesomeness
pirate,haunt,related_ish,recoup pirate awesomeness
pirate,haunted,related,pirate prereq: flaunted / haunted; pirate prereq: haunted / undaunted
pirate,hull,related,recoup pirate awesomeness
pirate,illegal,related,recoup pirate awesomeness
pirate,latitude,related,pirate prereq: attitude / latitude
pirate,leisure,related,pirate prereq: leisure / seizure; pirate prereq: leisure / treasure
pirate,lobster,related_ish,recoup pirate awesomeness
pirate,manatee,related_ish,recoup pirate awesomeness
pirate,mobster,related_ish,recoup pirate awesomeness
pirate,plot,related_ish,recoup pirate awesomeness
pirate,plotting,related,pirate prereq: marauding / plotting
pirate,profanity,related_ish,recoup pirate awesomeness
pirate,profiteer,related,recoup pirate awesomeness
pirate,profiteering,related,recoup pirate awesomeness
pirate,pursued,related,pirate prereq: crude / pursued
pirate,rowboat,related_ish,recoup pirate awesomeness
pirate,seagull,related_ish,recoup pirate awesomeness
pirate,seizure,related,pirate prereq: leisure / seizure
pirate,shallow,whatever,recoup pirate awesomeness
pirate,shallows,related,pirate prereq: gallows / shallows
pirate,shanty,related,recoup pirate awesomeness
pirate,showboat,related_ish,recoup pirate awesomeness
pirate,skull,related,recoup pirate awesomeness
pirate,sleeve,related,recoup pirate awesomeness
pirate,sleeves,related,recoup pirate awesomeness
pirate,starboard,related,recoup pirate awesomeness
pirate,submarine,related_ish,recoup pirate awesomeness
pirate,submarines,related_ish,recoup pirate awesomeness
pirate,sunken,related,recoup pirate awesomeness
pirate,swagger,related,recoup pirate awesomeness
pirate,tattoos,related,recoup pirate awesomeness
pirate,thieves,related,recoup pirate awesomeness
pirate,thuggery,related_ish,recoup pirate awesomeness
pirate,tiptoe,related,pirate prereq: crypto / tiptoe
pirate,treasure,related,pirate prereq: leisure / treasure
pirate,undaunted,related,pirate prereq: flaunted / undaunted; pirate prereq: haunted / undaunted
pirate,vigilante,related_ish,recoup pirate awesomeness
pirate,explores,related,feedback: 1 up / 0 down
pirate,extort,related,feedback: 1 up / 0 down
pirate,fort,related,feedback: 1 up / 0 down
pirate,idiosyncratic,unrelated,feedback: 0 up / 1 down
pirate,port,related,feedback: 1 up / 0 down
pirate,spores,unrelated,feedback: 0 up / 1 down
pirate,transparent,unrelated,feedback: 0 up / 1 down
hell,abode,unrelated,feedback: 0 up / 1 down
hell,abomination,related,feedback: 1 up / 0 down
hell,absolution,related,feedback: 1 up / 0 down
hell,abysmal,related,feedback: 1 up / 0 down
hell,abyss,related,feedback: 1 up / 0 down
hell,ache,unrelated,feedback: 0 up / 1 down
hell,affliction,related,feedback: 1 up / 0 down
hell,aisle,unrelated,feedback: 0 up / 1 down
hell,alighted,unrelated,feedback: 0 up / 1 down
hell,annihilation,related,feedback: 1 up / 0 down
hell,ash,related,feedback: 1 up / 0 down
hell,attrition,unrelated,feedback: 0 up / 1 down
hell,baptismal,related,feedback: 1 up / 0 down
hell,baptize,related,feedback: 1 up / 0 down
hell,beast,related,feedback: 1 up / 0 down
hell,beheld,unrelated,feedback: 0 up / 1 down
hell,behold,unrelated,feedback: 0 up / 1 down
hell,believe,related,feedback: 1 up / 0 down
hell,bing,unrelated,feedback: 0 up / 1 down
hell,bitch,unrelated,feedback: 0 up / 1 down
hell,blaze,related,feedback: 1 up / 0 down
hell,bleep,unrelated,feedback: 0 up / 1 down
hell,bliss,unrelated,feedback: 0 up / 1 down
hell,carnal,related,feedback: 1 up / 0 down
hell,charred,related,feedback: 1 up / 0 down
hell,chasm,related,feedback: 1 up / 0 down
hell,chill,unrelated,feedback: 0 up / 1 down
hell,cliff,unrelated,feedback: 0 up / 1 down
hell,combust,related,feedback: 1 up / 0 down
hell,comprehend,unrelated,feedback: 0 up / 1 down
hell,condemn,related,feedback: 1 up / 0 down
hell,condemnation,related,feedback: 1 up / 0 down
hell,conflagration,related,feedback: 1 up / 0 down
hell,confrontation,unrelated,feedback: 0 up / 1 down
hell,consternation,unrelated,feedback: 0 up / 1 down
hell,creation,unrelated,feedback: 0 up / 1 down
hell,damnation,related,feedback: 1 up / 0 down
hell,dark,related,feedback: 1 up / 0 down
hell,daze,unrelated,feedback: 0 up / 1 down
hell,defile,related,feedback: 1 up / 0 down
hell,degradation,unrelated,feedback: 0 up / 1 down
hell,deportation,unrelated,feedback: 0 up / 1 down
hell,descend,related,feedback: 1 up / 0 down
hell,descends,related,feedback: 1 up / 0 down
hell,descent,related,feedback: 1 up / 0 down
hell,desolation,related,feedback: 1 up / 0 down
hell,despair,related,feedback: 1 up / 0 down
hell,desperation,related,feedback: 1 up / 0 down
hell,destination,related,feedback: 1 up / 0 down
hell,detonation,unrelated,feedback: 0 up / 1 down
hell,died,related,feedback: 1 up / 0 down
hell,dies,related,feedback: 1 up / 0 down
hell,disaster,related,feedback: 1 up / 0 down
hell,discs,unrelated,feedback: 0 up / 1 down
hell,disgraced,related,feedback: 1 up / 0 down
hell,dishonor,related,feedback: 1 up / 0 down
hell,disorientation,unrelated,feedback: 0 up / 1 down
hell,distressed,related,feedback: 1 up / 0 down
hell,ditch,unrelated,feedback: 0 up / 1 down
hell,divinity,related,feedback: 1 up / 0 down
hell,dos,unrelated,feedback: 0 up / 1 down
hell,dread,related,feedback: 1 up / 0 down
hell,dystopia,related,feedback: 1 up / 0 down
hell,emanation,unrelated,feedback: 0 up / 1 down
hell,endure,related,feedback: 1 up / 0 down
hell,eternal,related,feedback: 1 up / 0 down
hell,everlasting,related,feedback: 1 up / 0 down
hell,exaltation,unrelated,feedback: 0 up / 1 down
hell,explain,unrelated,feedback: 0 up / 1 down
hell,extermination,unrelated,feedback: 0 up / 1 down
hell,fear,related,feedback: 1 up / 0 down
hell,fiends,related,feedback: 1 up / 0 down
hell,flagellation,related,feedback: 1 up / 0 down
hell,flame,related,feedback: 1 up / 0 down
hell,flare,related,feedback: 1 up / 0 down
hell,fog,unrelated,feedback: 0 up / 1 down
hell,forever,related,feedback: 1 up / 0 down
hell,fornication,related,feedback: 1 up / 0 down
hell,fussed,unrelated,feedback: 0 up / 1 down
hell,gee,unrelated,feedback: 0 up / 1 down
hell,god,related,feedback: 1 up / 0 down
hell,goner,related,feedback: 1 up / 0 down
hell,grim,related,feedback: 1 up / 0 down
hell,guessed,unrelated,feedback: 0 up / 1 down
hell,guys,unrelated,feedback: 0 up / 1 down
hell,hallucination,unrelated,feedback: 0 up / 1 down
hell,heck,related,feedback: 1 up / 0 down
hell,hill,unrelated,feedback: 0 up / 1 down
hell,horrendous,related,feedback: 1 up / 0 down
hell,horrible,related,feedback: 1 up / 0 down
hell,horrid,related,feedback: 1 up / 0 down
hell,hot,related,feedback: 1 up / 0 down
hell,hots,related,feedback: 1 up / 0 down
hell,hound,related,feedback: 1 up / 0 down
hell,ignited,related,feedback: 1 up / 0 down
hell,igniting,related,feedback: 1 up / 0 down
hell,ignition,related,feedback: 1 up / 0 down
hell,imagineer,unrelated,feedback: 0 up / 1 down
hell,impurity,related,feedback: 1 up / 0 down
hell,incarceration,related,feedback: 1 up / 0 down
hell,infernal,related,feedback: 1 up / 0 down
hell,infinity,related,feedback: 1 up / 0 down
hell,initiation,unrelated,feedback: 0 up / 1 down
hell,inquisition,related,feedback: 1 up / 0 down
hell,interstellar,unrelated,feedback: 0 up / 1 down
hell,kennel,unrelated,feedback: 0 up / 1 down
hell,kicked,unrelated,feedback: 0 up / 1 down
hell,lame,unrelated,feedback: 0 up / 1 down
hell,least,unrelated,feedback: 0 up / 1 down
hell,lot,unrelated,feedback: 0 up / 1 down
hell,meant,unrelated,feedback: 0 up / 1 down
hell,mode,unrelated,feedback: 0 up / 1 down
hell,mortal,related,feedback: 1 up / 0 down
hell,mound,unrelated,feedback: 0 up / 1 down
hell,must,unrelated,feedback: 0 up / 1 down
hell,obscurity,unrelated,feedback: 0 up / 1 down
hell,pain,related,feedback: 1 up / 0 down
hell,perdition,related,feedback: 1 up / 0 down
hell,persecution,related,feedback: 1 up / 0 down
hell,personification,unrelated,feedback: 0 up / 1 down
hell,placed,unrelated,feedback: 0 up / 1 down
hell,pricked,unrelated,feedback: 0 up / 1 down
hell,prison,related,feedback: 1 up / 0 down
hell,prob,unrelated,feedback: 0 up / 1 down
hell,putz,unrelated,feedback: 0 up / 1 down
hell,pyre,related,feedback: 1 up / 0 down
hell,quitter,unrelated,feedback: 0 up / 1 down
hell,rayed,unrelated,feedback: 0 up / 1 down
hell,remission,unrelated,feedback: 0 up / 1 down
hell,repent,related,feedback: 1 up / 0 down
hell,repented,related,feedback: 1 up / 0 down
hell,res,unrelated,feedback: 0 up / 1 down
hell,rest,unrelated,feedback: 0 up / 1 down
hell,righted,unrelated,feedback: 0 up / 1 down
hell,ring,unrelated,feedback: 0 up / 1 down
hell,ripped,unrelated,feedback: 0 up / 1 down
hell,roads,unrelated,feedback: 0 up / 1 down
hell,rowed,unrelated,feedback: 0 up / 1 down
hell,saint,related,feedback: 1 up / 0 down
hell,salvation,related,feedback: 1 up / 0 down
hell,same,unrelated,feedback: 0 up / 1 down
hell,satanic,related,feedback: 1 up / 0 down
hell,scorcher,related,feedback: 1 up / 0 down
hell,scourge,related,feedback: 1 up / 0 down
hell,screwed,related,feedback: 1 up / 0 down
hell,sear,related,feedback: 1 up / 0 down
hell,sense,unrelated,feedback: 0 up / 1 down
hell,sensed,unrelated,feedback: 0 up / 1 down
hell,separation,related,feedback: 1 up / 0 down
hell,sewer,unrelated,feedback: 0 up / 1 down
hell,shebang,unrelated,feedback: 0 up / 1 down
hell,shed,unrelated,feedback: 0 up / 1 down
hell,sin,related,feedback: 1 up / 0 down
hell,situation,unrelated,feedback: 0 up / 1 down
hell,skedaddle,unrelated,feedback: 0 up / 1 down
hell,skid,unrelated,feedback: 0 up / 1 down
hell,skidded,unrelated,feedback: 0 up / 1 down
hell,skyes,unrelated,feedback: 0 up / 1 down
hell,smack,unrelated,feedback: 0 up / 1 down
hell,smiting,related,feedback: 1 up / 0 down
hell,smolder,related,feedback: 1 up / 0 down
hell,snake,related,feedback: 1 up / 0 down
hell,soul,related,feedback: 1 up / 0 down
hell,spawn,related,feedback: 1 up / 0 down
hell,spelled,unrelated,feedback: 0 up / 1 down
hell,stampede,unrelated,feedback: 0 up / 1 down
hell,steep,unrelated,feedback: 0 up / 1 down
hell,stench,related,feedback: 1 up / 0 down
hell,straightest,unrelated,feedback: 0 up / 1 down
hell,strife,related,feedback: 1 up / 0 down
hell,stuck,related,feedback: 1 up / 0 down
hell,suffer,related,feedback: 1 up / 0 down
hell,sure,unrelated,feedback: 0 up / 1 down
hell,terrible,related,feedback: 1 up / 0 down
hell,theology,related,feedback: 1 up / 0 down
hell,thrill,unrelated,feedback: 0 up / 1 down
hell,thunder,unrelated,feedback: 0 up / 1 down
hell,torment,related,feedback: 1 up / 0 down
hell,torture,related,feedback: 1 up / 0 down
hell,trash,unrelated,feedback: 0 up / 1 down
hell,tremendous,unrelated,feedback: 0 up / 1 down
hell,tribulation,related,feedback: 1 up / 0 down
hell,trolled,unrelated,feedback: 0 up / 1 down
hell,tsks,unrelated,feedback: 0 up / 1 down
hell,twat,unrelated,feedback: 0 up / 1 down
hell,twats,unrelated,feedback: 0 up / 1 down
hell,understand,unrelated,feedback: 0 up / 1 down
hell,unending,related,feedback: 1 up / 0 down
hell,vile,related,feedback: 1 up / 0 down
hell,void,related,feedback: 1 up / 0 down
hell,want,unrelated,feedback: 0 up / 1 down
hell,waste,unrelated,feedback: 0 up / 1 down
hell,welled,unrelated,feedback: 0 up / 1 down
hell,weller,unrelated,feedback: 0 up / 1 down
hell,whole,unrelated,feedback: 0 up / 1 down
hell,wonder,unrelated,feedback: 0 up / 1 down
hell,worst,related,feedback: 1 up / 0 down
hell,wowed,unrelated,feedback: 0 up / 1 down
hell,yeas,unrelated,feedback: 0 up / 1 down
hell,yelled,unrelated,feedback: 0 up / 1 down
pirate,extradition,related,
devout,abbot,related,feedback: 1 up / 0 down
devout,blase,unrelated,feedback: 0 up / 1 down
devout,habit,related,feedback: 1 up / 0 down
devout,implored,related,feedback: 1 up / 0 down
devout,lord,related,feedback: 1 up / 0 down
devout,pray,related,feedback: 1 up / 0 down
pirate,'em,related,feedback: 1 up / 0 down
pirate,a,unrelated,feedback: 0 up / 1 down
pirate,and,unrelated,feedback: 0 up / 1 down
pirate,beagle,unrelated,feedback: 0 up / 1 down
pirate,blockade,related,feedback: 1 up / 0 down
pirate,brute,related,feedback: 1 up / 0 down
pirate,bum,related,feedback: 1 up / 0 down
pirate,businessperson,unrelated,feedback: 0 up / 1 down
pirate,carina,unrelated,feedback: 0 up / 1 down
pirate,chum,related,feedback: 1 up / 0 down
pirate,content,unrelated,feedback: 0 up / 1 down
pirate,courageous,related,feedback: 1 up / 0 down
pirate,crochet,unrelated,feedback: 0 up / 1 down
pirate,dalmatian,unrelated,feedback: 0 up / 1 down
pirate,defiant,related,feedback: 1 up / 0 down
pirate,deforestation,unrelated,feedback: 0 up / 1 down
pirate,demerara,unrelated,feedback: 0 up / 1 down
pirate,disc,related,feedback: 1 up / 0 down
pirate,floppiest,unrelated,feedback: 0 up / 1 down
pirate,flotilla,related,feedback: 1 up / 0 down
pirate,fraps,unrelated,feedback: 0 up / 1 down
pirate,funky,related,feedback: 1 up / 0 down
pirate,generic,unrelated,feedback: 0 up / 1 down
pirate,google,unrelated,feedback: 0 up / 1 down
pirate,hats,related,feedback: 1 up / 0 down
pirate,his,unrelated,feedback: 0 up / 1 down
pirate,hmm,unrelated,feedback: 0 up / 1 down
pirate,hoist,related,feedback: 1 up / 0 down
pirate,hoy,unrelated,feedback: 0 up / 1 down
pirate,if,unrelated,feedback: 0 up / 1 down
pirate,infected,unrelated,feedback: 0 up / 1 down
pirate,it'd,unrelated,feedback: 0 up / 1 down
pirate,it'll,unrelated,feedback: 0 up / 1 down
pirate,keel,related,feedback: 1 up / 0 down
pirate,keg,related,feedback: 1 up / 0 down
pirate,ketch,related,feedback: 1 up / 0 down
pirate,kirk,unrelated,feedback: 0 up / 1 down
pirate,luffs,unrelated,feedback: 0 up / 1 down
pirate,maintainer,unrelated,feedback: 0 up / 1 down
pirate,malcontent,related,feedback: 1 up / 0 down
pirate,meant,unrelated,feedback: 0 up / 1 down
pirate,mhm,unrelated,feedback: 0 up / 1 down
pirate,miner,unrelated,feedback: 0 up / 1 down
pirate,navigational,related,feedback: 1 up / 0 down
pirate,nicks,related,feedback: 1 up / 0 down
pirate,oceanographer,related,feedback: 1 up / 0 down
pirate,paraphernalia,related,feedback: 1 up / 0 down
pirate,peep,unrelated,feedback: 0 up / 1 down
pirate,peril,related,feedback: 1 up / 0 down
pirate,planer,unrelated,feedback: 0 up / 1 down
pirate,pornographer,related,feedback: 1 up / 0 down
pirate,portmanteaus,unrelated,feedback: 0 up / 1 down
pirate,preorder,unrelated,feedback: 0 up / 1 down
pirate,preyed,related,feedback: 1 up / 0 down
pirate,prim,unrelated,feedback: 0 up / 1 down
pirate,printer,unrelated,feedback: 0 up / 1 down
pirate,publication,unrelated,feedback: 0 up / 1 down
pirate,puffs,unrelated,feedback: 0 up / 1 down
pirate,quadruplicate,unrelated,feedback: 0 up / 1 down
pirate,raid,related,feedback: 1 up / 0 down
pirate,reave,related,feedback: 1 up / 0 down
pirate,recommendation,unrelated,feedback: 0 up / 1 down
pirate,recorder,unrelated,feedback: 0 up / 1 down
pirate,reexamination,unrelated,feedback: 0 up / 1 down
pirate,regalia,related,feedback: 1 up / 0 down
pirate,regatta,related,feedback: 1 up / 0 down
pirate,remade,unrelated,feedback: 0 up / 1 down
pirate,reproduces,unrelated,feedback: 0 up / 1 down
pirate,rex,unrelated,feedback: 0 up / 1 down
pirate,rigger,related,feedback: 1 up / 0 down
pirate,risk,related,feedback: 1 up / 0 down
pirate,salute,related,feedback: 1 up / 0 down
pirate,scholastic,unrelated,feedback: 0 up / 1 down
pirate,scum,related,feedback: 1 up / 0 down
pirate,seaman,related,feedback: 1 up / 0 down
pirate,sharpie,unrelated,feedback: 0 up / 1 down
pirate,sim,unrelated,feedback: 0 up / 1 down
pirate,simp,unrelated,feedback: 0 up / 1 down
pirate,slotting,unrelated,feedback: 0 up / 1 down
pirate,sparrow,related,feedback: 1 up / 0 down
pirate,speech,unrelated,feedback: 0 up / 1 down
pirate,squelch,unrelated,feedback: 0 up / 1 down
pirate,teach,unrelated,feedback: 0 up / 1 down
pirate,tenant,unrelated,feedback: 0 up / 1 down
pirate,tide,related,feedback: 1 up / 0 down
pirate,toot,unrelated,feedback: 0 up / 2 down
pirate,torrent,related,feedback: 2 up / 0 down
pirate,totting,unrelated,feedback: 0 up / 1 down
pirate,toying,unrelated,feedback: 0 up / 1 down
pirate,tricks,related,feedback: 1 up / 0 down
pirate,uncorrected,unrelated,feedback: 0 up / 1 down
pirate,voiced,unrelated,feedback: 0 up / 1 down
pirate,warrant,related,feedback: 1 up / 0 down
pirate,we've,unrelated,feedback: 0 up / 1 down
animal,abolitionist,unrelated,feedback: 0 up / 1 down
animal,abomination,unrelated,feedback: 0 up / 1 down
animal,absolutely,unrelated,feedback: 0 up / 1 down
animal,abstract,unrelated,feedback: 0 up / 1 down
animal,abuse,related,feedback: 1 up / 0 down
animal,acrobatic,unrelated,feedback: 0 up / 1 down
animal,acutely,unrelated,feedback: 0 up / 1 down
animal,adaptation,related,feedback: 1 up / 0 down
animal,adopt,related,feedback: 1 up / 0 down
animal,adulteration,unrelated,feedback: 0 up / 1 down
animal,affectation,unrelated,feedback: 0 up / 1 down
animal,agape,unrelated,feedback: 0 up / 1 down
animal,alphabetical,unrelated,feedback: 0 up / 1 down
animal,ambition,unrelated,feedback: 0 up / 1 down
animal,amour,unrelated,feedback: 0 up / 1 down
animal,angelic,unrelated,feedback: 0 up / 1 down
animal,antithetical,unrelated,feedback: 0 up / 1 down
animal,ape,related,feedback: 1 up / 0 down
animal,aquatic,related,feedback: 1 up / 0 down
animal,arab,unrelated,feedback: 0 up / 1 down
animal,attacked,related,feedback: 1 up / 0 down
animal,autistic,unrelated,feedback: 0 up / 1 down
animal,automobile,unrelated,feedback: 0 up / 1 down
animal,avocado,unrelated,feedback: 0 up / 1 down
animal,avocados,unrelated,feedback: 0 up / 1 down
animal,bambino,unrelated,feedback: 0 up / 1 down
animal,bat,related,feedback: 1 up / 0 down
animal,beagle,related,feedback: 1 up / 0 down
animal,bear,related,feedback: 1 up / 0 down
animal,beast,related,feedback: 1 up / 0 down
animal,beaver,related,feedback: 1 up / 0 down
animal,become,unrelated,feedback: 0 up / 1 down
animal,bee,related,feedback: 1 up / 0 down
animal,believer,unrelated,feedback: 0 up / 1 down
animal,belle,unrelated,feedback: 0 up / 1 down
animal,benevolence,unrelated,feedback: 0 up / 1 down
animal,bestial,related,feedback: 1 up / 0 down
animal,bestiality,related,feedback: 1 up / 0 down
animal,bestow,unrelated,feedback: 0 up / 1 down
animal,biodegradable,unrelated,feedback: 0 up / 1 down
animal,biologists,related,feedback: 1 up / 0 down
animal,biology,related,feedback: 1 up / 0 down
animal,boa,related,feedback: 1 up / 0 down
animal,boar,related,feedback: 1 up / 0 down
animal,bots,unrelated,feedback: 0 up / 1 down
animal,breed,related,feedback: 1 up / 0 down
animal,british,unrelated,feedback: 0 up / 1 down
animal,broth,unrelated,feedback: 0 up / 1 down
animal,bull,related,feedback: 1 up / 0 down
animal,bunny,related,feedback: 1 up / 0 down
animal,cacciatore,unrelated,feedback: 0 up / 1 down
animal,cad,unrelated,feedback: 0 up / 1 down
animal,cage,related,feedback: 1 up / 0 down
animal,caged,related,feedback: 1 up / 0 down
animal,calf,related,feedback: 1 up / 0 down
animal,camel,related,feedback: 1 up / 0 down
animal,canary,related,feedback: 1 up / 0 down
animal,carob,unrelated,feedback: 0 up / 1 down
animal,carol,unrelated,feedback: 0 up / 1 down
animal,carrot,unrelated,feedback: 0 up / 1 down
animal,cat,related,feedback: 1 up / 0 down
animal,cattle,related,feedback: 1 up / 0 down
animal,celestial,unrelated,feedback: 0 up / 1 down
animal,cell,related,feedback: 1 up / 0 down
animal,chaotic,unrelated,feedback: 0 up / 1 down
animal,charismatic,unrelated,feedback: 0 up / 1 down
animal,clitoris,unrelated,feedback: 0 up / 1 down
animal,clown,unrelated,feedback: 0 up / 1 down
animal,colt,related,feedback: 1 up / 0 down
animal,coneys,related,feedback: 1 up / 0 down
animal,crab,related,feedback: 1 up / 0 down
animal,crazy,unrelated,feedback: 0 up / 1 down
animal,creative,unrelated,feedback: 0 up / 1 down
animal,creature,related,feedback: 1 up / 0 down
animal,critters,related,feedback: 1 up / 0 down
animal,crow,related,feedback: 1 up / 0 down
animal,cuckold,unrelated,feedback: 0 up / 1 down
animal,culture,unrelated,feedback: 0 up / 1 down
animal,curious,unrelated,feedback: 0 up / 1 down
animal,curly,unrelated,feedback: 0 up / 1 down
animal,cuticle,unrelated,feedback: 0 up / 1 down
animal,daisy,unrelated,feedback: 0 up / 1 down
animal,definition,unrelated,feedback: 0 up / 1 down
animal,den,related,feedback: 1 up / 0 down
animal,device,unrelated,feedback: 0 up / 1 down
animal,dingo,related,feedback: 1 up / 0 down
animal,discard,unrelated,feedback: 0 up / 1 down
animal,distends,unrelated,feedback: 0 up / 1 down
animal,doe,related,feedback: 1 up / 0 down
animal,dogmatic,unrelated,feedback: 0 up / 1 down
animal,doth,unrelated,feedback: 0 up / 1 down
animal,echo,unrelated,feedback: 0 up / 1 down
animal,effectors,unrelated,feedback: 0 up / 1 down
animal,egyptian,unrelated,feedback: 0 up / 1 down
animal,eider,unrelated,feedback: 0 up / 1 down
animal,ejaculation,unrelated,feedback: 0 up / 1 down
animal,elation,unrelated,feedback: 0 up / 1 down
animal,elf,unrelated,feedback: 0 up / 1 down
animal,elk,related,feedback: 1 up / 0 down
animal,elm,unrelated,feedback: 0 up / 1 down
animal,emblematic,unrelated,feedback: 0 up / 1 down
animal,ewes,related,feedback: 1 up / 0 down
animal,exhibitionist,unrelated,feedback: 0 up / 1 down
animal,exotic,related,feedback: 1 up / 0 down
animal,facial,unrelated,feedback: 0 up / 1 down
animal,fairy,unrelated,feedback: 0 up / 1 down
animal,far,unrelated,feedback: 0 up / 1 down
animal,fauna,related,feedback: 1 up / 0 down
animal,feature,unrelated,feedback: 0 up / 1 down
animal,feed,related,feedback: 1 up / 0 down
animal,fell,unrelated,feedback: 0 up / 1 down
animal,felonious,unrelated,feedback: 0 up / 1 down
animal,felts,unrelated,feedback: 0 up / 1 down
animal,festive,unrelated,feedback: 0 up / 1 down
animal,fin,related,feedback: 1 up / 0 down
animal,fire,unrelated,feedback: 0 up / 1 down
animal,fish,related,feedback: 1 up / 0 down
animal,flamingo,related,feedback: 1 up / 0 down
animal,floor,unrelated,feedback: 0 up / 1 down
animal,flora,unrelated,feedback: 0 up / 1 down
animal,floral,unrelated,feedback: 0 up / 1 down
animal,flounder,related,feedback: 1 up / 0 down
animal,flowers,unrelated,feedback: 0 up / 1 down
animal,four,unrelated,feedback: 0 up / 1 down
animal,fuzz,related,feedback: 1 up / 0 down
animal,gayer,unrelated,feedback: 0 up / 1 down
animal,gazelle,related,feedback: 1 up / 0 down
animal,gazelles,related,feedback: 1 up / 0 down
animal,gecko,related,feedback: 1 up / 0 down
animal,geese,related,feedback: 1 up / 0 down
animal,giraffe,related,feedback: 1 up / 0 down
animal,giraffes,related,feedback: 1 up / 0 down
animal,glyph,unrelated,feedback: 0 up / 1 down
animal,goose,related,feedback: 1 up / 0 down
animal,grained,unrelated,feedback: 0 up / 1 down
animal,gratification,unrelated,feedback: 0 up / 1 down
animal,gregarious,unrelated,feedback: 0 up / 1 down
animal,grunt,related,feedback: 1 up / 0 down
animal,habitation,related,feedback: 1 up / 0 down
animal,haddock,related,feedback: 1 up / 0 down
animal,hare,related,feedback: 1 up / 0 down
animal,headed,unrelated,feedback: 0 up / 1 down
animal,hen,related,feedback: 1 up / 0 down
animal,herb,unrelated,feedback: 0 up / 1 down
animal,herbal,unrelated,feedback: 0 up / 1 down
animal,human,related,feedback: 1 up / 0 down
animal,humane,related,feedback: 1 up / 0 down
animal,hunt,related,feedback: 1 up / 0 down
animal,hypnotic,unrelated,feedback: 0 up / 1 down
animal,iguana,related,feedback: 1 up / 0 down
animal,incantation,unrelated,feedback: 0 up / 1 down
animal,incarceration,unrelated,feedback: 0 up / 1 down
animal,incommunicado,unrelated,feedback: 0 up / 1 down
animal,inflatable,unrelated,feedback: 0 up / 1 down
animal,intact,unrelated,feedback: 0 up / 1 down
animal,intoxication,unrelated,feedback: 0 up / 1 down
animal,juice,unrelated,feedback: 0 up / 1 down
animal,juiced,unrelated,feedback: 0 up / 1 down
animal,jungle,related,feedback: 1 up / 0 down
animal,kangaroos,related,feedback: 1 up / 0 down
animal,karen,unrelated,feedback: 0 up / 1 down
animal,kite,unrelated,feedback: 0 up / 1 down
animal,kitten,related,feedback: 1 up / 0 down
animal,kitty,related,feedback: 1 up / 0 down
animal,knight,unrelated,feedback: 0 up / 1 down
animal,lair,related,feedback: 1 up / 0 down
animal,laughter,unrelated,feedback: 0 up / 1 down
animal,lawman,unrelated,feedback: 0 up / 1 down
animal,lawmen,unrelated,feedback: 0 up / 1 down
animal,leopard,related,feedback: 1 up / 0 down
animal,leper,unrelated,feedback: 0 up / 1 down
animal,lewdest,unrelated,feedback: 0 up / 1 down
animal,liger,related,feedback: 1 up / 0 down
animal,lore,unrelated,feedback: 0 up / 1 down
animal,lorries,unrelated,feedback: 0 up / 1 down
animal,lorry,unrelated,feedback: 0 up / 1 down
animal,machinery,unrelated,feedback: 0 up / 1 down
animal,malevolence,unrelated,feedback: 0 up / 1 down
animal,mammal,related,feedback: 1 up / 0 down
animal,mammalian,related,feedback: 1 up / 0 down
animal,manned,unrelated,feedback: 0 up / 1 down
animal,mare,related,feedback: 1 up / 0 down
animal,marijuana,unrelated,feedback: 0 up / 1 down
animal,marine,related,feedback: 1 up / 0 down
animal,meander,unrelated,feedback: 0 up / 1 down
animal,metal,unrelated,feedback: 0 up / 1 down
animal,mice,related,feedback: 1 up / 0 down
animal,microcomputer,unrelated,feedback: 0 up / 1 down
animal,mime,unrelated,feedback: 0 up / 1 down
animal,misanthropic,unrelated,feedback: 0 up / 1 down
animal,modalities,unrelated,feedback: 0 up / 1 down
animal,modality,unrelated,feedback: 0 up / 1 down
animal,monkey,related,feedback: 1 up / 0 down
animal,moose,related,feedback: 1 up / 0 down
animal,moth,related,feedback: 1 up / 0 down
animal,motor,unrelated,feedback: 0 up / 1 down
animal,mouse,related,feedback: 1 up / 0 down
animal,musk,related,feedback: 1 up / 0 down
animal,narcotic,unrelated,feedback: 0 up / 1 down
animal,nest,related,feedback: 1 up / 0 down
animal,noah,related,feedback: 1 up / 0 down
animal,noun,unrelated,feedback: 0 up / 1 down
animal,nudist,unrelated,feedback: 0 up / 1 down
animal,numeric,unrelated,feedback: 0 up / 1 down
animal,obscene,unrelated,feedback: 0 up / 1 down
animal,occupational,unrelated,feedback: 0 up / 1 down
animal,organizational,unrelated,feedback: 0 up / 1 down
animal,ornithologists,related,feedback: 1 up / 0 down
animal,oxen,related,feedback: 1 up / 0 down
animal,paraded,unrelated,feedback: 0 up / 1 down
animal,pelts,related,feedback: 1 up / 0 down
animal,personnel,unrelated,feedback: 0 up / 1 down
animal,pheasant,related,feedback: 1 up / 0 down
animal,phone,unrelated,feedback: 0 up / 1 down
animal,phylum,related,feedback: 1 up / 0 down
animal,pinhead,unrelated,feedback: 0 up / 1 down
animal,pizzicato,unrelated,feedback: 0 up / 1 down
animal,pizzicatos,unrelated,feedback: 0 up / 1 down
animal,poach,related,feedback: 1 up / 0 down
animal,pony,related,feedback: 1 up / 0 down
animal,poohs,unrelated,feedback: 0 up / 1 down
animal,potion,unrelated,feedback: 0 up / 1 down
animal,prints,related,feedback: 1 up / 0 down
animal,produce,unrelated,feedback: 0 up / 1 down
animal,proletarian,unrelated,feedback: 0 up / 1 down
animal,psychedelic,unrelated,feedback: 0 up / 1 down
animal,psychogenic,unrelated,feedback: 0 up / 1 down
animal,psychosomatic,unrelated,feedback: 0 up / 1 down
animal,psychotropic,unrelated,feedback: 0 up / 1 down
animal,puppy,related,feedback: 1 up / 0 down
animal,quarry,unrelated,feedback: 0 up / 1 down
animal,quest,unrelated,feedback: 0 up / 1 down
animal,ram,related,feedback: 1 up / 0 down
animal,rankings,unrelated,feedback: 0 up / 1 down
animal,rat,related,feedback: 1 up / 0 down
animal,recoil,unrelated,feedback: 0 up / 1 down
animal,reenact,unrelated,feedback: 0 up / 1 down
animal,refrigerant,unrelated,feedback: 0 up / 1 down
animal,regard,unrelated,feedback: 0 up / 1 down
animal,reintroduce,related,feedback: 1 up / 0 down
animal,repetitive,unrelated,feedback: 0 up / 1 down
animal,require,unrelated,feedback: 0 up / 1 down
animal,retriever,related,feedback: 1 up / 0 down
animal,rhino,related,feedback: 1 up / 0 down
animal,romance,unrelated,feedback: 0 up / 1 down
animal,rounder,unrelated,feedback: 0 up / 1 down
animal,rubbery,unrelated,feedback: 0 up / 1 down
animal,safari,related,feedback: 1 up / 0 down
animal,salamander,related,feedback: 1 up / 0 down
animal,sardine,related,feedback: 1 up / 0 down
animal,savage,related,feedback: 1 up / 0 down
animal,scene,unrelated,feedback: 0 up / 1 down
animal,schizophrenic,unrelated,feedback: 0 up / 1 down
animal,schizophrenics,unrelated,feedback: 0 up / 1 down
animal,scots,unrelated,feedback: 0 up / 1 down
animal,seagull,related,feedback: 1 up / 0 down
animal,sealed,unrelated,feedback: 0 up / 1 down
animal,sedatest,unrelated,feedback: 0 up / 1 down
animal,seed,unrelated,feedback: 0 up / 1 down
animal,seek,unrelated,feedback: 0 up / 1 down
animal,semen,unrelated,feedback: 0 up / 1 down
animal,sensational,unrelated,feedback: 0 up / 1 down
animal,settings,unrelated,feedback: 0 up / 1 down
animal,sewer,unrelated,feedback: 0 up / 1 down
animal,sheep,related,feedback: 1 up / 0 down
animal,shown,unrelated,feedback: 0 up / 1 down
animal,shrews,related,feedback: 1 up / 0 down
animal,shrubbery,unrelated,feedback: 0 up / 1 down
animal,skin,related,feedback: 1 up / 0 down
animal,skinhead,unrelated,feedback: 0 up / 1 down
animal,sledded,unrelated,feedback: 0 up / 1 down
animal,sleuth,unrelated,feedback: 0 up / 1 down
animal,slinky,unrelated,feedback: 0 up / 1 down
animal,sloth,related,feedback: 1 up / 0 down
animal,sonic,unrelated,feedback: 0 up / 1 down
animal,sounder,unrelated,feedback: 0 up / 1 down
animal,sow,related,feedback: 1 up / 0 down
animal,spankings,unrelated,feedback: 0 up / 1 down
animal,sprite,unrelated,feedback: 0 up / 1 down
animal,stag,related,feedback: 1 up / 0 down
animal,stage,unrelated,feedback: 0 up / 1 down
animal,stampede,related,feedback: 1 up / 0 down
animal,stepper,unrelated,feedback: 0 up / 1 down
animal,stone,unrelated,feedback: 0 up / 1 down
animal,straining,unrelated,feedback: 0 up / 1 down
animal,striate,unrelated,feedback: 0 up / 1 down
animal,sublime,unrelated,feedback: 0 up / 1 down
animal,suggestive,unrelated,feedback: 0 up / 1 down
animal,sus,unrelated,feedback: 0 up / 1 down
animal,sussed,unrelated,feedback: 0 up / 1 down
animal,swam,unrelated,feedback: 0 up / 1 down
animal,tamers,related,feedback: 1 up / 0 down
animal,term,unrelated,feedback: 0 up / 1 down
animal,terminators,unrelated,feedback: 0 up / 1 down
animal,thoughts,unrelated,feedback: 0 up / 1 down
animal,tiger,related,feedback: 1 up / 0 down
animal,training,related,feedback: 1 up / 0 down
animal,unconstrained,unrelated,feedback: 0 up / 1 down
animal,undergo,unrelated,feedback: 0 up / 1 down
animal,underwent,unrelated,feedback: 0 up / 1 down
animal,unique,unrelated,feedback: 0 up / 1 down
animal,vampiric,unrelated,feedback: 0 up / 1 down
animal,varmint,related,feedback: 1 up / 0 down
animal,vellum,unrelated,feedback: 0 up / 1 down
animal,ventilation,unrelated,feedback: 0 up / 1 down
animal,verily,unrelated,feedback: 0 up / 1 down
animal,vet,related,feedback: 1 up / 0 down
animal,veterinarian,related,feedback: 1 up / 0 down
animal,vibration,unrelated,feedback: 0 up / 1 down
animal,vinyl,unrelated,feedback: 0 up / 1 down
animal,vocation,unrelated,feedback: 0 up / 1 down
animal,voluntarily,unrelated,feedback: 0 up / 1 down
animal,vulture,related,feedback: 1 up / 0 down
animal,wheeled,unrelated,feedback: 0 up / 1 down
animal,whistle,unrelated,feedback: 0 up / 1 down
animal,whiter,unrelated,feedback: 0 up / 1 down
animal,wiener,unrelated,feedback: 0 up / 1 down
animal,wight,unrelated,feedback: 0 up / 1 down
animal,wolverine,related,feedback: 1 up / 0 down
animal,word,unrelated,feedback: 0 up / 1 down
animal,young,related,feedback: 1 up / 0 down
animal,zoologists,related,feedback: 1 up / 0 down
animal,zoology,related,feedback: 1 up / 0 down
animal,zoos,related,feedback: 1 up / 0 down
heist,defrauded,related,feedback: 1 up / 0 down
heist,defrauder,related,feedback: 1 up / 0 down
heist,desecrated,unrelated,feedback: 0 up / 1 down
heist,evaded,related,feedback: 1 up / 0 down
heist,gang,related,feedback: 1 up / 0 down
heist,grab,related,feedback: 1 up / 0 down
heist,guile,related,feedback: 1 up / 0 down
heist,masqueraded,related,feedback: 1 up / 0 down
heist,nab,related,feedback: 1 up / 0 down
heist,plotted,related,feedback: 1 up / 0 down
heist,raided,related,feedback: 1 up / 0 down
heist,ruse,related,feedback: 1 up / 0 down
heist,slaughter,unrelated,feedback: 0 up / 1 down
heist,subversion,related,feedback: 1 up / 0 down
heist,switcheroo,related,feedback: 1 up / 0 down
heist,switcheroos,related,feedback: 1 up / 0 down
categorization,abnormalities,related,feedback: 1 up / 0 down
math,add,related,feedback: 1 up / 0 down
math,adele,unrelated,feedback: 0 up / 1 down
math,affine,related,feedback: 1 up / 0 down
math,algebraic,related,feedback: 1 up / 0 down
math,allocation,unrelated,feedback: 0 up / 1 down
math,alphabetic,unrelated,feedback: 0 up / 1 down
math,anthropology,unrelated,feedback: 0 up / 1 down
math,antimatter,unrelated,feedback: 0 up / 1 down
math,approximation,related,feedback: 1 up / 0 down
math,archaeology,unrelated,feedback: 0 up / 1 down
math,arithmetic,related,feedback: 1 up / 0 down
math,array,related,feedback: 1 up / 0 down
math,articulation,unrelated,feedback: 0 up / 1 down
math,ass,unrelated,feedback: 0 up / 1 down
math,astrology,unrelated,feedback: 0 up / 1 down
math,astronomy,related,feedback: 1 up / 0 down
math,axiomatic,related,feedback: 1 up / 0 down
math,ballets,unrelated,feedback: 0 up / 1 down
math,beat,unrelated,feedback: 0 up / 1 down
math,biz,unrelated,feedback: 0 up / 1 down
math,book,related,feedback: 1 up / 0 down
math,braille,unrelated,feedback: 0 up / 1 down
math,brain,related,feedback: 1 up / 0 down
math,calculation,related,feedback: 1 up / 0 down
math,categorical,related,feedback: 1 up / 0 down
math,chord,related,feedback: 1 up / 0 down
math,cognition,related,feedback: 1 up / 0 down
math,collocation,unrelated,feedback: 0 up / 1 down
math,commutation,related,feedback: 1 up / 0 down
math,commute,related,feedback: 1 up / 0 down
math,computation,related,feedback: 1 up / 0 down
math,compute,related,feedback: 1 up / 0 down
math,concrete,unrelated,feedback: 0 up / 1 down
math,conic,related,feedback: 1 up / 0 down
math,conjecture,related,feedback: 1 up / 0 down
math,conjugation,unrelated,feedback: 0 up / 1 down
math,conjunct,related,feedback: 1 up / 0 down
math,conjunctions,related,feedback: 1 up / 0 down
math,conjuration,unrelated,feedback: 0 up / 1 down
math,conservation,unrelated,feedback: 0 up / 1 down
math,construction,related,feedback: 1 up / 0 down
math,construe,unrelated,feedback: 0 up / 1 down
math,cosmetology,unrelated,feedback: 0 up / 1 down
math,cosmology,related,feedback: 1 up / 0 down
math,course,related,feedback: 1 up / 0 down
math,crams,related,feedback: 1 up / 0 down
math,criminology,unrelated,feedback: 0 up / 1 down
math,curricular,related,feedback: 1 up / 0 down
math,debt,unrelated,feedback: 0 up / 1 down
math,decimal,related,feedback: 1 up / 0 down
math,declension,unrelated,feedback: 0 up / 1 down
math,deduction,related,feedback: 1 up / 0 down
math,derivation,related,feedback: 1 up / 0 down
math,differential,related,feedback: 1 up / 0 down
math,differentiation,related,feedback: 1 up / 0 down
math,dilatation,unrelated,feedback: 0 up / 1 down
math,dilation,unrelated,feedback: 0 up / 1 down
math,dimension,related,feedback: 1 up / 0 down
math,discrete,related,feedback: 1 up / 0 down
math,disjunct,related,feedback: 1 up / 0 down
math,disjunctions,related,feedback: 1 up / 0 down
math,divide,related,feedback: 1 up / 0 down
math,divided,related,feedback: 1 up / 0 down
math,divides,related,feedback: 1 up / 0 down
math,division,related,feedback: 1 up / 0 down
math,domain,related,feedback: 1 up / 0 down
math,dot,related,feedback: 1 up / 0 down
math,dough,unrelated,feedback: 0 up / 1 down
math,draw,unrelated,feedback: 0 up / 1 down
math,ecology,unrelated,feedback: 0 up / 1 down
math,education,related,feedback: 1 up / 0 down
math,ell,unrelated,feedback: 0 up / 1 down
math,engineer,related,feedback: 1 up / 0 down
math,entomology,unrelated,feedback: 0 up / 1 down
math,essay,unrelated,feedback: 0 up / 1 down
math,etymology,unrelated,feedback: 0 up / 1 down
math,evaluation,related,feedback: 1 up / 0 down
math,examination,related,feedback: 1 up / 0 down
math,exams,related,feedback: 1 up / 0 down
math,expectation,unrelated,feedback: 0 up / 1 down
math,experiential,unrelated,feedback: 0 up / 1 down
math,explication,unrelated,feedback: 0 up / 1 down
math,exploration,unrelated,feedback: 0 up / 1 down
math,exponential,related,feedback: 1 up / 0 down
math,exponents,related,feedback: 1 up / 0 down
math,flunked,related,feedback: 1 up / 0 down
math,formation,unrelated,feedback: 0 up / 1 down
math,formulaic,related,feedback: 1 up / 0 down
math,formulation,related,feedback: 1 up / 0 down
math,fourths,related,feedback: 1 up / 0 down
math,functions,related,feedback: 1 up / 0 down
math,gradation,unrelated,feedback: 0 up / 1 down
math,grammatical,unrelated,feedback: 0 up / 1 down
math,graphology,unrelated,feedback: 0 up / 1 down
math,gym,unrelated,feedback: 0 up / 1 down
math,harmonic,related,feedback: 1 up / 0 down
math,illustration,unrelated,feedback: 0 up / 1 down
math,induction,related,feedback: 1 up / 0 down
math,infer,related,feedback: 1 up / 0 down
math,inferential,related,feedback: 1 up / 0 down
math,inferred,related,feedback: 1 up / 0 down
math,inferring,related,feedback: 1 up / 0 down
math,infinitesimal,related,feedback: 1 up / 0 down
math,integration,related,feedback: 1 up / 0 down
math,kinesiology,unrelated,feedback: 0 up / 1 down
math,knowledge,related,feedback: 1 up / 0 down
math,lain,unrelated,feedback: 0 up / 1 down
math,lecture,related,feedback: 1 up / 0 down
math,legerdemain,unrelated,feedback: 0 up / 1 down
math,levitation,unrelated,feedback: 0 up / 1 down
math,lied,unrelated,feedback: 0 up / 1 down
math,lies,unrelated,feedback: 0 up / 1 down
math,lores,unrelated,feedback: 0 up / 1 down
math,magician,unrelated,feedback: 0 up / 1 down
math,magnification,unrelated,feedback: 0 up / 1 down
math,mathematical,related,feedback: 1 up / 0 down
math,mathematician,related,feedback: 1 up / 0 down
math,maths,related,feedback: 1 up / 0 down
math,maze,unrelated,feedback: 0 up / 1 down
math,meditation,unrelated,feedback: 0 up / 1 down
math,mit,unrelated,feedback: 0 up / 1 down
math,monotonic,related,feedback: 1 up / 0 down
math,motivation,unrelated,feedback: 0 up / 1 down
math,multiplication,related,feedback: 1 up / 0 down
math,nerd,related,feedback: 1 up / 0 down
math,nine,related,feedback: 1 up / 0 down
math,notation,related,feedback: 1 up / 0 down
math,noun,unrelated,feedback: 0 up / 1 down
math,nth,related,feedback: 1 up / 0 down
math,nutrition,unrelated,feedback: 0 up / 1 down
math,observational,unrelated,feedback: 0 up / 1 down
math,occult,unrelated,feedback: 0 up / 1 down
math,odd,related,feedback: 1 up / 0 down
math,optimization,related,feedback: 1 up / 0 down
math,paleontology,unrelated,feedback: 0 up / 1 down
math,par,unrelated,feedback: 0 up / 1 down
math,permutation,related,feedback: 1 up / 0 down
math,perpendicular,related,feedback: 1 up / 0 down
math,phrase,unrelated,feedback: 0 up / 1 down
math,phrenology,unrelated,feedback: 0 up / 1 down
math,physiology,unrelated,feedback: 0 up / 1 down
math,pi,related,feedback: 1 up / 0 down
math,pies,unrelated,feedback: 0 up / 1 down
math,plot,related,feedback: 1 up / 0 down
math,plus,related,feedback: 1 up / 0 down
math,population,unrelated,feedback: 0 up / 1 down
math,precision,related,feedback: 1 up / 0 down
math,preposition,unrelated,feedback: 0 up / 1 down
math,prestidigitation,unrelated,feedback: 0 up / 1 down
math,prime,related,feedback: 1 up / 0 down
math,products,related,feedback: 1 up / 0 down
math,professor,related,feedback: 1 up / 0 down
math,psychobabble,unrelated,feedback: 0 up / 1 down
math,psychology,unrelated,feedback: 0 up / 1 down
math,punctuation,unrelated,feedback: 0 up / 1 down
math,quadratic,related,feedback: 1 up / 0 down
math,quadrillion,related,feedback: 1 up / 0 down
math,quantification,related,feedback: 1 up / 0 down
math,quintillions,related,feedback: 1 up / 0 down
math,quiz,related,feedback: 1 up / 0 down
math,radical,related,feedback: 1 up / 0 down
math,relational,unrelated,feedback: 0 up / 1 down
math,relaxation,unrelated,feedback: 0 up / 1 down
math,rhyme,unrelated,feedback: 0 up / 1 down
math,scholastic,related,feedback: 1 up / 0 down
math,scored,related,feedback: 1 up / 0 down
math,sequential,related,feedback: 1 up / 0 down
math,sine,related,feedback: 1 up / 0 down
math,sociology,unrelated,feedback: 0 up / 1 down
math,spell,unrelated,feedback: 0 up / 1 down
math,spelled,unrelated,feedback: 0 up / 1 down
math,sphere,related,feedback: 1 up / 0 down
math,stem,related,feedback: 1 up / 0 down
math,stochastic,related,feedback: 1 up / 0 down
math,summation,related,feedback: 1 up / 0 down
math,superstition,unrelated,feedback: 0 up / 1 down
math,symbology,unrelated,feedback: 0 up / 1 down
math,tangential,related,feedback: 1 up / 0 down
math,tarot,unrelated,feedback: 0 up / 1 down
math,taught,related,feedback: 1 up / 0 down
math,tautology,related,feedback: 1 up / 0 down
math,tax,unrelated,feedback: 0 up / 1 down
math,taxonomy,unrelated,feedback: 0 up / 1 down
math,technology,related,feedback: 1 up / 0 down
math,tenth,related,feedback: 1 up / 0 down
math,terminology,related,feedback: 1 up / 0 down
math,test,related,feedback: 1 up / 0 down
math,thematic,unrelated,feedback: 0 up / 1 down
math,theology,unrelated,feedback: 0 up / 1 down
math,theories,related,feedback: 1 up / 0 down
math,thought,related,feedback: 1 up / 0 down
math,topology,related,feedback: 1 up / 0 down
math,translation,unrelated,feedback: 0 up / 1 down
math,transportation,unrelated,feedback: 0 up / 1 down
math,trillion,related,feedback: 1 up / 0 down
math,trillions,related,feedback: 1 up / 0 down
math,trouble,unrelated,feedback: 0 up / 1 down
math,tutor,related,feedback: 1 up / 0 down
math,unification,unrelated,feedback: 0 up / 1 down
math,valuation,unrelated,feedback: 0 up / 1 down
math,whiz,related,feedback: 1 up / 0 down
math,zoology,unrelated,feedback: 0 up / 1 down
pirate,baroque,unrelated,feedback: 0 up / 1 down
pirate,bows,unrelated,feedback: 0 up / 1 down
pirate,cabled,unrelated,feedback: 0 up / 1 down
pirate,cabooses,unrelated,feedback: 0 up / 1 down
pirate,carouse,related,feedback: 1 up / 0 down
pirate,crackers,related,feedback: 1 up / 0 down
pirate,crank,unrelated,feedback: 0 up / 1 down
pirate,crocheted,unrelated,feedback: 0 up / 1 down
pirate,daggers,related,feedback: 1 up / 0 down
pirate,debauch,related,feedback: 1 up / 0 down
pirate,drill,unrelated,feedback: 0 up / 1 down
pirate,dwarf,unrelated,feedback: 0 up / 1 down
pirate,elves,unrelated,feedback: 0 up / 1 down
pirate,fang,unrelated,feedback: 0 up / 1 down
pirate,fleet,related,feedback: 1 up / 0 down
pirate,foursquare,unrelated,feedback: 0 up / 1 down
pirate,fourth,unrelated,feedback: 0 up / 1 down
pirate,fourths,unrelated,feedback: 0 up / 1 down
pirate,giraffes,unrelated,feedback: 0 up / 1 down
pirate,hackers,related,feedback: 1 up / 0 down
pirate,hood,unrelated,feedback: 0 up / 1 down
pirate,idle,unrelated,feedback: 0 up / 1 down
pirate,kazoo,unrelated,feedback: 0 up / 1 down
pirate,knight,unrelated,feedback: 0 up / 1 down
pirate,krill,unrelated,feedback: 0 up / 1 down
pirate,marguerite,related,feedback: 1 up / 0 down
pirate,masquerade,related,feedback: 1 up / 0 down
pirate,mastered,unrelated,feedback: 0 up / 1 down
pirate,moor,related,feedback: 1 up / 0 down
pirate,muse,unrelated,feedback: 0 up / 1 down
pirate,notch,unrelated,feedback: 0 up / 1 down
pirate,ouijas,unrelated,feedback: 0 up / 1 down
pirate,overwrite,unrelated,feedback: 0 up / 1 down
pirate,persona,unrelated,feedback: 0 up / 1 down
pirate,pooh,unrelated,feedback: 0 up / 1 down
pirate,procure,related,feedback: 1 up / 0 down
pirate,random,unrelated,feedback: 0 up / 1 down
pirate,ratchet,unrelated,feedback: 0 up / 1 down
pirate,rewrite,unrelated,feedback: 0 up / 1 down
pirate,rhyme,unrelated,feedback: 0 up / 1 down
pirate,saboteurs,related,feedback: 1 up / 0 down
pirate,serial,unrelated,feedback: 0 up / 1 down
pirate,skulduggery,related,feedback: 1 up / 0 down
pirate,sneak,related,feedback: 1 up / 0 down
pirate,solitaire,unrelated,feedback: 0 up / 1 down
pirate,spliced,unrelated,feedback: 0 up / 1 down
pirate,sprite,unrelated,feedback: 0 up / 1 down
pirate,stereophonic,unrelated,feedback: 0 up / 1 down
pirate,stuart,unrelated,feedback: 0 up / 1 down
pirate,tidal,related,feedback: 1 up / 0 down
pirate,unique,unrelated,feedback: 0 up / 1 down
pirate,version,unrelated,feedback: 0 up / 1 down
games,activity,related,feedback: 1 up / 0 down
games,affair,unrelated,feedback: 0 up / 1 down
games,ass,unrelated,feedback: 0 up / 1 down
games,baccarat,related,feedback: 1 up / 0 down
games,ball,related,feedback: 1 up / 0 down
games,ballot,unrelated,feedback: 0 up / 1 down
games,beating,related,feedback: 1 up / 0 down
games,beginnings,unrelated,feedback: 0 up / 1 down
games,bet,related,feedback: 1 up / 0 down
games,big,unrelated,feedback: 0 up / 1 down
games,bluff,related,feedback: 1 up / 0 down
games,bout,related,feedback: 1 up / 0 down
games,bowl,related,feedback: 1 up / 0 down
games,card,related,feedback: 1 up / 0 down
games,casino,related,feedback: 1 up / 0 down
games,cheating,related,feedback: 1 up / 0 down
games,chess,related,feedback: 1 up / 0 down
games,comes,unrelated,feedback: 0 up / 1 down
games,competing,related,feedback: 1 up / 0 down
games,computer,related,feedback: 1 up / 0 down
games,concede,related,feedback: 1 up / 0 down
games,conceding,related,feedback: 1 up / 0 down
games,console,related,feedback: 1 up / 0 down
games,contests,related,feedback: 1 up / 0 down
games,controller,related,feedback: 1 up / 0 down
games,courting,unrelated,feedback: 0 up / 1 down
games,defeating,related,feedback: 1 up / 0 down
games,denouement,unrelated,feedback: 0 up / 1 down
games,faction,unrelated,feedback: 0 up / 1 down
games,fair,related,feedback: 1 up / 0 down
games,festivity,related,feedback: 1 up / 0 down
games,finesse,related,feedback: 1 up / 0 down
games,fortissimo,unrelated,feedback: 0 up / 1 down
games,foursquare,related,feedback: 1 up / 0 down
games,geno,unrelated,feedback: 0 up / 1 down
games,gin,related,feedback: 1 up / 0 down
games,goal,related,feedback: 1 up / 0 down
games,harp,unrelated,feedback: 0 up / 1 down
games,innings,related,feedback: 1 up / 0 down
games,jig,unrelated,feedback: 0 up / 1 down
games,lacrosse,related,feedback: 1 up / 0 down
games,level,related,feedback: 1 up / 0 down
games,loss,related,feedback: 1 up / 0 down
games,lost,related,feedback: 1 up / 0 down
games,loster,unrelated,feedback: 0 up / 1 down
games,lotto,related,feedback: 1 up / 0 down
games,maths,unrelated,feedback: 0 up / 1 down
games,merci,unrelated,feedback: 0 up / 1 down
games,met,unrelated,feedback: 0 up / 1 down
games,muff,unrelated,feedback: 0 up / 1 down
games,odds,related,feedback: 1 up / 0 down
games,pianissimo,unrelated,feedback: 0 up / 1 down
games,pizzicato,unrelated,feedback: 0 up / 1 down
games,playoff,related,feedback: 1 up / 0 down
games,ploy,unrelated,feedback: 0 up / 1 down
games,poll,unrelated,feedback: 0 up / 1 down
games,recording,unrelated,feedback: 0 up / 1 down
games,referee,related,feedback: 1 up / 0 down
games,rival,related,feedback: 1 up / 0 down
games,roulette,related,feedback: 1 up / 0 down
games,round,related,feedback: 1 up / 0 down
games,ruff,related,feedback: 1 up / 0 down
games,score,related,feedback: 1 up / 0 down
games,scores,related,feedback: 1 up / 0 down
games,script,unrelated,feedback: 0 up / 1 down
games,shooter,related,feedback: 1 up / 0 down
games,sieges,unrelated,feedback: 0 up / 1 down
games,solitaire,related,feedback: 1 up / 0 down
games,spinner,related,feedback: 1 up / 0 down
games,spores,unrelated,feedback: 0 up / 1 down
games,sporting,related,feedback: 1 up / 0 down
games,steam,related,feedback: 1 up / 0 down
games,stores,related,feedback: 1 up / 0 down
games,subtraction,unrelated,feedback: 0 up / 1 down
games,survival,related,feedback: 1 up / 0 down
games,team,related,feedback: 1 up / 0 down
games,trump,related,feedback: 1 up / 0 down
games,wads,unrelated,feedback: 0 up / 1 down
games,whist,related,feedback: 1 up / 0 down
games,win,related,feedback: 1 up / 0 down
games,winner,related,feedback: 1 up / 0 down
games,word,related,feedback: 1 up / 0 down
cajun,abalone,unrelated,feedback: 0 up / 1 down
cajun,arcadian,related,feedback: 1 up / 0 down
cajun,baguette,related,feedback: 1 up / 0 down
cajun,belle,related,feedback: 1 up / 0 down
cajun,bleu,related,feedback: 1 up / 0 down
cajun,bouillabaisse,related,feedback: 1 up / 0 down
cajun,brahmin,unrelated,feedback: 0 up / 1 down
cajun,broth,related,feedback: 1 up / 0 down
cajun,calzone,unrelated,feedback: 0 up / 1 down
cajun,cayenne,related,feedback: 1 up / 0 down
cajun,creamy,related,feedback: 1 up / 0 down
cajun,critter,related,feedback: 1 up / 0 down
cajun,falafel,unrelated,feedback: 0 up / 1 down
cajun,flavor,related,feedback: 1 up / 0 down
cajun,fried,related,feedback: 1 up / 0 down
cajun,fry,related,feedback: 1 up / 0 down
cajun,geese,unrelated,feedback: 0 up / 1 down
cajun,gumbo,related,feedback: 1 up / 0 down
cajun,haitians,related,feedback: 1 up / 0 down
cajun,italian,unrelated,feedback: 0 up / 1 down
cajun,orleans,related,feedback: 1 up / 0 down
cajun,raconteurs,related,feedback: 1 up / 0 down
cajun,shillelaghs,unrelated,feedback: 0 up / 1 down
cajun,smoky,related,feedback: 1 up / 0 down
cajun,spice,related,feedback: 1 up / 0 down
cajun,strudel,unrelated,feedback: 0 up / 1 down
cajun,swamp,related,feedback: 1 up / 0 down
cajun,tasty,related,feedback: 1 up / 0 down
cajun,teriyaki,unrelated,feedback: 0 up / 1 down
cajun,thais,unrelated,feedback: 0 up / 1 down
cajun,tikka,unrelated,feedback: 0 up / 1 down
cajun,vindaloo,unrelated,feedback: 0 up / 1 down
cajun,voodoo,related,feedback: 1 up / 0 down
cajun,waffle,unrelated,feedback: 0 up / 1 down
computer,abbreviation,unrelated,feedback: 0 up / 1 down
computer,accommodation,unrelated,feedback: 0 up / 1 down
computer,accumulation,unrelated,feedback: 0 up / 1 down
computer,acquaint,unrelated,feedback: 0 up / 1 down
computer,adjudication,unrelated,feedback: 0 up / 1 down
computer,alteration,unrelated,feedback: 0 up / 1 down
computer,amortization,unrelated,feedback: 0 up / 1 down
computer,amplification,unrelated,feedback: 0 up / 1 down
computer,anesthesiologists,unrelated,feedback: 0 up / 1 down
computer,animation,related,feedback: 1 up / 0 down
computer,anticipation,unrelated,feedback: 0 up / 1 down
computer,antiquarian,unrelated,feedback: 0 up / 1 down
computer,antique,unrelated,feedback: 0 up / 1 down
computer,apace,unrelated,feedback: 0 up / 1 down
computer,approximation,unrelated,feedback: 0 up / 1 down
computer,assign,unrelated,feedback: 0 up / 1 down
computer,assignation,unrelated,feedback: 0 up / 1 down
computer,auscultation,unrelated,feedback: 0 up / 1 down
computer,automation,related,feedback: 1 up / 0 down
computer,autonomic,related,feedback: 1 up / 0 down
computer,backboard,unrelated,feedback: 0 up / 1 down
computer,bedroom,unrelated,feedback: 0 up / 1 down
computer,blackboard,unrelated,feedback: 0 up / 1 down
computer,calculation,related,feedback: 1 up / 0 down
computer,capitalization,unrelated,feedback: 0 up / 1 down
computer,cartographic,unrelated,feedback: 0 up / 1 down
computer,case,related,feedback: 1 up / 0 down
computer,casino,unrelated,feedback: 0 up / 1 down
computer,cell,unrelated,feedback: 0 up / 1 down
computer,cheese,unrelated,feedback: 0 up / 1 down
computer,chess,related,feedback: 1 up / 0 down
computer,choreographer,unrelated,feedback: 0 up / 1 down
computer,chores,unrelated,feedback: 0 up / 1 down
computer,clerk,unrelated,feedback: 0 up / 1 down
computer,clipper,unrelated,feedback: 0 up / 1 down
computer,code,related,feedback: 1 up / 0 down
computer,collage,unrelated,feedback: 0 up / 1 down
computer,collation,unrelated,feedback: 0 up / 1 down
computer,combination,unrelated,feedback: 0 up / 1 down
computer,commutation,unrelated,feedback: 0 up / 1 down
computer,compilation,related,feedback: 1 up / 0 down
computer,compile,related,feedback: 1 up / 0 down
computer,compilers,related,feedback: 1 up / 0 down
computer,computation,related,feedback: 1 up / 0 down
computer,concentration,unrelated,feedback: 0 up / 1 down
computer,condensation,unrelated,feedback: 0 up / 1 down
computer,consideration,unrelated,feedback: 0 up / 1 down
computer,consolidation,unrelated,feedback: 0 up / 1 down
computer,conversation,unrelated,feedback: 0 up / 1 down
computer,cores,related,feedback: 1 up / 0 down
computer,correlation,unrelated,feedback: 0 up / 1 down
computer,cut,unrelated,feedback: 0 up / 1 down
computer,data,related,feedback: 1 up / 0 down
computer,deletion,related,feedback: 1 up / 0 down
computer,dell,related,feedback: 1 up / 0 down
computer,demonstration,unrelated,feedback: 0 up / 1 down
computer,designation,unrelated,feedback: 0 up / 1 down
computer,destination,unrelated,feedback: 0 up / 1 down
computer,determination,unrelated,feedback: 0 up / 1 down
computer,dialysis,unrelated,feedback: 0 up / 1 down
computer,dissembling,unrelated,feedback: 0 up / 1 down
computer,dissertation,unrelated,feedback: 0 up / 1 down
computer,domination,unrelated,feedback: 0 up / 1 down
computer,drawers,unrelated,feedback: 0 up / 1 down
computer,dresser,unrelated,feedback: 0 up / 1 down
computer,drum,unrelated,feedback: 0 up / 1 down
computer,echolocation,unrelated,feedback: 0 up / 1 down
computer,economic,unrelated,feedback: 0 up / 1 down
computer,edification,unrelated,feedback: 0 up / 1 down
computer,elaboration,unrelated,feedback: 0 up / 1 down
computer,electrolytic,unrelated,feedback: 0 up / 1 down
computer,elimination,unrelated,feedback: 0 up / 1 down
computer,elocutions,unrelated,feedback: 0 up / 1 down
computer,embarkation,unrelated,feedback: 0 up / 1 down
computer,emulation,related,feedback: 1 up / 0 down
computer,excel,related,feedback: 1 up / 0 down
computer,excitation,unrelated,feedback: 0 up / 1 down
computer,experimentation,unrelated,feedback: 0 up / 1 down
computer,exploitation,unrelated,feedback: 0 up / 1 down
computer,extrapolation,unrelated,feedback: 0 up / 1 down
computer,falsification,unrelated,feedback: 0 up / 1 down
computer,fibrillation,unrelated,feedback: 0 up / 1 down
computer,file,related,feedback: 1 up / 0 down
computer,filtration,unrelated,feedback: 0 up / 1 down
computer,fixation,unrelated,feedback: 0 up / 1 down
computer,floors,unrelated,feedback: 0 up / 1 down
computer,floppy,related,feedback: 1 up / 0 down
computer,fluctuation,unrelated,feedback: 0 up / 1 down
computer,geek,related,feedback: 1 up / 0 down
computer,generalization,unrelated,feedback: 0 up / 1 down
computer,geographer,unrelated,feedback: 0 up / 1 down
computer,geographic,unrelated,feedback: 0 up / 1 down
computer,graduation,unrelated,feedback: 0 up / 1 down
computer,guesser,unrelated,feedback: 0 up / 1 down
computer,guitar,unrelated,feedback: 0 up / 1 down
computer,hibernation,unrelated,feedback: 0 up / 1 down
computer,identification,unrelated,feedback: 0 up / 1 down
computer,implementation,related,feedback: 1 up / 0 down
computer,information,related,feedback: 1 up / 0 down
computer,ink,unrelated,feedback: 0 up / 1 down
computer,installation,related,feedback: 1 up / 0 down
computer,interpolation,unrelated,feedback: 0 up / 1 down
computer,interrogation,unrelated,feedback: 0 up / 1 down
computer,intimidation,unrelated,feedback: 0 up / 1 down
computer,introduce,unrelated,feedback: 0 up / 1 down
computer,investigation,unrelated,feedback: 0 up / 1 down
computer,lab,related,feedback: 1 up / 0 down
computer,load,related,feedback: 1 up / 0 down
computer,location,unrelated,feedback: 0 up / 1 down
computer,lubrication,unrelated,feedback: 0 up / 1 down
computer,magnification,unrelated,feedback: 0 up / 1 down
computer,masseuse,unrelated,feedback: 0 up / 1 down
computer,masturbation,unrelated,feedback: 0 up / 1 down
computer,maximization,unrelated,feedback: 0 up / 1 down
computer,mechanization,related,feedback: 1 up / 0 down
computer,miniaturization,related,feedback: 1 up / 0 down
computer,misplace,unrelated,feedback: 0 up / 1 down
computer,misspell,unrelated,feedback: 0 up / 1 down
computer,modification,unrelated,feedback: 0 up / 1 down
computer,modulation,unrelated,feedback: 0 up / 1 down
computer,montage,unrelated,feedback: 0 up / 1 down
computer,motel,unrelated,feedback: 0 up / 1 down
computer,mousse,unrelated,feedback: 0 up / 1 down
computer,oceanographer,unrelated,feedback: 0 up / 1 down
computer,oceanographic,unrelated,feedback: 0 up / 1 down
computer,orthopedist,unrelated,feedback: 0 up / 1 down
computer,parasitic,unrelated,feedback: 0 up / 1 down
computer,permutation,unrelated,feedback: 0 up / 1 down
computer,perspiration,unrelated,feedback: 0 up / 1 down
computer,pinning,unrelated,feedback: 0 up / 1 down
computer,plants,unrelated,feedback: 0 up / 1 down
computer,popularization,unrelated,feedback: 0 up / 1 down
computer,portals,unrelated,feedback: 0 up / 1 down
computer,portmanteau,unrelated,feedback: 0 up / 1 down
computer,precipitation,unrelated,feedback: 0 up / 1 down
computer,preference,unrelated,feedback: 0 up / 1 down
computer,preparation,unrelated,feedback: 0 up / 1 down
computer,prestidigitation,unrelated,feedback: 0 up / 1 down
computer,propagation,unrelated,feedback: 0 up / 1 down
computer,pseudoscientific,unrelated,feedback: 0 up / 1 down
computer,psychokinesis,unrelated,feedback: 0 up / 1 down
computer,pulsation,unrelated,feedback: 0 up / 1 down
computer,punctuation,unrelated,feedback: 0 up / 1 down
computer,qualification,unrelated,feedback: 0 up / 1 down
computer,racer,unrelated,feedback: 0 up / 1 down
computer,radiation,unrelated,feedback: 0 up / 1 down
computer,realization,unrelated,feedback: 0 up / 1 down
computer,recitation,unrelated,feedback: 0 up / 1 down
computer,reconciliation,unrelated,feedback: 0 up / 1 down
computer,remediation,unrelated,feedback: 0 up / 1 down
computer,rental,unrelated,feedback: 0 up / 1 down
computer,replication,unrelated,feedback: 0 up / 1 down
computer,repossessed,unrelated,feedback: 0 up / 1 down
computer,reproduce,unrelated,feedback: 0 up / 1 down
computer,retarding,unrelated,feedback: 0 up / 1 down
computer,retentive,unrelated,feedback: 0 up / 1 down
computer,reverberation,unrelated,feedback: 0 up / 1 down
computer,rpm,unrelated,feedback: 0 up / 1 down
computer,scanner,related,feedback: 1 up / 0 down
computer,scientific,related,feedback: 1 up / 0 down
computer,secretarial,unrelated,feedback: 0 up / 1 down
computer,settees,unrelated,feedback: 0 up / 1 down
computer,shoe,unrelated,feedback: 0 up / 1 down
computer,sim,related,feedback: 1 up / 0 down
computer,slating,unrelated,feedback: 0 up / 1 down
computer,smartass,unrelated,feedback: 0 up / 1 down
computer,specific,unrelated,feedback: 0 up / 1 down
computer,station,unrelated,feedback: 0 up / 1 down
computer,stenographic,unrelated,feedback: 0 up / 1 down
computer,summation,unrelated,feedback: 0 up / 1 down
computer,superimpose,unrelated,feedback: 0 up / 1 down
computer,surveyed,unrelated,feedback: 0 up / 1 down
computer,tab,unrelated,feedback: 0 up / 1 down
computer,tactical,unrelated,feedback: 0 up / 1 down
computer,tambourine,unrelated,feedback: 0 up / 1 down
computer,telekinesis,unrelated,feedback: 0 up / 1 down
computer,teller,unrelated,feedback: 0 up / 1 down
computer,theologians,unrelated,feedback: 0 up / 1 down
computer,topographic,unrelated,feedback: 0 up / 1 down
computer,trampoline,unrelated,feedback: 0 up / 1 down
computer,transcendental,unrelated,feedback: 0 up / 1 down
computer,transformation,unrelated,feedback: 0 up / 1 down
computer,transportation,unrelated,feedback: 0 up / 1 down
computer,tripod,unrelated,feedback: 0 up / 1 down
computer,type,related,feedback: 1 up / 0 down
computer,univerbation,unrelated,feedback: 0 up / 1 down
computer,upgrade,related,feedback: 1 up / 0 down
computer,urinalysis,unrelated,feedback: 0 up / 1 down
computer,utilization,unrelated,feedback: 0 up / 1 down
computer,vacation,unrelated,feedback: 0 up / 1 down
computer,verification,unrelated,feedback: 0 up / 1 down
computer,vibration,unrelated,feedback: 0 up / 1 down
computer,wheel,unrelated,feedback: 0 up / 1 down
computer,wrongdoers,unrelated,feedback: 0 up / 1 down
operations,phenomenal,unrelated,feedback: 0 up / 1 down
operations,support,related,feedback: 1 up / 0 down
operations,transport,related,feedback: 1 up / 0 down
astronomy,abelian,unrelated,feedback: 0 up / 1 down
astronomy,agrarian,unrelated,feedback: 0 up / 1 down
astronomy,alliance,unrelated,feedback: 0 up / 1 down
astronomy,anthology,unrelated,feedback: 0 up / 1 down
astronomy,apparitions,unrelated,feedback: 0 up / 1 down
astronomy,arcane,unrelated,feedback: 0 up / 1 down
astronomy,archaeologists,unrelated,feedback: 0 up / 1 down
astronomy,ass,unrelated,feedback: 0 up / 1 down
astronomy,assignations,unrelated,feedback: 0 up / 1 down
astronomy,assimilations,unrelated,feedback: 0 up / 1 down
astronomy,atmospheric,related,feedback: 1 up / 0 down
astronomy,auspicious,unrelated,feedback: 0 up / 1 down
astronomy,baseball,unrelated,feedback: 0 up / 1 down
astronomy,baseballs,unrelated,feedback: 0 up / 1 down
astronomy,bing,unrelated,feedback: 0 up / 1 down
astronomy,biomedical,unrelated,feedback: 0 up / 1 down
astronomy,botanic,unrelated,feedback: 0 up / 1 down
astronomy,bright,related,feedback: 1 up / 0 down
astronomy,brighten,related,feedback: 1 up / 0 down
astronomy,cetacean,unrelated,feedback: 0 up / 1 down
astronomy,chameleon,unrelated,feedback: 0 up / 1 down
astronomy,chandelier,unrelated,feedback: 0 up / 1 down
astronomy,charioteer,unrelated,feedback: 0 up / 1 down
astronomy,chromatography,related,feedback: 1 up / 0 down
astronomy,cinematographer,unrelated,feedback: 0 up / 1 down
astronomy,cinematography,unrelated,feedback: 0 up / 1 down
astronomy,cluster,related,feedback: 1 up / 0 down
astronomy,collection,unrelated,feedback: 0 up / 1 down
astronomy,colonoscopy,unrelated,feedback: 0 up / 1 down
astronomy,colorectal,unrelated,feedback: 0 up / 1 down
astronomy,comprehends,related,feedback: 1 up / 0 down
astronomy,conflagrations,unrelated,feedback: 0 up / 1 down
astronomy,constellations,related,feedback: 1 up / 0 down
astronomy,contemplation,unrelated,feedback: 0 up / 1 down
astronomy,convection,unrelated,feedback: 0 up / 1 down
astronomy,crater,related,feedback: 1 up / 0 down
astronomy,cryptology,unrelated,feedback: 0 up / 1 down
astronomy,curiosity,related,feedback: 1 up / 0 down
astronomy,declinations,related,feedback: 1 up / 0 down
astronomy,dermatology,unrelated,feedback: 0 up / 1 down
astronomy,detection,related,feedback: 1 up / 0 down
astronomy,diffraction,related,feedback: 1 up / 0 down
astronomy,dilatation,unrelated,feedback: 0 up / 1 down
astronomy,dilation,related,feedback: 1 up / 0 down
astronomy,direction,unrelated,feedback: 0 up / 1 down
astronomy,distance,related,feedback: 1 up / 0 down
astronomy,diurnal,unrelated,feedback: 0 up / 1 down
astronomy,dos,unrelated,feedback: 0 up / 1 down
astronomy,ecclesiastic,unrelated,feedback: 0 up / 1 down
astronomy,emissions,related,feedback: 1 up / 0 down
astronomy,entomologists,unrelated,feedback: 0 up / 1 down
astronomy,entomology,unrelated,feedback: 0 up / 1 down
astronomy,epidemiology,unrelated,feedback: 0 up / 1 down
astronomy,etiology,unrelated,feedback: 0 up / 1 down
astronomy,etymology,unrelated,feedback: 0 up / 1 down
astronomy,exaltation,unrelated,feedback: 0 up / 1 down
astronomy,excavation,unrelated,feedback: 0 up / 1 down
astronomy,expeditions,unrelated,feedback: 0 up / 1 down
astronomy,explanation,unrelated,feedback: 0 up / 1 down
astronomy,exploration,related,feedback: 1 up / 0 down
astronomy,explore,related,feedback: 1 up / 0 down
astronomy,extermination,unrelated,feedback: 0 up / 1 down
astronomy,faraway,related,feedback: 1 up / 0 down
astronomy,fertilization,unrelated,feedback: 0 up / 1 down
astronomy,fides,unrelated,feedback: 0 up / 1 down
astronomy,formation,related,feedback: 1 up / 0 down
astronomy,gamma,related,feedback: 1 up / 0 down
astronomy,genealogy,unrelated,feedback: 0 up / 1 down
astronomy,geometry,related,feedback: 1 up / 0 down
astronomy,glimmer,related,feedback: 1 up / 0 down
astronomy,gravitation,related,feedback: 1 up / 0 down
astronomy,gynecology,unrelated,feedback: 0 up / 1 down
astronomy,hieroglyphic,unrelated,feedback: 0 up / 1 down
astronomy,historiography,unrelated,feedback: 0 up / 1 down
astronomy,infrared,related,feedback: 1 up / 0 down
astronomy,initiation,unrelated,feedback: 0 up / 1 down
astronomy,interference,related,feedback: 1 up / 0 down
astronomy,introspection,unrelated,feedback: 0 up / 1 down
astronomy,kinesiology,unrelated,feedback: 0 up / 1 down
astronomy,laser,related,feedback: 1 up / 0 down
astronomy,lens,related,feedback: 1 up / 0 down
astronomy,levitation,unrelated,feedback: 0 up / 1 down
astronomy,light,related,feedback: 1 up / 0 down
astronomy,linguistically,unrelated,feedback: 0 up / 1 down
astronomy,location,unrelated,feedback: 0 up / 1 down
astronomy,lore,unrelated,feedback: 0 up / 1 down
astronomy,magnification,related,feedback: 1 up / 0 down
astronomy,manifestation,unrelated,feedback: 0 up / 1 down
astronomy,medical,unrelated,feedback: 0 up / 1 down
astronomy,medically,unrelated,feedback: 0 up / 1 down
astronomy,medieval,unrelated,feedback: 0 up / 1 down
astronomy,meditation,unrelated,feedback: 0 up / 1 down
astronomy,meteoric,related,feedback: 1 up / 0 down
astronomy,migration,unrelated,feedback: 0 up / 1 down
astronomy,miscellaneous,unrelated,feedback: 0 up / 1 down
astronomy,moon,related,feedback: 1 up / 0 down
astronomy,morphology,unrelated,feedback: 0 up / 1 down
astronomy,mythology,unrelated,feedback: 0 up / 1 down
astronomy,nanotechnology,unrelated,feedback: 0 up / 1 down
astronomy,neurology,unrelated,feedback: 0 up / 1 down
astronomy,night,related,feedback: 1 up / 0 down
astronomy,nocturnal,related,feedback: 1 up / 0 down
astronomy,numerology,unrelated,feedback: 0 up / 1 down
astronomy,obliteration,unrelated,feedback: 0 up / 1 down
astronomy,observation,related,feedback: 1 up / 0 down
astronomy,oceanographer,unrelated,feedback: 0 up / 1 down
astronomy,oceanography,unrelated,feedback: 0 up / 1 down
astronomy,oncology,unrelated,feedback: 0 up / 1 down
astronomy,ophthalmologists,unrelated,feedback: 0 up / 1 down
astronomy,ornithologists,unrelated,feedback: 0 up / 1 down
astronomy,ornithology,unrelated,feedback: 0 up / 1 down
astronomy,overhead,related,feedback: 1 up / 0 down
astronomy,paleontologists,unrelated,feedback: 0 up / 1 down
astronomy,paleontology,unrelated,feedback: 0 up / 1 down
astronomy,pantheistic,unrelated,feedback: 0 up / 1 down
astronomy,pharmacology,unrelated,feedback: 0 up / 1 down
astronomy,philharmonic,unrelated,feedback: 0 up / 1 down
astronomy,photon,related,feedback: 1 up / 0 down
astronomy,phrenology,unrelated,feedback: 0 up / 1 down
astronomy,phylogenetic,unrelated,feedback: 0 up / 1 down
astronomy,physiologists,unrelated,feedback: 0 up / 1 down
astronomy,physiology,unrelated,feedback: 0 up / 1 down
astronomy,precession,related,feedback: 1 up / 0 down
astronomy,predestination,unrelated,feedback: 0 up / 1 down
astronomy,prehistoric,unrelated,feedback: 0 up / 1 down
astronomy,primeval,unrelated,feedback: 0 up / 1 down
astronomy,probe,related,feedback: 1 up / 0 down
astronomy,propagation,unrelated,feedback: 0 up / 1 down
astronomy,propitious,unrelated,feedback: 0 up / 1 down
astronomy,pseudoscientific,unrelated,feedback: 0 up / 1 down
astronomy,psychologists,unrelated,feedback: 0 up / 1 down
astronomy,psychology,unrelated,feedback: 0 up / 1 down
astronomy,pterodactyl,unrelated,feedback: 0 up / 1 down
astronomy,quintessence,unrelated,feedback: 0 up / 1 down
astronomy,radiography,unrelated,feedback: 0 up / 1 down
astronomy,radiologists,unrelated,feedback: 0 up / 1 down
astronomy,rationalization,unrelated,feedback: 0 up / 1 down
astronomy,reflective,related,feedback: 1 up / 0 down
astronomy,refractive,related,feedback: 1 up / 0 down
astronomy,reincarnation,unrelated,feedback: 0 up / 1 down
astronomy,relativistic,related,feedback: 1 up / 0 down
astronomy,religious,unrelated,feedback: 0 up / 1 down
astronomy,rotation,related,feedback: 1 up / 0 down
astronomy,science,related,feedback: 1 up / 0 down
astronomy,scientific,related,feedback: 1 up / 0 down
astronomy,scientologists,unrelated,feedback: 0 up / 1 down
astronomy,scientology,unrelated,feedback: 0 up / 1 down
astronomy,shimmer,related,feedback: 1 up / 0 down
astronomy,shine,related,feedback: 1 up / 0 down
astronomy,shined,related,feedback: 1 up / 0 down
astronomy,shone,related,feedback: 1 up / 0 down
astronomy,sky,related,feedback: 1 up / 0 down
astronomy,skyed,unrelated,feedback: 0 up / 1 down
astronomy,skylight,related,feedback: 1 up / 0 down
astronomy,sociologists,unrelated,feedback: 0 up / 1 down
astronomy,sociology,unrelated,feedback: 0 up / 1 down
astronomy,solar,related,feedback: 1 up / 0 down
astronomy,soothsayer,unrelated,feedback: 0 up / 1 down
astronomy,spectrometer,related,feedback: 1 up / 0 down
astronomy,spectrometry,related,feedback: 1 up / 0 down
astronomy,spectroscopy,related,feedback: 1 up / 0 down
astronomy,sphere,related,feedback: 1 up / 0 down
astronomy,stars,related,feedback: 1 up / 0 down
astronomy,sun,related,feedback: 1 up / 0 down
astronomy,superpositions,unrelated,feedback: 0 up / 1 down
astronomy,superstitions,unrelated,feedback: 0 up / 1 down
astronomy,superstitious,unrelated,feedback: 0 up / 1 down
astronomy,suppositions,unrelated,feedback: 0 up / 1 down
astronomy,thematically,unrelated,feedback: 0 up / 1 down
astronomy,thermometer,unrelated,feedback: 0 up / 1 down
astronomy,titan,related,feedback: 1 up / 0 down
astronomy,transportation,unrelated,feedback: 0 up / 1 down
astronomy,triton,related,feedback: 1 up / 0 down
astronomy,twilight,related,feedback: 1 up / 0 down
astronomy,ultrasound,unrelated,feedback: 0 up / 1 down
astronomy,univerbation,unrelated,feedback: 0 up / 1 down
astronomy,velocity,related,feedback: 1 up / 0 down
astronomy,virologists,unrelated,feedback: 0 up / 1 down
astronomy,virology,unrelated,feedback: 0 up / 1 down
astronomy,zoology,unrelated,feedback: 0 up / 1 down
election,monday,unrelated,feedback: 0 up / 1 down
election,sunday,unrelated,feedback: 0 up / 1 down
transgender,abductee,unrelated,feedback: 0 up / 1 down
transgender,abortion,unrelated,feedback: 0 up / 1 down
transgender,acquiescence,unrelated,feedback: 0 up / 1 down
transgender,adaptation,related,feedback: 1 up / 0 down
transgender,adolescence,related,feedback: 1 up / 0 down
transgender,alienation,related,feedback: 1 up / 0 down
transgender,alteration,related,feedback: 1 up / 0 down
transgender,altruistic,unrelated,feedback: 0 up / 1 down
transgender,ambiguity,related,feedback: 1 up / 0 down
transgender,anatomic,related,feedback: 1 up / 0 down
transgender,androgynous,related,feedback: 1 up / 0 down
transgender,appendectomy,unrelated,feedback: 0 up / 1 down
transgender,approbation,unrelated,feedback: 0 up / 1 down
transgender,appropriation,unrelated,feedback: 0 up / 1 down
transgender,articulation,unrelated,feedback: 0 up / 1 down
transgender,autistic,related,feedback: 1 up / 0 down
transgender,awareness,related,feedback: 1 up / 0 down
transgender,bestiality,unrelated,feedback: 0 up / 1 down
transgender,bi,related,feedback: 1 up / 0 down
transgender,biodegradable,unrelated,feedback: 0 up / 1 down
transgender,blind,unrelated,feedback: 0 up / 1 down
transgender,bureaucracies,related,feedback: 1 up / 0 down
transgender,categorization,unrelated,feedback: 0 up / 1 down
transgender,clarification,unrelated,feedback: 0 up / 1 down
transgender,cohabitation,unrelated,feedback: 0 up / 1 down
transgender,commonality,unrelated,feedback: 0 up / 1 down
transgender,confrontation,unrelated,feedback: 0 up / 1 down
transgender,conjugation,unrelated,feedback: 0 up / 1 down
transgender,contortion,unrelated,feedback: 0 up / 1 down
transgender,convalescence,unrelated,feedback: 0 up / 1 down
transgender,convention,related,feedback: 1 up / 0 down
transgender,conversions,related,feedback: 1 up / 0 down
transgender,cosmetic,related,feedback: 1 up / 0 down
transgender,debasement,unrelated,feedback: 0 up / 1 down
transgender,declination,unrelated,feedback: 0 up / 1 down
transgender,deference,unrelated,feedback: 0 up / 1 down
transgender,deformation,unrelated,feedback: 0 up / 1 down
transgender,degradation,related,feedback: 1 up / 0 down
transgender,dehumanization,related,feedback: 1 up / 0 down
transgender,demographic,related,feedback: 1 up / 0 down
transgender,derangement,unrelated,feedback: 0 up / 1 down
transgender,diabetic,related,feedback: 1 up / 0 down
transgender,dichotomy,related,feedback: 1 up / 0 down
transgender,disability,related,feedback: 1 up / 0 down
transgender,disclosure,related,feedback: 1 up / 0 down
transgender,discrete,unrelated,feedback: 0 up / 1 down
transgender,discrimination,related,feedback: 1 up / 0 down
transgender,dislocation,unrelated,feedback: 0 up / 1 down
transgender,disorganization,unrelated,feedback: 0 up / 1 down
transgender,displacement,unrelated,feedback: 0 up / 1 down
transgender,distortion,unrelated,feedback: 0 up / 1 down
transgender,ejaculation,related,feedback: 1 up / 0 down
transgender,endocrinologists,related,feedback: 1 up / 0 down
transgender,environmentalist,unrelated,feedback: 0 up / 1 down
transgender,erogenous,related,feedback: 1 up / 0 down
transgender,erotic,related,feedback: 1 up / 0 down
transgender,escort,related,feedback: 1 up / 0 down
transgender,estrangement,related,feedback: 1 up / 0 down
transgender,eugenics,unrelated,feedback: 0 up / 1 down
transgender,expatriate,unrelated,feedback: 0 up / 1 down
transgender,fairness,related,feedback: 1 up / 0 down
transgender,feminization,related,feedback: 1 up / 0 down
transgender,fertility,related,feedback: 1 up / 0 down
transgender,figuration,unrelated,feedback: 0 up / 1 down
transgender,fluctuation,unrelated,feedback: 0 up / 1 down
transgender,gay,related,feedback: 1 up / 0 down
transgender,genetic,related,feedback: 1 up / 0 down
transgender,genetically,related,feedback: 1 up / 0 down
transgender,gentrification,unrelated,feedback: 0 up / 1 down
transgender,gents,related,feedback: 1 up / 0 down
transgender,gestation,unrelated,feedback: 0 up / 1 down
transgender,globalization,unrelated,feedback: 0 up / 1 down
transgender,gynecologists,related,feedback: 1 up / 0 down
transgender,gynecology,related,feedback: 1 up / 0 down
transgender,haitian,unrelated,feedback: 0 up / 1 down
transgender,hegemonic,unrelated,feedback: 0 up / 1 down
transgender,holographic,unrelated,feedback: 0 up / 1 down
transgender,homogenous,unrelated,feedback: 0 up / 1 down
transgender,hysterectomies,related,feedback: 1 up / 0 down
transgender,iconoclastic,related,feedback: 1 up / 0 down
transgender,implant,related,feedback: 1 up / 0 down
transgender,implanted,related,feedback: 1 up / 0 down
transgender,incorporation,unrelated,feedback: 0 up / 1 down
transgender,insanity,unrelated,feedback: 0 up / 1 down
transgender,interbreed,unrelated,feedback: 0 up / 1 down
transgender,interviewee,unrelated,feedback: 0 up / 1 down
transgender,inversions,related,feedback: 1 up / 0 down
transgender,jew,unrelated,feedback: 0 up / 1 down
transgender,jewish,unrelated,feedback: 0 up / 1 down
transgender,kink,related,feedback: 1 up / 0 down
transgender,lumpectomy,unrelated,feedback: 0 up / 1 down
transgender,majorettes,unrelated,feedback: 0 up / 1 down
transgender,makeup,related,feedback: 1 up / 0 down
transgender,masculinity,related,feedback: 1 up / 0 down
transgender,materialistic,unrelated,feedback: 0 up / 1 down
transgender,materiality,unrelated,feedback: 0 up / 1 down
transgender,medically,related,feedback: 1 up / 0 down
transgender,meritocracies,unrelated,feedback: 0 up / 1 down
transgender,messianic,unrelated,feedback: 0 up / 1 down
transgender,minority,related,feedback: 1 up / 0 down
transgender,miscommunication,unrelated,feedback: 0 up / 1 down
transgender,misdiagnosis,related,feedback: 1 up / 0 down
transgender,modernization,unrelated,feedback: 0 up / 1 down
transgender,mutation,unrelated,feedback: 0 up / 1 down
transgender,nationality,unrelated,feedback: 0 up / 1 down
transgender,nationalization,unrelated,feedback: 0 up / 1 down
transgender,negation,unrelated,feedback: 0 up / 1 down
transgender,neurosis,unrelated,feedback: 0 up / 1 down
transgender,newish,unrelated,feedback: 0 up / 1 down
transgender,oncologists,unrelated,feedback: 0 up / 1 down
transgender,ophthalmologists,unrelated,feedback: 0 up / 1 down
transgender,oppression,related,feedback: 1 up / 0 down
transgender,ordination,unrelated,feedback: 0 up / 1 down
transgender,orientation,related,feedback: 1 up / 0 down
transgender,overthrew,unrelated,feedback: 0 up / 1 down
transgender,overweight,related,feedback: 1 up / 0 down
transgender,paralysis,unrelated,feedback: 0 up / 1 down
transgender,participation,unrelated,feedback: 0 up / 1 down
transgender,particular,unrelated,feedback: 0 up / 1 down
transgender,peripatetic,unrelated,feedback: 0 up / 1 down
transgender,permutation,unrelated,feedback: 0 up / 1 down
transgender,persecution,related,feedback: 1 up / 0 down
transgender,philanthropy,unrelated,feedback: 0 up / 1 down
transgender,plainclothes,unrelated,feedback: 0 up / 1 down
transgender,plastic,related,feedback: 1 up / 0 down
transgender,plurality,related,feedback: 1 up / 0 down
transgender,polarities,related,feedback: 1 up / 0 down
transgender,polycystic,related,feedback: 1 up / 0 down
transgender,preoccupation,unrelated,feedback: 0 up / 1 down
transgender,prepossessed,unrelated,feedback: 0 up / 1 down
transgender,prides,related,feedback: 1 up / 0 down
transgender,prismatic,unrelated,feedback: 0 up / 1 down
transgender,privatization,unrelated,feedback: 0 up / 1 down
transgender,problematic,unrelated,feedback: 0 up / 1 down
transgender,prostatectomy,related,feedback: 1 up / 0 down
transgender,prostitution,related,feedback: 1 up / 0 down
transgender,psychoanalysis,related,feedback: 1 up / 0 down
transgender,psychogenic,unrelated,feedback: 0 up / 1 down
transgender,psychosis,unrelated,feedback: 0 up / 1 down
transgender,psychosomatic,unrelated,feedback: 0 up / 1 down
transgender,psychotic,unrelated,feedback: 0 up / 1 down
transgender,psychotics,unrelated,feedback: 0 up / 1 down
transgender,queer,related,feedback: 1 up / 0 down
transgender,queering,related,feedback: 1 up / 0 down
transgender,questionnaire,unrelated,feedback: 0 up / 1 down
transgender,readjust,related,feedback: 1 up / 0 down
transgender,realigned,related,feedback: 1 up / 0 down
transgender,realization,related,feedback: 1 up / 0 down
transgender,reallocation,unrelated,feedback: 0 up / 1 down
transgender,rearrangement,related,feedback: 1 up / 0 down
transgender,reassign,related,feedback: 1 up / 0 down
transgender,reassigned,related,feedback: 1 up / 0 down
transgender,reassignment,related,feedback: 1 up / 0 down
transgender,recombined,unrelated,feedback: 0 up / 1 down
transgender,reconciliation,unrelated,feedback: 0 up / 1 down
transgender,reconfiguration,related,feedback: 1 up / 0 down
transgender,reconstruction,related,feedback: 1 up / 0 down
transgender,reconstructive,related,feedback: 1 up / 0 down
transgender,redecoration,unrelated,feedback: 0 up / 1 down
transgender,redefine,related,feedback: 1 up / 0 down
transgender,reengineering,related,feedback: 1 up / 0 down
transgender,referents,unrelated,feedback: 0 up / 1 down
transgender,refractive,related,feedback: 1 up / 0 down
transgender,regression,unrelated,feedback: 0 up / 1 down
transgender,reinvent,related,feedback: 1 up / 0 down
transgender,reinvents,related,feedback: 1 up / 0 down
transgender,renovation,unrelated,feedback: 0 up / 1 down
transgender,renunciation,unrelated,feedback: 0 up / 1 down
transgender,reorganization,unrelated,feedback: 0 up / 1 down
transgender,repatriate,unrelated,feedback: 0 up / 1 down
transgender,repatriation,unrelated,feedback: 0 up / 1 down
transgender,retardation,unrelated,feedback: 0 up / 1 down
transgender,retiree,unrelated,feedback: 0 up / 1 down
transgender,retirees,unrelated,feedback: 0 up / 1 down
transgender,returnees,unrelated,feedback: 0 up / 1 down
transgender,revocation,unrelated,feedback: 0 up / 1 down
transgender,sanitation,unrelated,feedback: 0 up / 1 down
transgender,sapphic,related,feedback: 1 up / 0 down
transgender,schizophrenic,unrelated,feedback: 0 up / 1 down
transgender,scientologists,unrelated,feedback: 0 up / 1 down
transgender,scientology,unrelated,feedback: 0 up / 1 down
transgender,semiautomatic,unrelated,feedback: 0 up / 1 down
transgender,sex,related,feedback: 1 up / 0 down
transgender,sexuality,related,feedback: 1 up / 0 down
transgender,shamanic,unrelated,feedback: 0 up / 1 down
transgender,siamese,unrelated,feedback: 0 up / 1 down
transgender,skew,unrelated,feedback: 0 up / 1 down
transgender,socioeconomic,related,feedback: 1 up / 0 down
transgender,sodomy,related,feedback: 1 up / 0 down
transgender,spay,unrelated,feedback: 0 up / 1 down
transgender,spayed,unrelated,feedback: 0 up / 1 down
transgender,specificity,unrelated,feedback: 0 up / 1 down
transgender,sterility,related,feedback: 1 up / 0 down
transgender,stigmatic,related,feedback: 1 up / 0 down
transgender,straight,related,feedback: 1 up / 0 down
transgender,subordination,unrelated,feedback: 0 up / 1 down
transgender,subversions,related,feedback: 1 up / 0 down
transgender,sustainability,unrelated,feedback: 0 up / 1 down
transgender,switcheroo,related,feedback: 1 up / 0 down
transgender,syncretic,unrelated,feedback: 0 up / 1 down
transgender,tattoo,related,feedback: 1 up / 0 down
transgender,teen,related,feedback: 1 up / 0 down
transgender,tentative,unrelated,feedback: 0 up / 1 down
transgender,terminology,related,feedback: 1 up / 0 down
transgender,testicular,related,feedback: 1 up / 0 down
transgender,thai,related,feedback: 1 up / 0 down
transgender,thematic,unrelated,feedback: 0 up / 1 down
transgender,thermoplastic,unrelated,feedback: 0 up / 1 down
transgender,transatlantic,unrelated,feedback: 0 up / 1 down
transgender,transcended,related,feedback: 1 up / 0 down
transgender,transcendental,unrelated,feedback: 0 up / 1 down
transgender,transcending,related,feedback: 1 up / 0 down
transgender,transfer,unrelated,feedback: 0 up / 1 down
transgender,transfers,unrelated,feedback: 0 up / 1 down
transgender,transformation,related,feedback: 1 up / 0 down
transgender,transformers,related,feedback: 1 up / 0 down
transgender,transgress,related,feedback: 1 up / 0 down
transgender,transgresses,related,feedback: 1 up / 0 down
transgender,transitions,related,feedback: 1 up / 0 down
transgender,translate,unrelated,feedback: 0 up / 1 down
transgender,translator,unrelated,feedback: 0 up / 1 down
transgender,transmutes,related,feedback: 1 up / 0 down
transgender,transportation,unrelated,feedback: 0 up / 1 down
transgender,traumatic,related,feedback: 1 up / 0 down
transgender,trepanation,unrelated,feedback: 0 up / 1 down
transgender,twink,related,feedback: 1 up / 0 down
transgender,unaffected,unrelated,feedback: 0 up / 1 down
transgender,unintended,unrelated,feedback: 0 up / 1 down
transgender,univerbation,unrelated,feedback: 0 up / 1 down
transgender,unknowing,unrelated,feedback: 0 up / 1 down
transgender,unpredictability,unrelated,feedback: 0 up / 1 down
transgender,unwed,unrelated,feedback: 0 up / 1 down
transgender,unwitting,unrelated,feedback: 0 up / 1 down
transgender,upended,related,feedback: 1 up / 0 down
transgender,urologists,related,feedback: 1 up / 0 down
transgender,variation,unrelated,feedback: 0 up / 1 down
transgender,vasectomy,related,feedback: 1 up / 0 down
transgender,virologists,unrelated,feedback: 0 up / 1 down
transgender,voluntarily,unrelated,feedback: 0 up / 1 down
transgender,zapatista,unrelated,feedback: 0 up / 1 down
transgender,communist,related,
transgender,communism,related,
transgender,socialist,related,
transgender,socialism,related,
transgender,transmedicalist,related,
transgender,transmedicalism,related,
transgender,transition,related,
transgender,gender,related,
transgender,misgender,related,
transgender,misgendered,related,
transgender,birth,related,
transgender,hormones,related,
transgender,estrogen,related,
transgender,estradiol,related,
transgender,laser,related,
transgender,gender-affirming,related,
transgender,progesterone,related,
transgender,testosterone,related,
transgender,spironolactone,related,
transgender,spiro,related,
transgender,drag,related,
transgender,agender,related,
transgender,non-binary,related,
transgender,enby,related,
transgender,enbies,related,
transgender,genderqueer,related,
transgender,genderfluid,related,
transgender,orchi,related,
transgender,orchiectomy,related,
transgender,vaginoplasty,related,
transgender,labiaplasty,related,
transgender,dysphoria,related,
transgender,euphoria,related,
transgender,transsexual,related,
transgender,bathroom,related,
transgender,legislation,related,
transgender,liberation,related,
transgender,discrimination,related,
transgender,dress,related,
transgender,clothes,related,
transgender,crossdress,related,
transgender,crossdresser,related,
transgender,crossdressing,related,
transgender,intersex,related,
transgender,stonewall,related,
transgender,rights,related,
transgender,women,related,
transgender,men,related,
transgender,woman,related,
transgender,man,related,
transgender,transfemme,related,
transgender,transmasc,related,
transgender,dating,related,
transgender,porn,related,
transgender,pornography,related,
transgender,polycule,related,
transgender,polyamory,related,
transgender,bi,related,
transgender,bisexual,related,
transgender,pan,related,
transgender,pansexual,related,
transgender,lesbian,related,
transgender,transbian,related,
transgender,t4t,related,
transgender,out,related,
transgender,closet,related,
transgender,closeted,related,
transgender,egg,related,
transgender,pronoun,related,
transgender,pronouns,related,
transgender,she,related,
transgender,he,related,
transgender,they,related,
