prefix,base,derived,base_lemma,derived_lemma,thematic_score,shared_synsets,same_synset,base_freq,derived_freq,base_in_wn,derived_in_wn
a,version,aversion,version,aversion,57,0,0,10,10,1,1
a,hold,ahold,hold,ahold,99,0,0,10,10,1,0
a,yes,ayes,yes,aye,100,0,0,10,10,1,0
a,cross,across,cross,across,105,0,0,10,10,1,1
a,roused,aroused,rouse,arouse,105,0,0,10,10,0,1
a,symptomatic,asymptomatic,symptomatic,asymptomatic,105,0,0,10,10,1,1
a,loud,aloud,loud,aloud,105,1,1,10,10,1,1
a,head,ahead,head,ahead,101,0,0,10,10,1,1
a,nother,another,nother,another,96,0,0,10,10,0,1
a,isle,aisle,isle,aisle,93,0,0,10,10,1,1
a,waited,awaited,waite,await,86,0,0,10,10,0,1
a,trial,atrial,trial,atrial,56,0,0,10,10,1,1
a,thwart,athwart,thwart,athwart,99,0,0,10,10,1,1
a,nodes,anodes,node,anode,102,0,0,10,10,0,0
a,like,alike,like,alike,115,1,1,10,10,1,1
a,bated,abated,bated,abate,105,0,0,10,10,1,0
a,wry,awry,wry,awry,105,0,0,10,10,1,1
a,long,along,long,along,105,0,0,10,10,1,1
a,scribing,ascribing,scribe,ascribe,95,0,0,10,10,0,0
a,symmetric,asymmetric,symmetric,asymmetric,105,0,0,10,10,1,1
a,vowed,avowed,vow,avow,105,0,0,10,10,0,1
a,mended,amended,mend,amend,105,0,0,10,10,0,1
a,butting,abutting,butt,abut,100,0,0,10,10,0,0
a,political,apolitical,political,apolitical,105,0,0,10,10,1,1
a,corns,acorns,corn,acorn,99,0,0,10,10,0,0
a,theist,atheist,theist,atheist,105,0,0,10,10,1,1
a,symmetries,asymmetries,symmetry,asymmetry,105,0,0,10,10,0,0
a,moral,amoral,moral,amoral,99,0,0,10,10,1,0
a,wash,awash,wash,awash,105,0,0,10,10,1,1
a,venue,avenue,venue,avenue,99,0,0,10,10,1,1
a,mens,amens,men,amen,10,0,0,10,10,0,0
a,while,awhile,while,awhile,100,0,0,999999,10,1,1
a,wait,await,wait,await,105,1,1,10,10,1,1
a,buses,abuses,bus,abuse,60,0,0,10,10,0,0
a,bodes,abodes,bode,abode,62,0,0,10,10,0,0
a,fore,afore,fore,afare,92,0,0,10,10,1,0
a,musing,amusing,muse,amuse,92,0,0,10,10,1,1
a,bound,abound,bound,abound,93,0,0,10,10,1,1
a,sunder,asunder,sunder,asunder,105,0,0,10,10,1,1
a,gate,agate,gate,agate,78,0,0,10,10,1,1
a,but,abut,but,abut,100,0,0,999999,10,1,1
a,drift,adrift,drift,adrift,105,0,0,10,10,1,1
a,buzz,abuzz,buzz,abuzz,105,0,0,10,10,1,1
a,bide,abide,bide,abide,105,1,1,10,10,1,1
a,broad,abroad,broad,abroad,95,0,0,10,10,1,1
a,back,aback,back,aback,105,0,0,10,10,1,1
a,pace,apace,pace,apace,105,0,0,10,10,1,1
a,wakes,awakes,wake,awake,115,0,0,10,10,0,0
a,scribe,ascribe,scribe,ascribe,95,0,0,10,10,1,1
a,stringent,astringent,stringent,astringent,100,0,0,10,10,1,1
along,side,alongside,side,alongside,105,0,0,10,10,1,1
an,notation,annotation,notation,annotation,105,1,1,10,10,1,1
an,notate,annotate,notate,annotate,105,0,0,10,10,1,1
an,tic,antic,tic,antic,98,0,0,10,10,1,1
an,ions,anions,ion,anion,105,0,0,10,10,0,0
an,drew,andrew,drew,andrew,105,0,0,10,10,1,1
an,notating,annotating,notate,annotate,105,0,0,10,10,0,1
an,other,another,other,another,100,0,0,999999,10,1,1
an,ionic,anionic,ionic,anionic,105,0,0,10,10,1,1
an,gels,angels,gel,angel,9,0,0,10,10,0,0
an,atomic,anatomic,atomic,anatomic,61,0,0,10,10,1,1
an,tis,antis,ti,anti,36,0,0,10,10,0,0
an,notations,annotations,notation,annotation,105,0,0,10,10,0,0
an,ally,anally,ally,anal,25,0,0,10,10,1,0
an,them,anthem,them,anthem,100,0,0,999999,10,0,1
an,gel,angel,gel,angel,9,0,0,10,10,1,1
an,num,annum,num,annum,54,0,0,10,10,0,1
an,droids,androids,droid,android,95,0,0,10,10,0,0
an,droid,android,droid,android,95,0,0,10,10,0,1
an,atomize,anatomize,atomize,anatomize,97,0,0,10,10,1,1
an,tics,antics,tic,antic,98,0,0,10,10,0,0
an,aerobic,anaerobic,aerobic,anaerobic,105,0,0,10,10,1,1
ante,lopes,antelopes,lope,antelope,98,0,0,10,10,0,0
ante,chamber,antechamber,chamber,antechamber,105,0,0,10,10,1,1
ante,rooms,anterooms,rooms,anteroom,105,0,0,10,10,1,0
ante,natal,antenatal,natal,antenatal,105,0,0,10,10,1,1
ante,lope,antelope,lope,antelope,98,0,0,10,10,1,1
anti,slavery,antislavery,slavery,antislavery,96,0,0,10,10,1,0
anti,bacterial,antibacterial,bacterial,antibacterial,105,0,0,10,10,1,1
anti,oxidants,antioxidants,oxidant,antioxidant,105,0,0,10,10,0,0
anti,bodies,antibodies,bodie,antibody,23,0,0,10,10,0,0
anti,nuclear,antinuclear,nuclear,antinuclear,99,0,0,10,10,1,0
anti,heroes,antiheroes,heroe,antihero,19,0,0,10,10,0,0
anti,depressants,antidepressants,depressant,antidepressant,105,0,0,10,10,0,0
anti,protons,antiprotons,proton,antiproton,105,0,0,10,10,0,0
anti,dotes,antidotes,dote,antidote,24,0,0,10,10,0,0
anti,climax,anticlimax,climax,anticlimax,105,0,0,10,10,1,1
anti,venom,antivenom,venom,antivenom,95,0,0,10,10,1,0
anti,coagulation,anticoagulation,coagulation,anticoagulation,100,0,0,10,10,1,1
anti,thesis,antithesis,thesis,antithesis,105,0,0,10,10,1,1
anti,christs,antichrists,christ,antichrist,105,0,0,10,10,0,0
anti,colonial,anticolonial,colonial,anticolonial,99,0,0,10,10,1,0
anti,discrimination,antidiscrimination,discrimination,antidiscrimination,99,0,0,10,10,1,0
anti,psychotic,antipsychotic,psychotic,antipsychotic,105,0,0,10,10,1,1
anti,inflammatory,antiinflammatory,inflammatory,antiinflammatory,99,0,0,10,10,1,0
anti,toxin,antitoxin,toxin,antitoxin,105,0,0,10,10,1,1
anti,missile,antimissile,missile,antimissile,96,0,0,10,10,1,0
anti,climactic,anticlimactic,climactic,anticlimactic,105,0,0,10,10,1,1
anti,democratic,antidemocratic,democratic,antidemocratic,100,0,0,10,10,1,0
anti,social,antisocial,social,antisocial,105,0,0,10,10,1,1
anti,particles,antiparticles,particle,antiparticle,105,0,0,10,10,0,0
anti,racist,antiracist,racist,antiracist,98,0,0,10,10,1,0
anti,gravity,antigravity,gravity,antigravity,99,0,0,10,10,1,0
anti,gen,antigen,gen,antigen,62,0,0,10,10,1,1
anti,body,antibody,body,antibody,90,0,0,10,10,1,1
anti,microbial,antimicrobial,microbial,antimicrobial,105,0,0,10,10,1,1
anti,fouling,antifouling,foul,antifoul,100,0,0,10,10,0,0
anti,communist,anticommunist,communist,anticommunist,99,0,0,10,10,1,0
anti,fungal,antifungal,fungal,antifungal,105,0,0,10,10,1,1
anti,christ,antichrist,christ,antichrist,105,0,0,10,10,1,1
anti,trust,antitrust,trust,antitrust,71,0,0,10,10,1,1
anti,histamines,antihistamines,histamine,antihistamine,105,0,0,10,10,0,0
anti,clockwise,anticlockwise,clockwise,anticlockwise,105,0,0,10,10,1,1
anti,dote,antidote,dote,antidote,24,0,0,10,10,1,1
anti,depressant,antidepressant,depressant,antidepressant,105,0,0,10,10,1,1
anti,war,antiwar,war,antiwar,99,0,0,10,10,1,0
anti,aircraft,antiaircraft,aircraft,antiaircraft,105,0,0,10,10,1,1
anti,viral,antiviral,viral,antiviral,105,0,0,10,10,1,1
anti,government,antigovernment,government,antigovernment,100,0,0,10,10,1,0
anti,clerical,anticlerical,clerical,anticlerical,99,0,0,10,10,1,0
anti,communism,anticommunism,communism,anticommunism,98,0,0,10,10,1,0
anti,coagulant,anticoagulant,coagulant,anticoagulant,105,0,0,10,10,1,1
anti,tank,antitank,tank,antitank,105,0,0,10,10,1,1
anti,septic,antiseptic,septic,antiseptic,105,0,0,10,10,1,1
anti,freeze,antifreeze,freeze,antifreeze,105,0,0,10,10,1,1
arch,way,archway,way,archway,105,0,0,10,10,1,1
arch,diocese,archdiocese,diocese,archdiocese,105,0,0,10,10,1,1
arch,enemies,archenemies,enemie,archenemy,60,0,0,10,10,0,0
arch,ways,archways,ways,archway,93,0,0,10,10,1,0
arch,enemy,archenemy,enemy,archenemy,99,0,0,10,10,1,0
arch,bishops,archbishops,bishop,archbishop,105,0,0,10,10,0,0
arch,angels,archangels,angel,archangel,105,0,0,10,10,0,0
arch,bishop,archbishop,bishop,archbishop,105,0,0,10,10,1,1
arch,dioceses,archdioceses,diocese,archdiocese,105,0,0,10,10,0,0
arch,angel,archangel,angel,archangel,105,0,0,10,10,1,1
auto,pilots,autopilots,pilot,autopilot,105,0,0,10,10,0,0
auto,graphing,autographing,graph,autograph,40,0,0,10,10,0,0
auto,mated,automated,mated,automate,2,0,0,10,10,1,1
auto,graphed,autographed,graph,autograph,40,0,0,10,10,0,1
auto,mate,automate,mate,automate,8,0,0,10,10,1,1
auto,cross,autocross,cross,autocross,99,0,0,10,10,1,0
auto,mating,automating,mate,automate,8,0,0,10,10,1,0
auto,graphs,autographs,graph,autograph,40,0,0,10,10,0,0
auto,makers,automakers,maker,automaker,105,0,0,10,10,0,0
auto,pilot,autopilot,pilot,autopilot,105,0,0,10,10,1,1
auto,mobile,automobile,mobile,automobile,103,0,0,10,10,1,1
auto,mates,automates,mate,automate,8,0,0,10,10,1,0
auto,complete,autocomplete,complete,autocomplete,99,0,0,10,10,1,0
auto,correct,autocorrect,correct,autocorrect,98,0,0,10,10,1,0
auto,biography,autobiography,biography,autobiography,105,0,0,10,10,1,1
auto,erotic,autoerotic,erotic,autoerotic,105,0,0,10,10,1,1
auto,motive,automotive,motive,automotive,89,0,0,10,10,1,1
auto,graph,autograph,graph,autograph,40,0,0,10,10,1,1
auto,biographical,autobiographical,biographical,autobiographical,105,0,0,10,10,1,1
auto,mobiles,automobiles,mobile,automobile,103,0,0,10,10,0,0
auto,biographies,autobiographies,biography,autobiography,105,0,0,10,10,0,0
auto,immune,autoimmune,immune,autoimmune,105,0,0,10,10,1,1
auto,motives,automotives,motive,automotive,89,0,0,10,10,0,0
be,gins,begins,gin,begin,30,0,0,10,10,0,0
be,deck,bedeck,deck,bedeck,105,1,1,10,10,1,1
be,quests,bequests,quest,bequest,57,0,0,10,10,0,0
be,grudge,begrudge,grudge,begrudge,105,0,0,10,10,1,1
be,guiles,beguiles,guile,beguile,105,0,0,10,10,0,0
be,living,beliving,live,belive,100,0,0,10,10,1,0
be,avers,beavers,aver,beaver,50,0,0,10,10,0,0
be,have,behave,have,behave,100,0,0,999999,10,1,1
be,gun,begun,gun,begin,22,0,0,10,10,1,0
be,hooves,behooves,hoove,behoove,44,0,0,10,10,0,0
be,sets,besets,set,beset,101,0,0,10,10,0,0
be,aches,beaches,ache,beach,16,0,0,10,10,0,0
be,rated,berated,rate,berate,72,0,0,10,10,0,0
be,witch,bewitch,witch,bewitch,105,1,1,10,10,1,1
be,gin,begin,gin,begin,30,0,0,10,10,1,1
be,held,beheld,held,behold,38,0,0,10,10,1,0
be,little,belittle,little,belittle,96,0,0,10,10,1,1
be,getting,begetting,get,beget,100,0,0,10,10,1,0
be,set,beset,set,beset,101,0,0,10,10,1,1
be,guile,beguile,guile,beguile,105,0,0,10,10,1,1
be,heads,beheads,head,behead,100,0,0,10,10,0,0
be,hind,behind,hind,behind,105,0,0,10,10,1,1
be,labor,belabor,labor,belabor,105,0,0,10,10,1,1
be,twixt,betwixt,twixt,betwixt,95,0,0,10,10,0,1
be,wilders,bewilders,wilder,bewilder,99,0,0,10,10,0,0
be,jesus,bejesus,jesus,bejesus,99,0,0,10,10,1,0
be,lying,belying,lying,belying,85,0,0,10,10,1,0
be,laying,belaying,lay,belay,95,0,0,10,10,1,0
be,come,become,cum,become,100,0,0,10,10,1,1
be,holding,beholding,hold,behold,99,0,0,10,10,1,1
be,fitted,befitted,fit,befit,105,0,0,10,10,1,0
be,lie,belie,lie,belie,105,0,0,10,10,1,1
be,forehand,beforehand,forehand,beforehand,27,0,0,10,10,1,1
be,stowed,bestowed,stow,bestow,99,0,0,10,10,0,0
be,gets,begets,get,beget,100,0,0,10,10,0,0
be,achy,beachy,achy,beachy,24,0,0,10,10,1,0
be,troth,betroth,troth,betroth,105,0,0,10,10,1,1
be,stride,bestride,stride,bestride,105,0,0,10,10,1,1
be,fall,befall,fall,befall,105,0,0,10,10,1,1
be,ads,beads,ad,beads,2,0,0,10,10,0,1
be,littles,belittles,little,belittle,96,0,0,10,10,0,0
be,sought,besought,sought,beseek,95,0,0,10,10,1,0
be,fallen,befallen,fallen,befall,88,0,0,10,10,1,0
be,head,behead,head,behead,100,0,0,10,10,1,1
be,dazzled,bedazzled,dazzle,bedazzle,105,0,0,10,10,1,0
be,hinds,behinds,hind,behind,105,0,0,10,10,0,0
be,haves,behaves,have,behave,100,0,0,10,10,0,0
be,witched,bewitched,witch,bewitch,105,0,0,10,10,0,1
be,headings,beheadings,heading,beheading,22,0,0,10,10,0,0
be,holden,beholden,holden,beholden,21,0,0,10,10,0,1
bi,laterally,bilaterally,lateral,bilateral,105,0,0,10,10,1,1
bi,ology,biology,ology,biology,100,0,0,10,10,1,1
bi,ding,biding,ding,bide,49,0,0,10,10,1,0
bi,shops,bishops,shop,bishop,32,0,0,10,10,0,0
bi,ologies,biologies,ology,biology,100,0,0,10,10,0,0
bi,cultural,bicultural,cultural,bicultural,100,0,0,10,10,1,0
bi,sexual,bisexual,sexual,bisexual,105,0,0,10,10,1,1
bi,cycled,bicycled,cycle,bicycle,111,0,0,10,10,0,0
bi,centenary,bicentenary,centenary,bicentenary,105,0,0,10,10,1,1
bi,partisan,bipartisan,partisan,bipartisan,100,0,0,10,10,1,1
bi,pedal,bipedal,pedal,bipedal,105,0,0,10,10,1,1
bi,sect,bisect,sect,bisect,59,0,0,10,10,1,1
bi,gamy,bigamy,gamy,bigamy,97,0,0,10,10,1,1
bi,annual,biannual,annual,biannual,105,0,0,10,10,1,1
bi,weekly,biweekly,week,biweekly,105,0,0,10,10,1,1
bi,lateral,bilateral,lateral,bilateral,105,0,0,10,10,1,1
bi,planes,biplanes,plane,biplane,105,0,0,10,10,0,0
bi,monthly,bimonthly,month,bimonthly,105,0,0,10,10,1,1
bi,plane,biplane,plane,biplane,105,0,0,10,10,1,1
bi,centennial,bicentennial,centennial,bicentennial,105,0,0,10,10,1,1
bi,son,bison,son,bison,1,0,0,10,10,1,1
bi,polar,bipolar,polar,bipolar,105,0,0,10,10,1,1
bi,furcate,bifurcate,furcate,bifurcate,105,0,0,10,10,1,1
bi,got,bigot,got,bigot,20,0,0,10,10,0,1
bi,nary,binary,nary,binary,51,0,0,10,10,1,1
bi,carbonate,bicarbonate,carbonate,bicarbonate,105,0,0,10,10,1,1
bi,sects,bisects,sect,bisect,59,0,0,10,10,0,0
bi,des,bides,des,bide,21,0,0,10,10,1,0
bi,sexuality,bisexuality,sexuality,bisexuality,105,0,0,10,10,1,1
bi,king,biking,king,bike,22,0,0,10,10,1,0
bi,cycles,bicycles,cycle,bicycle,111,0,0,10,10,0,0
bi,shop,bishop,shop,bishop,32,0,0,10,10,1,1
bi,valves,bivalves,valve,bivalve,105,0,0,10,10,0,0
bi,cycling,bicycling,cycle,bicycle,111,0,0,10,10,1,1
bi,racial,biracial,racial,biracial,105,0,0,10,10,1,1
bi,cycle,bicycle,cycle,bicycle,111,2,1,10,10,1,1
bi,lingual,bilingual,lingual,bilingual,105,0,0,10,10,1,1
co,operated,cooperated,operate,cooperate,105,0,0,10,10,0,0
co,red,cored,red,core,89,0,0,10,10,1,0
co,king,coking,king,coke,57,0,0,10,10,1,0
co,ordinating,coordinating,ordinate,coordinate,105,0,0,10,10,0,1
co,authors,coauthors,author,coauthor,105,0,0,10,10,0,0
co,dependent,codependent,dependent,codependent,99,0,0,10,10,1,0
co,operation,cooperation,operation,cooperation,105,0,0,10,10,1,1
co,piers,copiers,pier,copier,7,0,0,10,10,0,0
co,ates,coates,ate,coate,55,0,0,10,10,0,0
co,efficient,coefficient,efficient,coefficient,85,0,0,10,10,1,1
co,located,colocated,locate,colocated,49,0,0,10,10,1,0
co,variances,covariances,variance,covariance,105,0,0,10,10,0,0
co,sponsors,cosponsors,sponsor,cosponsor,105,0,0,10,10,0,0
co,opted,coopted,opt,coopted,50,0,0,10,10,0,0
co,authoring,coauthoring,author,coauthor,105,0,0,10,10,0,0
co,ordination,coordination,ordination,coordination,99,0,0,10,10,1,1
co,operative,cooperative,operative,cooperative,104,0,0,10,10,1,1
co,mets,comets,met,comet,11,0,0,10,10,0,0
co,axing,coaxing,ax,coax,13,0,0,10,10,0,1
co,habitation,cohabitation,habitation,cohabitation,103,0,0,10,10,1,1
co,ward,coward,ward,coward,30,0,0,10,10,1,1
co,stars,costars,star,costar,99,0,0,10,10,0,0
co,worker,coworker,worker,coworker,99,0,0,10,10,1,0
co,operatives,cooperatives,operative,cooperative,104,0,0,10,10,0,0
co,aching,coaching,ache,coach,17,0,0,10,10,1,1
co,signed,cosigned,sign,cosign,105,0,0,10,10,1,0
co,vent,covent,vent,covent,18,0,0,10,10,1,0
co,lander,colander,lander,colander,5,0,0,10,10,1,1
co,ops,coops,ops,coop,93,0,0,10,10,1,0
co,ups,coups,up,coup,100,0,0,10,10,0,0
co,medians,comedians,median,comedian,17,0,0,10,10,0,0
co,authored,coauthored,author,coauthor,105,0,0,10,10,0,0
co,existed,coexisted,exist,coexist,105,0,0,10,10,0,0
co,meth,cometh,meth,cometh,7,0,0,10,10,1,0
co,incidences,coincidences,incidence,coincidence,105,0,0,10,10,0,0
co,unties,counties,untie,county,10,0,0,10,10,0,0
co,hosted,cohosted,host,cohost,99,0,0,10,10,0,0
co,ordinates,coordinates,ordinate,coordinate,105,0,0,10,10,0,0
co,vert,covert,vert,covert,61,0,0,10,10,0,1
co,vets,covets,vet,covet,8,0,0,10,10,0,0
co,arse,coarse,arse,coarse,75,0,0,10,10,1,1
co,aster,coaster,aster,coaster,32,0,0,10,10,1,1
co,ding,coding,ding,code,44,0,0,10,10,1,1
co,sponsor,cosponsor,sponsor,cosponsor,105,0,0,10,10,1,1
co,habit,cohabit,habit,cohabit,44,0,0,10,10,1,1
co,pilot,copilot,pilot,copilot,105,0,0,10,10,1,1
co,mics,comics,mic,comic,35,0,0,10,10,0,0
co,aches,coaches,ache,coach,17,0,0,10,10,0,0
co,starred,costarred,star,costar,99,0,0,10,10,1,0
co,existence,coexistence,existence,coexistence,105,0,0,10,10,1,1
com,pounding,compounding,pound,compound,66,0,0,10,10,1,1
com,piles,compiles,piles,compile,93,0,0,10,10,1,0
com,promised,compromised,promise,compromise,105,0,0,10,10,0,0
com,piling,compiling,pile,compile,105,0,0,10,10,1,1
com,bust,combust,bust,combust,60,0,0,10,10,1,1
com,mutes,commutes,mute,commute,25,0,0,10,10,0,0
com,passion,compassion,passion,compassion,105,0,0,10,10,1,1
com,bat,combat,bat,combat,68,0,0,10,10,1,1
com,promise,compromise,promise,compromise,105,0,0,10,10,1,1
com,ported,comported,port,comport,92,0,0,10,10,0,0
com,mending,commending,mend,commend,38,0,0,10,10,1,0
com,paring,comparing,pare,compare,69,0,0,10,10,1,1
com,padres,compadres,padre,compadres,91,0,0,10,10,0,0
com,posing,composing,pose,compose,98,0,0,10,10,1,1
com,busts,combusts,bust,combust,60,0,0,10,10,0,0
com,fort,comfort,fort,comfort,74,0,0,10,10,1,1
com,mas,commas,ma,comma,9,0,0,10,10,0,0
com,plicate,complicate,plicate,complicate,43,0,0,10,10,1,1
com,positional,compositional,positional,compositional,100,0,0,10,10,1,1
com,post,compost,post,compost,41,0,0,10,10,1,1
com,pared,compared,pare,compare,69,0,0,10,10,0,0
com,pose,compose,pose,compose,98,0,0,10,10,1,1
com,pile,compile,pile,compile,105,0,0,10,10,1,1
com,porting,comporting,port,comport,92,0,0,10,10,0,0
com,posers,composers,poser,composer,78,0,0,10,10,0,0
com,positing,compositing,posit,composite,55,0,0,10,10,0,0
com,passes,compasses,passe,compass,25,0,0,10,10,0,0
com,mutations,commutations,mutation,commutation,99,0,0,10,10,0,0
com,passionate,compassionate,passionate,compassionate,105,0,0,10,10,1,1
com,petitions,competitions,petition,competition,72,0,0,10,10,0,0
com,mingled,commingled,mingle,commingle,105,0,0,10,10,0,0
com,mingling,commingling,mingle,commingle,105,0,0,10,10,1,0
com,plied,complied,ply,comply,71,0,0,10,10,0,0
com,pound,compound,pound,compound,66,0,0,10,10,1,1
com,press,compress,press,compress,105,1,1,10,10,1,1
com,posed,composed,pose,compose,98,0,0,10,10,1,1
com,promising,compromising,promise,compromise,105,0,0,10,10,1,1
com,posting,composting,post,compost,41,0,0,10,10,1,0
com,posted,composted,post,compost,41,0,0,10,10,1,0
com,passed,compassed,passe,compass,25,0,0,10,10,0,0
com,busting,combusting,bust,combust,60,0,0,10,10,0,0
com,posited,composited,posit,composite,55,0,0,10,10,0,0
com,missions,commissions,mission,commission,105,0,0,10,10,0,0
com,posts,composts,post,compost,41,0,0,10,10,0,0
com,busted,combusted,bust,combust,60,0,0,10,10,1,0
com,bats,combats,bats,combat,50,0,0,10,10,1,0
com,pliant,compliant,pliant,compliant,105,0,0,10,10,1,1
com,passionately,compassionately,passionate,compassionate,105,0,0,10,10,1,1
com,ment,comment,ming,comment,35,0,0,10,10,0,1
com,position,composition,position,composition,102,0,0,10,10,1,1
con,tin,contin,tin,contin,93,0,0,10,10,1,0
con,fining,confining,fine,confine,88,0,0,10,10,0,1
con,tents,contents,tent,content,51,0,0,10,10,0,1
con,sequential,consequential,sequential,consequential,99,0,0,10,10,1,1
con,tours,contours,tours,contour,59,0,0,10,10,1,0
con,figured,configured,figure,configure,82,0,0,10,10,1,1
con,federation,confederation,federation,confederation,105,1,1,10,10,1,1
con,denser,condenser,dense,condenser,61,0,0,10,10,0,1
con,strict,constrict,strict,constrict,105,0,0,10,10,1,1
con,script,conscript,script,conscript,38,0,0,10,10,1,1
con,federate,confederate,federate,confederate,105,0,0,10,10,1,1
con,fusing,confusing,fuse,confuse,92,0,0,10,10,0,1
con,tactless,contactless,tactless,contactless,88,0,0,10,98,1,0
con,soled,consoled,sole,console,91,0,0,10,10,1,0
con,text,context,text,context,115,0,0,10,10,1,1
con,temporary,contemporary,temporary,contemporary,90,0,0,10,10,1,1
con,trolled,controlled,troll,control,35,0,0,10,10,0,1
con,tender,contender,tender,contender,77,0,0,10,10,1,1
con,verging,converging,verge,converge,105,0,0,10,10,0,1
con,sort,consort,sort,consort,50,0,0,10,10,1,1
con,verses,converses,verse,converse,41,0,0,10,10,0,0
con,traction,contraction,traction,contraction,96,0,0,10,10,1,1
con,templating,contemplating,template,contemplate,89,0,0,10,10,0,0
con,ciliate,conciliate,ciliate,conciliate,7,0,0,10,10,1,1
con,sensual,consensual,sensual,consensual,99,0,0,10,10,1,1
con,descend,condescend,descend,condescend,105,1,1,10,10,1,1
con,duct,conduct,duct,conduct,63,0,0,10,10,1,1
con,tended,contended,tend,contend,92,0,0,10,10,0,0
con,sorted,consorted,sort,consort,50,0,0,10,10,1,0
con,fuses,confuses,fuse,confuse,92,0,0,10,10,0,0
con,founding,confounding,found,confound,47,0,0,10,10,1,1
con,templates,contemplates,template,contemplate,89,0,0,10,10,0,0
con,sign,consign,sign,consign,105,0,0,10,10,1,1
con,serves,conserves,serve,conserve,104,0,0,10,10,0,1
con,man,conman,man,conman,13,0,0,10,10,1,0
con,verge,converge,verge,converge,105,0,0,10,10,1,1
con,strained,constrained,strain,constrain,105,1,1,10,10,1,1
con,signs,consigns,sign,consign,105,0,0,10,10,0,0
con,sorting,consorting,sort,consort,50,0,0,10,10,1,0
con,tribute,contribute,tribute,contribute,105,0,0,10,10,1,1
con,quests,conquests,quest,conquest,115,0,0,10,10,0,0
con,fusions,confusions,fusion,confusion,88,0,0,10,10,0,0
con,figure,configure,figure,configure,82,0,0,10,10,1,1
con,cur,concur,cur,concur,9,0,0,10,10,1,1
con,stable,constable,stable,constable,38,0,0,10,10,1,1
con,templated,contemplated,template,contemplate,89,0,0,10,10,0,0
con,cedes,concedes,cede,concede,105,0,0,10,10,0,0
con,tends,contends,tend,contend,92,0,0,10,10,0,0
con,joined,conjoined,join,conjoin,105,0,0,10,10,1,1
con,cave,concave,cave,concave,86,0,0,10,10,1,1
contra,band,contraband,band,contraband,38,0,0,10,10,1,1
contra,sts,contrasts,st,contrast,33,0,0,10,10,0,0
contra,sting,contrasting,sting,contrast,58,0,0,10,10,1,1
contra,ire,contraire,ire,contraire,48,0,0,10,10,1,0
contra,indicated,contraindicated,indicate,contraindicate,100,0,0,10,10,0,0
contra,sted,contrasted,st,contrast,33,0,0,10,10,0,0
contra,diction,contradiction,diction,contradiction,99,0,0,10,10,1,1
contra,indications,contraindications,indication,contraindication,105,0,0,10,10,0,0
de,gassing,degassing,gas,degas,105,0,0,10,10,1,0
de,merits,demerits,merit,demerit,105,0,0,10,10,0,0
de,contextualized,decontextualized,contextualized,decontextualize,98,0,0,10,10,0,0
de,vote,devote,vote,devote,68,0,0,10,10,1,1
de,personalized,depersonalized,personalize,depersonalize,105,0,0,10,10,1,0
de,clawed,declawed,claw,declaw,105,0,0,10,10,1,0
de,filed,defiled,file,defile,36,0,0,10,10,0,1
de,base,debase,base,debase,105,0,0,10,10,1,1
de,compensated,decompensated,compensate,decompensate,100,0,0,10,10,1,0
de,generation,degeneration,generation,degeneration,100,0,0,10,10,1,1
de,mobilizing,demobilizing,mobilize,demobilize,105,0,0,10,10,0,0
de,moralized,demoralized,moralize,demoralize,105,0,0,10,10,0,1
de,contamination,decontamination,contamination,decontamination,105,0,0,10,10,1,1
de,toured,detoured,tour,detour,105,0,0,10,10,0,0
de,limits,delimits,limit,delimit,105,0,0,10,10,0,0
de,luge,deluge,luge,deluge,25,0,0,10,10,1,1
de,construct,deconstruct,construct,deconstruct,105,0,0,10,10,1,1
de,flowered,deflowered,flower,deflower,94,0,0,10,10,1,0
de,activates,deactivates,activate,deactivate,105,0,0,10,10,0,0
de,forestation,deforestation,forestation,deforestation,98,0,0,10,10,0,1
de,train,detrain,train,detrain,105,0,0,10,10,1,1
de,forested,deforested,forest,deforest,105,0,0,10,10,1,0
de,selection,deselection,selection,deselection,99,0,0,10,10,1,0
de,compositions,decompositions,composition,decomposition,105,0,0,10,10,0,0
de,program,deprogram,program,deprogram,99,0,0,10,10,1,0
de,coy,decoy,coy,decoy,102,0,0,10,10,1,1
de,generated,degenerated,generate,degenerate,97,0,0,10,10,0,0
de,basement,debasement,basement,debasement,91,0,0,10,10,1,1
de,faces,defaces,face,deface,105,0,0,10,10,0,0
de,parting,departing,part,depart,55,0,0,10,10,1,0
de,but,debut,but,debut,100,0,0,999999,10,1,1
de,moralizing,demoralizing,moralize,demoralize,105,0,0,10,10,1,1
de,mystifies,demystifies,mystify,demystify,105,0,0,10,10,0,0
de,programmed,deprogrammed,programme,deprogramme,99,0,0,10,10,0,0
de,registered,deregistered,register,deregister,100,0,0,10,10,1,0
de,contaminating,decontaminating,contaminate,decontaminate,105,0,0,10,10,1,0
de,noting,denoting,note,denote,105,0,0,10,10,0,0
de,bating,debating,bate,debate,99,0,0,10,10,0,0
de,motivated,demotivated,motivate,demotivate,99,0,0,10,10,1,0
de,centralize,decentralize,centralize,decentralize,105,0,0,10,10,1,1
de,sensitized,desensitized,sensitize,desensitize,105,0,0,10,10,1,0
de,nominate,denominate,nominate,denominate,105,0,0,10,10,1,1
de,composed,decomposed,compose,decompose,105,0,0,10,10,1,0
de,canters,decanters,canter,decanter,10,0,0,10,10,0,0
de,filing,defiling,file,defile,36,0,0,10,10,1,0
de,stabilize,destabilize,stabilize,destabilize,105,0,0,10,10,1,1
de,activation,deactivation,activation,deactivation,105,0,0,10,10,1,1
de,magnetized,demagnetized,magnetize,demagnetize,105,0,0,10,10,1,0
de,fusing,defusing,fuse,defuse,105,0,0,10,10,0,1
de,files,defiles,file,defile,36,0,0,10,10,0,0
dis,mounts,dismounts,mount,dismount,105,0,0,10,10,0,0
dis,content,discontent,content,discontent,100,0,0,10,10,1,1
dis,location,dislocation,location,dislocation,105,0,0,10,10,1,1
dis,inhibition,disinhibition,inhibition,disinhibition,100,0,0,10,10,1,0
dis,orderly,disorderly,order,disorder,115,0,0,10,10,1,1
dis,integrates,disintegrates,integrate,disintegrate,105,0,0,10,10,0,0
dis,figures,disfigures,figure,disfigure,91,0,0,10,10,0,0
dis,assemble,disassemble,assemble,disassemble,105,0,0,10,10,1,1
dis,guise,disguise,guise,disguise,105,0,0,10,10,1,1
dis,guises,disguises,guise,disguise,105,0,0,10,10,0,0
dis,robed,disrobed,robed,disrobe,105,0,0,10,10,1,0
dis,arming,disarming,arm,disarm,105,0,0,10,10,1,1
dis,comfort,discomfort,comfort,discomfort,105,0,0,10,10,1,1
dis,ordering,disordering,order,disorder,115,0,0,10,10,1,0
dis,junctions,disjunctions,junction,disjunction,105,0,0,10,10,0,0
dis,pleasing,displeasing,please,displease,104,0,0,10,10,1,1
dis,allow,disallow,allow,disallow,115,0,0,10,10,1,1
dis,regarded,disregarded,regarde,disregard,47,0,0,10,10,0,1
dis,locates,dislocates,locate,dislocate,97,0,0,10,10,0,0
dis,barred,disbarred,bar,disbar,105,0,0,10,10,1,0
dis,joint,disjoint,joint,disjoint,105,0,0,10,10,1,1
dis,position,disposition,position,disposition,105,0,0,10,10,1,1
dis,passionately,dispassionately,passionate,dispassionate,105,0,0,10,10,1,1
dis,believe,disbelieve,believe,disbelieve,115,0,0,10,10,1,1
dis,patch,dispatch,patch,dispatch,93,0,0,10,10,1,1
dis,entangles,disentangles,entangle,disentangle,105,0,0,10,10,0,0
dis,comforts,discomforts,comforts,discomfort,105,0,0,10,10,1,0
dis,membered,dismembered,membered,dismember,98,0,0,10,10,1,0
dis,missal,dismissal,missal,dismissal,28,0,0,10,10,1,1
dis,placer,displacer,placer,displace,91,0,0,10,10,1,0
dis,illusions,disillusions,illusion,disillusion,105,0,0,10,10,0,0
dis,traction,distraction,traction,distraction,104,0,0,10,10,1,1
dis,enfranchise,disenfranchise,enfranchise,disenfranchise,105,0,0,10,10,1,1
dis,close,disclose,close,disclose,98,0,0,10,10,1,1
dis,satisfied,dissatisfied,satisfy,dissatisfy,105,0,0,10,10,1,1
dis,appearing,disappearing,appear,disappear,115,0,0,10,10,1,1
dis,proving,disproving,prove,disprove,115,0,0,10,10,0,0
dis,able,disable,able,disable,105,0,0,10,10,1,1
dis,poses,disposes,pose,dispose,98,0,0,10,10,0,0
dis,obeying,disobeying,obey,disobey,100,0,0,10,10,0,0
dis,cussing,discussing,cuss,discuss,60,0,0,10,10,0,0
dis,grace,disgrace,grace,disgrace,100,0,0,10,10,1,1
dis,proves,disproves,prove,disprove,115,0,0,10,10,0,0
dis,counted,discounted,count,discount,88,0,0,10,10,0,0
dis,armed,disarmed,arm,disarm,105,0,0,10,10,1,0
dis,interred,disinterred,inter,disinter,105,0,0,10,10,1,0
dis,positional,dispositional,positional,dispositional,97,0,0,10,10,1,0
dis,temper,distemper,temper,distemper,105,0,0,10,10,1,1
dis,missing,dismissing,miss,dismiss,99,0,0,10,10,1,0
dis,inclined,disinclined,incline,disincline,98,0,0,10,10,1,1
disen,franchised,disenfranchised,franchise,disenfranchise,105,0,0,10,10,0,1
disen,franchise,disenfranchise,franchise,disenfranchise,105,0,0,10,10,1,1
disen,tangles,disentangles,tangle,disentangle,105,0,0,10,10,0,0
disen,tangle,disentangle,tangle,disentangle,105,0,0,10,10,1,1
disen,tangling,disentangling,tangle,disentangle,105,0,0,10,10,0,0
disen,chant,disenchant,chant,disenchant,38,0,0,10,10,1,1
disen,chanted,disenchanted,chant,disenchant,38,0,0,10,10,1,1
disen,franchising,disenfranchising,franchise,disenfranchise,105,0,0,10,10,0,0
disen,tangled,disentangled,tangle,disentangle,105,0,0,10,10,1,1
down,pour,downpour,pour,downpour,105,0,0,10,10,1,1
down,stream,downstream,stream,downstream,115,0,0,10,10,1,1
down,link,downlink,link,downlink,99,0,0,10,10,1,0
down,state,downstate,state,downstate,100,0,0,10,10,1,0
down,scaling,downscaling,scale,downscale,105,0,0,10,10,1,0
down,field,downfield,field,downfield,105,0,0,10,10,1,1
down,turned,downturned,turn,downturn,96,0,0,10,10,1,0
down,ward,downward,ward,downward,38,0,0,10,10,1,1
down,shifting,downshifting,shift,downshift,105,0,0,10,10,1,0
down,votes,downvotes,vote,downvote,99,0,0,10,10,0,0
down,hill,downhill,hill,downhill,105,0,0,10,10,1,1
down,playing,downplaying,play,downplay,100,0,0,10,10,1,0
down,played,downplayed,play,downplay,100,0,0,10,10,1,0
down,cast,downcast,cast,downcast,96,0,0,10,10,1,1
down,grading,downgrading,grade,downgrade,105,0,0,10,10,1,0
down,wind,downwind,wind,downwind,105,0,0,10,10,1,1
down,time,downtime,time,downtime,105,0,0,10,10,1,1
down,wards,downwards,ward,downward,38,0,0,10,10,0,1
down,linked,downlinked,link,downlink,99,0,0,10,10,1,0
down,hearted,downhearted,heart,downhearted,100,0,0,10,10,0,1
down,right,downright,right,downright,105,0,0,10,10,1,1
down,load,download,load,download,100,0,0,10,10,1,1
down,sized,downsized,size,downsize,105,0,0,10,10,1,0
down,gradings,downgradings,grading,downgrading,26,0,0,10,10,0,0
down,fall,downfall,fall,downfall,105,1,1,10,10,1,1
down,river,downriver,river,downriver,105,0,0,10,10,1,1
down,loading,downloading,load,download,100,0,0,10,10,1,0
down,loaded,downloaded,load,download,100,0,0,10,10,1,0
down,sides,downsides,side,downside,105,0,0,10,10,0,0
down,play,downplay,play,downplay,100,0,0,10,10,1,1
down,stage,downstage,stage,downstage,105,0,0,10,10,1,1
down,swing,downswing,swing,downswing,105,0,0,10,10,1,1
down,turns,downturns,turn,downturn,96,0,0,10,10,0,0
down,side,downside,side,downside,105,0,0,10,10,1,1
down,pours,downpours,pour,downpour,105,0,0,10,10,0,0
down,range,downrange,range,downrange,100,0,0,10,10,1,0
down,town,downtown,town,downtown,115,0,0,10,10,1,1
down,turn,downturn,turn,downturn,96,0,0,10,10,1,1
down,graded,downgraded,grade,downgrade,105,0,0,10,10,1,0
down,falls,downfalls,falls,downfall,105,0,0,10,10,1,0
down,trodden,downtrodden,tread,downtrodden,56,0,0,10,10,0,1
down,links,downlinks,links,downlink,83,0,0,10,10,1,0
down,beat,downbeat,beat,downbeat,105,0,0,10,10,1,1
down,trend,downtrend,trend,downtrend,98,0,0,10,10,1,0
down,size,downsize,size,downsize,105,0,0,10,10,1,1
down,grades,downgrades,grade,downgrade,105,0,0,10,10,0,0
down,times,downtimes,times,downtime,105,0,0,10,10,1,0
down,scaled,downscaled,scale,downscale,105,0,0,10,10,1,0
down,loads,downloads,loads,download,57,0,0,10,10,1,0
down,beats,downbeats,beats,downbeat,105,0,0,10,10,1,0
east,ward,eastward,ward,eastward,88,0,0,10,10,1,1
east,bound,eastbound,bound,eastbound,105,0,0,10,10,1,1
east,wood,eastwood,wood,eastwood,64,0,0,10,10,1,0
en,rich,enrich,rich,enrich,105,0,0,10,10,1,1
en,circling,encircling,circle,encircle,105,0,0,10,10,0,1
en,trailing,entrailing,trail,entrail,99,0,0,10,99,1,0
en,trapping,entrapping,trap,entrap,105,0,0,10,10,1,0
en,sued,ensued,sue,ensue,67,0,0,10,10,0,0
en,chants,enchants,chant,enchant,99,0,0,10,10,0,0
en,acts,enacts,acts,enact,99,0,0,10,10,1,0
en,crypt,encrypt,crypt,encrypt,97,0,0,10,10,1,1
en,slaved,enslaved,slave,enslave,115,0,0,10,10,0,0
en,camped,encamped,camp,encamp,105,0,0,10,10,0,0
en,dives,endives,dive,endive,7,0,0,10,10,0,0
en,tangles,entangles,tangle,entangle,105,0,0,10,10,0,0
en,during,enduring,dure,endure,99,0,0,999999,10,0,1
en,code,encode,code,encode,105,0,0,10,10,1,1
en,treated,entreated,treat,entreat,96,0,0,10,10,1,0
en,souled,ensouled,soul,ensouled,67,0,0,10,10,0,0
en,list,enlist,list,enlist,98,0,0,10,10,1,1
en,noble,ennoble,noble,ennoble,105,0,0,10,10,1,1
en,treats,entreats,treat,entreat,96,0,0,10,10,0,0
en,vision,envision,vision,envision,105,0,0,10,10,1,1
en,trapped,entrapped,trap,entrap,105,0,0,10,10,1,0
en,viable,enviable,viable,enviable,97,0,0,10,10,1,1
en,trap,entrap,trap,entrap,105,1,1,10,10,1,1
en,field,enfield,field,enfield,39,0,0,10,10,1,0
en,trusted,entrusted,trust,entrust,105,0,0,10,10,1,0
en,meshed,enmeshed,mesh,enmesh,105,0,0,10,10,1,1
en,franchise,enfranchise,franchise,enfranchise,105,0,0,10,10,1,1
en,durable,endurable,durable,endurable,105,0,0,10,10,1,1
en,listed,enlisted,list,enlist,98,0,0,10,10,1,0
en,counters,encounters,counter,encounter,71,0,0,10,10,0,0
en,crusting,encrusting,crust,encrust,105,0,0,10,10,0,0
en,close,enclose,close,enclose,105,0,0,10,10,1,1
en,slaves,enslaves,slave,enslave,115,0,0,10,10,0,0
en,titled,entitled,title,entitle,105,0,0,10,10,1,1
en,visages,envisages,visage,envisage,105,0,0,10,10,0,0
en,livening,enlivening,liven,enliven,105,0,0,10,10,0,1
en,graver,engraver,graver,engraver,105,0,0,10,10,1,1
en,tire,entire,tire,entire,66,0,0,10,10,1,1
en,closing,enclosing,close,enclose,105,0,0,10,10,1,1
en,coded,encoded,code,encode,105,0,0,10,10,0,0
en,feeble,enfeeble,feeble,enfeeble,105,0,0,10,10,1,1
en,dear,endear,dear,endear,105,0,0,10,10,1,1
en,codings,encodings,coding,encoding,12,0,0,10,10,0,0
en,gulf,engulf,gulf,engulf,92,0,0,10,10,1,1
en,gram,engram,gram,engram,52,0,0,10,10,1,1
en,coder,encoder,coder,encode,105,0,0,10,10,1,0
en,train,entrain,train,entrain,105,0,0,10,10,1,1
en,titles,entitles,title,entitle,105,0,0,10,10,0,0
en,compass,encompass,compass,encompass,103,0,0,10,10,1,1
en,cores,encores,core,encore,86,0,0,10,10,0,0
endo,dermal,endodermal,dermal,endodermal,95,0,0,10,10,1,0
endo,tracheal,endotracheal,tracheal,endotracheal,99,0,0,10,10,1,0
endo,scopes,endoscopes,scopes,endoscope,95,0,0,10,10,1,0
endo,scope,endoscope,scope,endoscope,105,0,0,10,10,1,1
endo,wing,endowing,wing,endow,59,0,0,10,10,1,0
endo,wed,endowed,wed,endow,58,0,0,10,10,1,1
ex,acts,exacts,acts,exact,43,0,0,10,10,1,0
ex,poses,exposes,pose,expose,105,0,0,10,10,0,0
ex,change,exchange,change,exchange,115,2,1,10,10,1,1
ex,citations,excitations,citation,excitation,68,0,0,10,10,0,0
ex,tract,extract,tract,extract,74,0,0,10,10,1,1
ex,cruciate,excruciate,cruciate,excruciate,100,0,0,10,10,1,1
ex,tolling,extolling,toll,extoll,49,0,0,10,10,0,0
ex,temporize,extemporize,temporize,extemporize,98,0,0,10,10,1,1
ex,tractor,extractor,tractor,extractor,105,0,0,10,10,1,1
ex,ample,example,ample,example,24,0,0,10,10,1,1
ex,filtration,exfiltration,filtration,exfiltration,97,0,0,10,10,1,0
ex,traditions,extraditions,tradition,extradition,25,0,0,10,10,0,0
ex,hales,exhales,hale,exhale,55,0,0,10,10,0,0
ex,tradition,extradition,tradition,extradition,25,0,0,10,10,1,1
ex,changeable,exchangeable,changeable,exchangeable,105,0,0,10,10,1,1
ex,ports,exports,port,export,100,0,0,10,10,0,0
ex,cites,excites,cite,excite,43,0,0,10,10,0,0
ex,tender,extender,tender,extend,85,0,0,10,10,1,0
ex,tensions,extensions,tension,extension,76,0,0,10,10,0,0
ex,tent,extent,tent,extent,65,0,0,10,10,1,1
ex,hale,exhale,hale,exhale,55,0,0,10,10,1,1
ex,claimed,exclaimed,claim,exclaim,101,0,0,10,10,0,0
ex,tort,extort,tort,extort,100,0,0,10,10,1,1
ex,cited,excited,cite,excite,43,0,0,10,10,0,1
ex,tended,extended,tend,extend,96,0,0,10,10,0,1
ex,termination,extermination,termination,extermination,105,0,0,10,10,1,1
ex,communicated,excommunicated,communicate,excommunicate,96,0,0,10,10,0,0
ex,cesses,excesses,cess,excess,59,0,0,10,10,0,0
ex,pound,expound,pound,expound,44,0,0,10,10,1,1
ex,communications,excommunications,communications,excommunication,32,0,0,10,10,1,0
ex,pats,expats,pat,expat,6,0,0,10,10,0,0
ex,acted,exacted,act,exact,60,0,0,10,10,0,0
ex,tents,extents,tent,extent,65,0,0,10,10,0,0
ex,changing,exchanging,change,exchange,115,0,0,10,10,1,0
ex,plains,explains,plain,explain,105,0,0,10,10,0,0
ex,terminators,exterminators,terminator,exterminator,105,0,0,10,10,0,0
ex,tractors,extractors,tractor,extractor,105,0,0,10,10,0,0
ex,cite,excite,cite,excite,43,0,0,10,10,1,1
ex,presses,expresses,press,express,102,0,0,10,10,0,0
ex,act,exact,act,exact,60,0,0,10,10,1,1
ex,tensors,extensors,tensor,extensor,105,0,0,10,10,0,0
ex,port,export,port,export,100,0,0,10,10,1,1
ex,actions,exactions,action,exaction,105,0,0,10,10,0,0
ex,position,exposition,position,exposition,63,0,0,10,10,1,1
ex,pander,expander,pander,expand,74,0,0,10,10,1,0
ex,postulate,expostulate,postulate,expostulate,105,0,0,10,10,1,1
ex,porting,exporting,port,export,100,0,0,10,10,0,1
ex,changed,exchanged,change,exchange,115,0,0,10,10,1,1
ex,pounds,expounds,pound,expound,44,0,0,10,10,0,0
ex,acting,exacting,act,exact,60,0,0,10,10,1,1
exo,skeleton,exoskeleton,skeleton,exoskeleton,105,0,0,10,10,1,1
exo,planet,exoplanet,planet,exoplanet,99,0,0,10,98,1,0
exo,tic,exotic,tic,exotic,20,0,0,10,10,1,1
exo,tics,exotics,tic,exotic,20,0,0,10,10,0,0
exo,planets,exoplanets,planet,exoplanets,99,0,0,10,98,0,0
exo,skeletons,exoskeletons,skeleton,exoskeleton,105,0,0,10,10,0,0
extra,ordinary,extraordinary,ordinary,extraordinary,105,0,0,10,10,1,1
extra,territoriality,extraterritoriality,territoriality,extraterritoriality,97,0,0,10,10,1,0
extra,ordinarily,extraordinarily,ordinary,extraordinary,105,0,0,10,10,1,1
extra,terrestrial,extraterrestrial,terrestrial,extraterrestrial,105,0,0,10,10,1,1
extra,marital,extramarital,marital,extramarital,105,0,0,10,10,1,1
extra,sensory,extrasensory,sensory,extrasensory,105,0,0,10,10,1,1
extra,vehicular,extravehicular,vehicular,extravehicular,99,0,0,10,10,1,0
extra,terrestrials,extraterrestrials,terrestrial,extraterrestrial,105,0,0,10,10,0,0
extra,curricular,extracurricular,curricular,extracurricular,105,0,0,10,10,1,1
hetero,sexual,heterosexual,sexual,heterosexual,105,0,0,10,10,1,1
hetero,sexuality,heterosexuality,sexuality,heterosexuality,105,0,0,10,10,1,1
hetero,dimer,heterodimer,dimer,heterodimer,95,0,0,10,10,1,0
hetero,normative,heteronormative,normative,heteronormative,99,0,0,10,10,1,0
hetero,cyclic,heterocyclic,cyclic,heterocyclic,105,0,0,10,10,1,1
homeo,stasis,homeostasis,stasis,homeostasis,105,0,0,10,10,1,1
homo,sexual,homosexual,sexual,homosexual,105,0,0,10,10,1,1
homo,phobia,homophobia,phobia,homophobia,105,0,0,10,10,1,1
homo,sexuality,homosexuality,sexuality,homosexuality,105,0,0,10,10,1,1
homo,erotic,homoerotic,erotic,homoerotic,105,0,0,10,10,1,1
homo,phobic,homophobic,phobic,homophobic,100,0,0,10,10,1,1
homo,zygotes,homozygotes,zygote,homozygote,105,0,0,10,10,0,0
hyper,ventilation,hyperventilation,ventilation,hyperventilation,105,0,0,10,10,1,1
hyper,sexual,hypersexual,sexual,hypersexual,99,0,0,10,10,1,0
hyper,linking,hyperlinking,link,hyperlink,105,0,0,10,98,0,0
hyper,ventilates,hyperventilates,ventilate,hyperventilate,105,0,0,10,10,0,0
hyper,activity,hyperactivity,activity,hyperactivity,105,0,0,10,10,1,1
hyper,ledger,hyperledger,ledger,hyperledger,47,0,0,10,10,1,0
hyper,link,hyperlink,link,hyperlink,105,0,0,10,98,1,1
hyper,space,hyperspace,space,hyperspace,100,0,0,10,10,1,0
hyper,sonic,hypersonic,sonic,hypersonic,97,0,0,10,10,1,0
hyper,trophy,hypertrophy,trophy,hypertrophy,16,0,0,10,10,1,1
hyper,sensitive,hypersensitive,sensitive,hypersensitive,105,0,0,10,10,1,1
hyper,tonic,hypertonic,tonic,hypertonic,105,0,0,10,10,1,1
hyper,sexuality,hypersexuality,sexuality,hypersexuality,99,0,0,10,10,1,0
hyper,sensitivity,hypersensitivity,sensitivity,hypersensitivity,105,0,0,10,10,1,1
hyper,tension,hypertension,tension,hypertension,105,0,0,10,10,1,1
hyper,ventilated,hyperventilated,ventilate,hyperventilate,105,0,0,10,10,1,0
hyper,ventilating,hyperventilating,ventilate,hyperventilate,105,0,0,10,10,0,0
hyper,methylation,hypermethylation,methylation,hypermethylation,99,0,0,10,10,0,0
hyper,extend,hyperextend,extend,hyperextend,105,0,0,10,10,1,1
hyper,polarization,hyperpolarization,polarization,hyperpolarization,99,0,0,10,10,1,0
hyper,links,hyperlinks,links,hyperlink,98,0,0,10,98,1,0
hyper,critical,hypercritical,critical,hypercritical,105,0,0,10,10,1,1
hyper,kinetic,hyperkinetic,kinetic,hyperkinetic,99,0,0,10,10,1,0
hyper,ventilate,hyperventilate,ventilate,hyperventilate,105,0,0,10,10,1,1
hyper,linked,hyperlinked,link,hyperlink,105,0,0,10,98,1,0
hyper,active,hyperactive,active,hyperactive,105,0,0,10,10,1,1
il,logical,illogical,logical,illogical,105,0,0,10,10,1,1
il,literate,illiterate,literate,illiterate,105,0,0,10,10,1,1
il,legitimacy,illegitimacy,legitimacy,illegitimacy,105,0,0,10,10,1,1
il,literacy,illiteracy,literacy,illiteracy,102,0,0,10,10,1,1
il,lustration,illustration,lustration,illustration,38,0,0,10,10,0,1
il,legitimate,illegitimate,legitimate,illegitimate,105,0,0,10,10,1,1
il,liquidity,illiquidity,liquidity,illiquidity,99,0,0,10,10,1,0
il,legible,illegible,legible,illegible,105,0,0,10,10,1,1
il,legalities,illegalities,legality,illegality,105,0,0,10,10,0,0
il,legality,illegality,legality,illegality,105,0,0,10,10,1,1
il,legal,illegal,legal,illegal,115,0,0,10,10,1,1
il,legally,illegally,legal,illegal,115,0,0,10,10,1,1
im,possibly,impossibly,possible,impossible,105,0,0,10,10,1,1
im,proves,improves,prove,improve,105,0,0,10,10,0,0
im,probabilities,improbabilities,probability,improbability,105,0,0,10,10,0,0
im,mutable,immutable,mutable,immutable,105,0,0,10,10,1,1
im,migrated,immigrated,migrate,immigrate,105,0,0,10,10,0,0
im,personally,impersonally,personal,impersonal,105,0,0,10,10,1,1
im,migrate,immigrate,migrate,immigrate,105,0,0,10,10,1,1
im,material,immaterial,material,immaterial,105,0,0,10,10,1,1
im,purity,impurity,purity,impurity,105,0,0,10,10,1,1
im,mobilizing,immobilizing,mobilize,immobilize,105,0,0,10,10,0,1
im,parted,imparted,part,impart,72,0,0,10,10,1,0
im,press,impress,press,impress,99,0,0,10,10,1,1
im,plausible,implausible,plausible,implausible,105,0,0,10,10,1,1
im,porter,importer,porter,importer,66,0,0,10,10,1,1
im,pair,impair,pair,impair,10,0,0,10,10,1,1
im,probable,improbable,probable,improbable,105,0,0,10,10,1,1
im,mortality,immortality,mortality,immortality,105,0,0,10,10,1,1
im,pounds,impounds,pound,impound,105,0,0,10,10,0,0
im,porting,importing,port,import,100,0,0,10,10,0,1
im,pale,impale,pale,impale,99,0,0,10,10,1,1
im,maculate,immaculate,maculate,immaculate,105,0,0,10,10,1,1
im,posed,imposed,pose,impose,105,0,0,10,10,1,1
im,parts,imparts,parts,impart,20,0,0,10,10,1,0
im,ages,images,age,image,60,0,0,10,10,0,0
im,positions,impositions,position,imposition,81,0,0,10,10,0,0
im,pose,impose,pose,impose,105,0,0,10,10,1,1
im,modest,immodest,modest,immodest,105,0,0,10,10,1,1
im,mobilization,immobilization,mobilization,immobilization,105,0,0,10,10,1,1
im,pound,impound,pound,impound,105,1,1,10,10,1,1
im,ported,imported,port,import,100,0,0,10,10,0,1
im,plantations,implantations,plantation,implantation,101,0,0,10,10,0,0
im,mediate,immediate,mediate,immediate,102,0,0,10,10,1,1
im,posts,imposts,post,impost,89,0,0,10,10,0,0
im,pairs,impairs,pair,impair,10,0,0,10,10,0,0
im,possibility,impossibility,possibility,impossibility,105,0,0,10,10,1,1
im,perfections,imperfections,perfection,imperfection,105,0,0,10,10,0,0
im,balances,imbalances,balance,imbalance,105,0,0,10,10,0,0
im,proved,improved,prove,improve,105,0,0,10,10,1,1
im,plying,implying,ply,imply,39,0,0,10,10,0,0
im,mobile,immobile,mobile,immobile,105,0,0,10,10,1,1
im,position,imposition,position,imposition,81,0,0,10,10,1,1
im,practical,impractical,practical,impractical,105,0,0,10,10,1,1
im,perfect,imperfect,perfect,imperfect,105,0,0,10,10,1,1
im,prove,improve,prove,improve,105,0,0,10,10,1,1
im,plies,implies,plie,imply,63,0,0,10,10,0,0
im,migrates,immigrates,migrate,immigrate,105,0,0,10,10,0,0
im,porters,importers,porter,importer,66,0,0,10,10,0,0
im,paired,impaired,pair,impair,10,0,0,10,10,1,1
im,print,imprint,print,imprint,105,0,0,10,10,1,1
im,plied,implied,ply,imply,39,0,0,10,10,0,0
in,sufficiency,insufficiency,sufficiency,insufficiency,105,0,0,10,10,1,1
in,equity,inequity,equity,inequity,99,0,0,10,10,1,1
in,sight,insight,sight,insight,115,0,0,10,10,1,1
in,decent,indecent,decent,indecent,105,0,0,10,10,1,1
in,fuse,infuse,fuse,infuse,98,0,0,10,10,1,1
in,activates,inactivates,activate,inactivate,105,0,0,10,10,0,0
in,shore,inshore,shore,inshore,105,0,0,10,10,1,1
in,audible,inaudible,audible,inaudible,105,0,0,10,10,1,1
in,distinct,indistinct,distinct,indistinct,105,0,0,10,10,1,1
in,security,insecurity,security,insecurity,105,0,0,10,10,1,1
in,tending,intending,tend,intend,105,0,0,10,10,1,0
in,sect,insect,sect,insect,7,0,0,10,10,1,1
in,sincere,insincere,sincere,insincere,105,0,0,10,10,1,1
in,fest,infest,fe,infest,10,0,0,10,10,0,1
in,constant,inconstant,constant,inconstant,105,0,0,10,10,1,1
in,boxes,inboxes,boxe,inbox,28,0,0,10,98,0,0
in,vert,invert,vert,invert,98,0,0,10,10,0,1
in,quest,inquest,quest,inquest,105,0,0,10,10,1,1
in,famous,infamous,famous,infamous,105,0,0,10,10,1,1
in,coherent,incoherent,coherent,incoherent,105,0,0,10,10,1,1
in,stilled,instilled,still,instil,11,0,0,10,10,0,0
in,put,input,put,input,104,0,0,10,10,1,1
in,got,ingot,got,ingot,11,0,0,10,10,0,1
in,fractions,infractions,fraction,infraction,78,0,0,10,10,0,0
in,tended,intended,tend,intend,105,0,0,10,10,0,1
in,corporation,incorporation,corporation,incorporation,105,0,0,10,10,1,1
in,fringing,infringing,fringe,infringe,55,0,0,10,10,0,0
in,ability,inability,ability,inability,115,0,0,10,10,1,1
in,lined,inlined,line,inlined,52,0,0,10,10,1,0
in,convenient,inconvenient,convenient,inconvenient,105,0,0,10,10,1,1
in,deed,indeed,deed,indeed,99,0,0,10,10,1,1
in,humanities,inhumanities,humanities,inhumanity,59,0,0,10,10,1,0
in,stability,instability,stability,instability,105,0,0,10,10,1,1
in,decisiveness,indecisiveness,decisiveness,indecisiveness,105,0,0,10,10,1,1
in,junction,injunction,junction,injunction,65,0,0,10,10,1,1
in,sects,insects,sect,insect,7,0,0,10,10,0,0
in,cite,incite,cite,incite,69,0,0,10,10,1,1
in,equities,inequities,equity,inequity,99,0,0,10,10,0,0
in,securities,insecurities,security,insecurity,105,0,0,10,10,0,0
in,expressible,inexpressible,expressible,inexpressible,105,0,0,10,10,1,1
in,fluence,influence,fluence,influence,97,0,0,10,10,0,1
in,corporate,incorporate,corporate,incorporate,105,0,0,10,10,1,1
in,venting,inventing,vent,invent,33,0,0,10,10,1,0
in,lining,inlining,line,inline,91,0,0,10,10,1,0
in,jury,injury,jury,injury,30,0,0,10,10,1,1
in,competence,incompetence,competence,incompetence,103,0,0,10,10,1,1
in,fusion,infusion,fusion,infusion,98,0,0,10,10,1,1
in,accurate,inaccurate,accurate,inaccurate,105,0,0,10,10,1,1
in,fidelities,infidelities,fidelity,infidelity,105,0,0,10,10,0,0
in,stalls,installs,stalls,install,69,0,0,10,10,1,0
inter,sects,intersects,sect,intersect,11,0,0,10,10,0,0
inter,viewed,interviewed,view,interview,83,0,0,10,10,0,0
inter,twines,intertwines,twine,intertwine,105,0,0,10,10,0,0
inter,operate,interoperate,operate,interoperate,95,0,0,10,10,1,0
inter,relationship,interrelationship,relationship,interrelationship,105,0,0,10,10,1,1
inter,cut,intercut,cut,intercut,100,0,0,10,10,1,0
inter,ment,interment,ming,interment,3,0,0,10,10,0,1
inter,locking,interlocking,lock,interlock,105,0,0,10,10,1,1
inter,twining,intertwining,twine,intertwine,105,0,0,10,10,0,0
inter,net,internet,net,internet,105,1,1,10,10,1,1
inter,relationships,interrelationships,relationship,interrelationship,105,0,0,10,10,0,0
inter,change,interchange,change,interchange,105,1,1,10,10,1,1
inter,mediate,intermediate,mediate,intermediate,105,1,1,10,10,1,1
inter,weaves,interweaves,weave,interweave,105,0,0,10,10,0,0
inter,stellar,interstellar,stellar,interstellar,105,0,0,10,10,1,1
inter,related,interrelated,relate,interrelate,105,0,0,10,10,1,1
inter,active,interactive,active,interactive,105,0,0,10,10,1,1
inter,cultural,intercultural,cultural,intercultural,100,0,0,10,10,1,0
inter,changes,interchanges,change,interchange,105,0,0,10,10,0,0
inter,faced,interfaced,face,interface,96,0,0,10,10,1,0
inter,faces,interfaces,face,interface,96,0,0,10,10,0,0
inter,posed,interposed,pose,interpose,105,0,0,10,10,1,0
inter,line,interline,line,interline,99,0,0,10,10,1,0
inter,costal,intercostal,costal,intercostal,105,0,0,10,10,1,1
inter,pose,interpose,pose,interpose,105,0,0,10,10,1,1
inter,oceanic,interoceanic,oceanic,interoceanic,97,0,0,10,10,1,0
inter,actions,interactions,action,interaction,105,0,0,10,10,0,0
inter,connecting,interconnecting,connect,interconnect,105,0,0,10,10,0,0
inter,cede,intercede,cede,intercede,99,0,0,10,10,1,1
inter,course,intercourse,course,intercourse,73,0,0,10,10,1,1
inter,viewing,interviewing,view,interview,83,0,0,10,10,1,0
inter,actively,interactively,active,interactive,105,0,0,10,10,1,0
inter,mission,intermission,mission,intermission,58,0,0,10,10,1,1
inter,acting,interacting,act,interact,103,0,0,10,10,1,0
inter,diction,interdiction,diction,interdiction,86,0,0,10,10,1,1
inter,changed,interchanged,change,interchange,105,0,0,10,10,1,0
inter,leaves,interleaves,leaf,interleave,72,0,0,10,10,0,0
inter,acts,interacts,acts,interact,97,0,0,10,10,1,0
inter,subjectivity,intersubjectivity,subjectivity,intersubjectivity,98,0,0,10,10,1,0
inter,cedes,intercedes,cede,intercede,99,0,0,10,10,0,0
inter,personal,interpersonal,personal,interpersonal,105,0,0,10,10,1,1
inter,weaving,interweaving,weave,interweave,105,0,0,10,10,1,0
inter,connects,interconnects,connect,interconnect,105,0,0,10,10,0,0
inter,nets,internets,net,internet,105,0,0,10,10,0,0
inter,viewer,interviewer,viewer,interviewer,100,0,0,10,10,1,1
inter,breeding,interbreeding,breed,interbreed,105,0,0,10,10,1,1
inter,national,international,national,international,105,0,0,10,10,1,1
inter,twined,intertwined,twine,intertwine,105,0,0,10,10,0,0
inter,mingling,intermingling,mingle,intermingle,105,0,0,10,10,1,0
inter,woven,interwoven,woven,interwoven,105,0,0,10,10,1,1
intra,venous,intravenous,venous,intravenous,105,0,0,10,10,1,1
intra,mural,intramural,mural,intramural,94,0,0,10,10,1,1
intra,nets,intranets,net,intranet,105,0,0,10,98,0,0
intra,muscular,intramuscular,muscular,intramuscular,105,0,0,10,10,1,1
intra,vascular,intravascular,vascular,intravascular,99,0,0,10,10,1,0
intra,murals,intramurals,mural,intramural,94,0,0,10,10,0,0
intra,uterine,intrauterine,uterine,intrauterine,105,0,0,10,10,1,1
intra,net,intranet,net,intranet,105,0,0,10,10,1,1
intra,cardiac,intracardiac,cardiac,intracardiac,97,0,0,10,10,1,0
intra,state,intrastate,state,intrastate,105,0,0,10,10,1,1
intra,cranial,intracranial,cranial,intracranial,105,0,0,10,10,1,1
macro,economic,macroeconomic,economic,macroeconomic,105,0,0,10,10,1,1
macro,nutrient,macronutrient,nutrient,macronutrient,99,0,0,10,10,1,0
macro,scale,macroscale,scale,macroscale,96,0,0,10,10,1,0
micro,bes,microbes,be,microbe,100,0,0,10,10,0,0
micro,blog,microblog,blog,microblog,96,0,0,10,10,1,0
micro,organism,microorganism,organism,microorganism,105,0,0,10,10,1,1
micro,computer,microcomputer,computer,microcomputer,105,0,0,10,10,1,1
micro,graphs,micrographs,graph,micrographs,67,0,0,10,10,0,0
micro,computers,microcomputers,computer,microcomputer,105,0,0,10,10,0,0
micro,targets,microtargets,target,microtargets,85,0,0,10,98,0,0
micro,waves,microwaves,wave,microwave,113,0,0,10,10,0,0
micro,chipping,microchipping,chip,microchip,105,0,0,10,10,1,0
micro,graph,micrograph,graph,micrograph,96,0,0,10,10,1,0
micro,architecture,microarchitecture,architecture,microarchitecture,99,0,0,10,10,1,0
micro,electronic,microelectronic,electronic,microelectronic,105,0,0,10,10,1,1
micro,brew,microbrew,brew,microbrew,98,0,0,10,10,1,0
micro,economic,microeconomic,economic,microeconomic,105,0,0,10,10,1,1
micro,processor,microprocessor,processor,microprocessor,105,0,0,10,10,1,1
micro,manage,micromanage,manage,micromanage,95,0,0,10,10,1,0
micro,managing,micromanaging,manage,micromanage,95,0,0,10,10,0,0
micro,chip,microchip,chip,microchip,105,1,1,10,10,1,1
micro,manages,micromanages,manage,micromanage,95,0,0,10,10,0,0
micro,phones,microphones,phone,microphone,115,0,0,10,10,0,0
micro,targeting,microtargeting,target,microtargeting,100,0,0,10,98,0,0
micro,electronics,microelectronics,electronic,microelectronic,105,0,0,10,10,1,1
micro,loan,microloan,loan,microloan,99,0,0,10,98,1,0
micro,transaction,microtransaction,transaction,microtransaction,100,0,0,10,98,1,0
micro,transactions,microtransactions,transactions,microtransactions,89,0,0,10,98,1,0
micro,centrifuge,microcentrifuge,centrifuge,microcentrifuge,99,0,0,10,10,1,0
micro,chips,microchips,chips,microchip,105,0,0,10,10,1,0
micro,waving,microwaving,wave,microwave,113,0,0,10,10,1,0
micro,chipped,microchipped,chip,microchip,105,0,0,10,10,0,0
micro,meters,micrometers,meter,micrometer,105,0,0,10,10,0,0
micro,seconds,microseconds,second,microsecond,105,0,0,10,10,0,0
micro,aggression,microaggression,aggression,microaggression,100,0,0,10,98,1,0
micro,biology,microbiology,biology,microbiology,105,0,0,10,10,1,1
micro,loans,microloans,loan,microloans,98,0,0,10,98,0,0
micro,phone,microphone,phone,microphone,115,0,0,10,10,1,1
micro,meter,micrometer,meter,micrometer,105,0,0,10,10,1,1
micro,filmed,microfilmed,film,microfilm,105,0,0,10,10,1,0
micro,wave,microwave,wave,microwave,113,0,0,10,10,1,1
micro,second,microsecond,second,microsecond,105,0,0,10,10,1,1
micro,organisms,microorganisms,organism,microorganism,105,0,0,10,10,0,0
micro,waved,microwaved,wave,microwave,113,0,0,10,10,0,0
micro,aggressions,microaggressions,aggression,microaggression,100,0,0,10,98,0,0
micro,plastics,microplastics,plastic,microplastics,80,0,0,10,98,0,0
micro,film,microfilm,film,microfilm,105,0,0,10,10,1,1
micro,processors,microprocessors,processor,microprocessor,105,0,0,10,10,0,0
micro,managed,micromanaged,manage,micromanage,95,0,0,10,10,0,0
micro,analysis,microanalysis,analysis,microanalysis,99,0,0,10,10,1,0
micro,target,microtarget,target,microtarget,100,0,0,10,98,1,0
micro,economics,microeconomics,economics,microeconomics,105,0,0,10,10,1,1
micro,dosing,microdosing,dose,microdose,99,0,0,10,10,0,0
mid,wifes,midwifes,wife,midwife,95,0,0,10,10,0,0
mid,air,midair,air,midair,105,0,0,10,10,1,1
mid,dens,middens,den,midden,99,0,0,10,10,0,0
mid,fields,midfields,fields,midfield,95,0,0,10,10,1,0
mid,day,midday,day,midday,105,0,0,10,10,1,1
mid,summers,midsummers,summer,midsummer,105,0,0,10,10,0,0
mid,nights,midnights,night,midnight,115,0,0,10,10,0,0
mid,life,midlife,life,midlife,99,0,0,10,10,1,0
mid,line,midline,line,midline,105,0,0,10,10,1,1
mid,points,midpoints,point,midpoint,105,0,0,10,10,0,0
mid,gets,midgets,get,midget,42,0,0,10,10,0,0
mid,town,midtown,town,midtown,99,0,0,10,10,1,0
mid,wife,midwife,wife,midwife,95,0,0,10,10,1,1
mid,night,midnight,night,midnight,115,0,0,10,10,1,1
mid,fielder,midfielder,fielder,midfield,105,0,0,10,10,1,0
mid,term,midterm,term,midterm,105,0,0,10,10,1,1
mid,west,midwest,west,midwest,105,0,0,10,10,1,1
mid,sized,midsized,size,midsized,78,0,0,10,10,1,0
mid,riffs,midriffs,riff,midriff,98,0,0,10,10,0,0
mid,lands,midlands,land,midland,80,0,0,10,10,0,0
mid,terms,midterms,terms,midterm,81,0,0,10,10,1,0
mid,way,midway,way,midway,105,0,0,10,10,1,1
mid,season,midseason,season,midseason,99,0,0,10,10,1,0
mid,morning,midmorning,morn,midmorning,98,0,0,10,10,1,0
mid,days,middays,days,midday,105,0,0,10,10,1,0
mid,western,midwestern,western,midwestern,105,0,0,10,10,1,1
mid,rash,midrash,rash,midrash,55,0,0,10,10,1,1
mid,range,midrange,range,midrange,100,0,0,10,10,1,0
mid,field,midfield,field,midfield,105,0,0,10,10,1,1
mid,brain,midbrain,brain,midbrain,105,0,0,10,10,1,1
mid,section,midsection,section,midsection,105,0,0,10,10,1,1
mid,stream,midstream,stream,midstream,105,0,0,10,10,1,1
mid,wives,midwives,wive,midwives,67,0,0,10,10,0,0
mid,afternoon,midafternoon,afternoon,midafternoon,105,0,0,10,10,1,1
mid,get,midget,get,midget,42,0,0,10,10,1,1
mid,most,midmost,most,midmost,100,0,0,999999,10,1,1
mid,riff,midriff,riff,midriff,98,0,0,10,10,1,1
mid,week,midweek,week,midweek,105,0,0,10,10,1,1
mid,land,midland,land,midland,80,0,0,10,10,1,1
mid,sections,midsections,section,midsection,105,0,0,10,10,0,0
mid,summer,midsummer,summer,midsummer,105,0,0,10,10,1,1
mid,size,midsize,size,midsize,99,0,0,10,10,1,0
mid,point,midpoint,point,midpoint,105,0,0,10,10,1,1
mis,diagnoses,misdiagnoses,diagnose,misdiagnose,99,0,0,10,10,0,0
mis,construed,misconstrued,construe,misconstrue,105,0,0,10,10,0,0
mis,calculated,miscalculated,calculate,miscalculate,105,0,0,10,10,1,0
mis,trial,mistrial,trial,mistrial,105,0,0,10,10,1,1
mis,understood,misunderstood,understood,misunderstood,105,0,0,10,10,1,1
mis,anthropic,misanthropic,anthropic,misanthropic,100,0,0,10,10,1,1
mis,took,mistook,tek,mistake,58,0,0,10,10,0,0
mis,appropriation,misappropriation,appropriation,misappropriation,105,0,0,10,10,1,1
mis,direct,misdirect,direct,misdirect,105,0,0,10,10,1,1
mis,apprehend,misapprehend,apprehend,misapprehend,100,0,0,10,10,1,1
mis,understandings,misunderstandings,understanding,misunderstanding,97,0,0,10,10,0,0
mis,characterized,mischaracterized,characterize,mischaracterize,99,0,0,10,10,0,0
mis,counted,miscounted,count,miscount,105,0,0,10,10,0,0
mis,communications,miscommunications,communications,miscommunication,97,0,0,10,10,1,0
mis,adventures,misadventures,adventure,misadventure,100,0,0,10,10,0,0
mis,treating,mistreating,treat,mistreat,105,0,0,10,10,0,0
mis,speaking,misspeaking,speak,misspeak,105,0,0,10,10,1,0
mis,spelled,misspelled,spell,misspell,105,0,0,10,10,0,0
mis,behaves,misbehaves,behave,misbehave,105,0,0,10,10,0,0
mis,folded,misfolded,fold,misfold,99,0,0,10,10,0,0
mis,judging,misjudging,judge,misjudge,105,0,0,10,10,1,0
mis,hear,mishear,hear,mishear,99,0,0,10,10,1,0
mis,used,misused,use,misuse,105,0,0,10,10,1,1
mis,pronounce,mispronounce,pronounce,mispronounce,105,0,0,10,10,1,1
mis,calculations,miscalculations,calculation,miscalculation,105,0,0,10,10,0,0
mis,handling,mishandling,handle,mishandle,105,0,0,10,10,1,0
mis,tier,mistier,tier,misty,21,0,0,10,10,1,0
mis,chief,mischief,chief,mischief,17,0,0,10,10,1,1
mis,spent,misspent,spent,misspend,105,0,0,10,10,1,0
mis,directs,misdirects,direct,misdirect,105,0,0,10,10,0,0
mis,trusting,mistrusting,trust,mistrust,105,0,0,10,10,1,0
mis,representation,misrepresentation,representation,misrepresentation,100,0,0,10,10,1,1
mis,interprets,misinterprets,interpret,misinterpret,105,0,0,10,10,0,0
mis,judges,misjudges,judges,misjudge,93,0,0,10,10,1,0
mis,perceive,misperceive,perceive,misperceive,105,0,0,10,10,1,1
mis,translated,mistranslated,translate,mistranslate,105,0,0,10,10,0,0
mis,quotes,misquotes,quote,misquote,105,0,0,10,10,0,0
mis,pronounced,mispronounced,pronounce,mispronounce,105,0,0,10,10,1,0
mis,casting,miscasting,cast,miscast,105,0,0,10,10,1,0
mis,guided,misguided,guide,misguide,105,0,0,10,10,1,1
mis,using,misusing,use,misuse,105,0,0,10,10,1,0
mis,spoken,misspoken,spoken,misspeak,105,0,0,10,10,1,0
mis,pricing,mispricing,price,misprice,99,0,0,10,10,1,0
mis,gender,misgender,gender,misgender,96,0,0,10,10,1,0
mis,demeanour,misdemeanour,demeanour,misdemeanour,80,0,0,10,10,1,1
mis,reads,misreads,read,misread,105,0,0,10,10,0,0
mis,appropriate,misappropriate,appropriate,misappropriate,105,0,0,10,10,1,1
mis,fortunes,misfortunes,fortune,misfortune,105,0,0,10,10,0,0
mis,places,misplaces,place,misplace,105,0,0,10,10,0,0
mis,quoted,misquoted,quote,misquote,105,0,0,10,10,0,0
mono,tone,monotone,tone,monotone,105,0,0,10,10,1,1
mono,gram,monogram,gram,monogram,97,0,0,10,10,1,1
mono,graph,monograph,graph,monograph,89,0,0,10,10,1,1
mono,unsaturated,monounsaturated,unsaturated,monounsaturated,105,0,0,10,10,1,1
mono,gamy,monogamy,gamy,monogamy,68,0,0,10,10,1,1
mono,chrome,monochrome,chrome,monochrome,105,0,0,10,10,1,1
mono,plane,monoplane,plane,monoplane,105,0,0,10,10,1,1
mono,filament,monofilament,filament,monofilament,100,0,0,10,10,1,0
mono,types,monotypes,type,monotype,105,0,0,10,10,0,0
mono,layer,monolayer,layer,monolayer,99,0,0,10,10,1,0
mono,syllabic,monosyllabic,syllabic,monosyllabic,105,0,0,10,10,1,1
mono,lithic,monolithic,lithic,monolithic,105,0,0,10,10,1,1
mono,planes,monoplanes,plane,monoplane,105,0,0,10,10,0,0
mono,poly,monopoly,pole,monopoly,61,0,0,10,10,0,1
mono,tony,monotony,tony,monotony,10,0,0,10,10,0,1
mono,chromatic,monochromatic,chromatic,monochromatic,105,0,0,10,10,1,1
mono,syllables,monosyllables,syllable,monosyllable,105,0,0,10,10,0,0
mono,rails,monorails,rail,monorail,105,0,0,10,10,1,0
mono,rail,monorail,rail,monorail,105,0,0,10,10,1,1
mono,tonic,monotonic,tonic,monotonic,80,0,0,10,10,1,1
mono,graphs,monographs,graph,monograph,89,0,0,10,10,0,0
mono,block,monoblock,block,monoblock,98,0,0,10,10,1,0
mono,lingual,monolingual,lingual,monolingual,105,0,0,10,10,1,1
non,essential,nonessential,essential,nonessential,105,0,0,10,10,1,1
non,disclosure,nondisclosure,disclosure,nondisclosure,98,0,0,10,10,1,0
non,stop,nonstop,stop,nonstop,105,0,0,10,10,1,1
non,compliance,noncompliance,compliance,noncompliance,105,0,0,10,10,1,1
non,native,nonnative,native,nonnative,105,0,0,10,10,1,1
non,surgical,nonsurgical,surgical,nonsurgical,105,0,0,10,10,1,1
non,smoking,nonsmoking,smoke,nonsmoking,99,0,0,10,10,1,0
non,religious,nonreligious,religious,nonreligious,100,0,0,10,10,1,0
non,union,nonunion,union,nonunion,105,0,0,10,10,1,1
non,commissioned,noncommissioned,commission,noncommissioned,105,0,0,10,10,1,1
non,combatant,noncombatant,combatant,noncombatant,105,0,0,10,10,1,1
non,exclusive,nonexclusive,exclusive,nonexclusive,86,0,0,10,10,1,0
non,violent,nonviolent,violent,nonviolent,105,0,0,10,10,1,1
non,professional,nonprofessional,professional,nonprofessional,115,0,0,10,10,1,1
non,combatants,noncombatants,combatant,noncombatant,105,0,0,10,10,0,0
non,political,nonpolitical,political,nonpolitical,100,0,0,10,10,1,1
non,lethal,nonlethal,lethal,nonlethal,105,0,0,10,10,1,1
non,family,nonfamily,family,nonfamily,100,0,0,10,10,1,0
non,believers,nonbelievers,believer,nonbeliever,105,0,0,10,10,0,0
non,humans,nonhumans,humans,nonhuman,105,0,0,10,10,1,0
non,responsive,nonresponsive,responsive,nonresponsive,100,0,0,10,10,1,0
non,functional,nonfunctional,functional,nonfunctional,105,0,0,10,10,1,1
non,residents,nonresidents,resident,nonresident,105,0,0,10,10,0,0
non,sectarian,nonsectarian,sectarian,nonsectarian,105,0,0,10,10,1,1
non,members,nonmembers,member,nonmember,105,0,0,10,10,0,0
non,profit,nonprofit,profit,nonprofit,105,0,0,10,10,1,1
non,partisan,nonpartisan,partisan,nonpartisan,105,0,0,10,10,1,1
non,metallic,nonmetallic,metallic,nonmetallic,105,0,0,10,10,1,1
non,committal,noncommittal,committal,noncommittal,105,0,0,10,10,1,1
non,human,nonhuman,human,nonhuman,105,0,0,10,10,1,1
non,refundable,nonrefundable,refundable,nonrefundable,99,0,0,10,10,0,0
non,negotiable,nonnegotiable,negotiable,nonnegotiable,100,0,0,10,10,1,0
non,reactive,nonreactive,reactive,nonreactive,99,0,0,10,10,1,0
non,profits,nonprofits,profit,nonprofit,105,0,0,10,10,1,0
non,residential,nonresidential,residential,nonresidential,105,0,0,10,10,1,1
non,contact,noncontact,contact,noncontact,79,0,0,10,10,1,0
non,conformists,nonconformists,conformist,nonconformist,105,0,0,10,10,0,0
non,existence,nonexistence,existence,nonexistence,105,0,0,10,10,1,1
non,compete,noncompete,compete,noncompete,98,0,0,10,10,1,0
non,critical,noncritical,critical,noncritical,105,0,0,10,10,1,1
non,existent,nonexistent,existent,nonexistent,105,0,0,10,10,1,1
non,linear,nonlinear,linear,nonlinear,105,0,0,10,10,1,1
non,toxic,nontoxic,toxic,nontoxic,105,0,0,10,10,1,1
non,proliferation,nonproliferation,proliferation,nonproliferation,105,0,0,10,10,1,1
non,government,nongovernment,government,nongovernment,100,0,0,10,10,1,0
non,violence,nonviolence,violence,nonviolence,100,0,0,10,10,1,1
non,dairy,nondairy,dairy,nondairy,96,0,0,10,10,1,0
non,invasive,noninvasive,invasive,noninvasive,105,0,0,10,10,1,1
non,threatening,nonthreatening,threaten,nonthreatening,100,0,0,10,10,1,0
non,standard,nonstandard,standard,nonstandard,105,0,0,10,10,1,1
north,western,northwestern,western,northwestern,105,0,0,10,10,1,1
north,eastern,northeastern,eastern,northeastern,105,0,0,10,10,1,1
north,bound,northbound,bound,northbound,105,0,0,10,10,1,1
north,westerly,northwesterly,wester,northwester,105,0,0,10,10,1,1
north,ward,northward,ward,northward,77,0,0,10,10,1,1
north,easterly,northeasterly,easter,northeasterly,45,0,0,10,10,1,1
north,east,northeast,east,northeast,105,0,0,10,10,1,1
north,west,northwest,west,northwest,105,0,0,10,10,1,1
north,eastward,northeastward,eastward,northeastward,105,0,0,10,10,1,1
off,ices,offices,ice,office,21,0,0,10,10,0,0
off,load,offload,load,offload,115,0,0,10,10,1,1
off,loading,offloading,load,offload,115,0,0,10,98,1,0
off,stage,offstage,stage,offstage,105,0,0,10,10,1,1
off,loadings,offloadings,loading,offloading,47,0,0,10,98,0,0
off,shoots,offshoots,shoot,offshoot,95,0,0,10,10,0,0
off,springs,offsprings,spring,offspring,95,0,0,10,10,0,0
off,spring,offspring,spring,offspring,95,0,0,10,10,1,1
off,setting,offsetting,set,offset,105,0,0,10,10,1,0
off,set,offset,set,offset,105,0,0,10,10,1,1
off,lining,offlining,line,offline,46,0,0,10,10,1,0
off,ending,offending,end,offend,30,0,0,10,10,1,1
off,loads,offloads,loads,offload,105,0,0,10,98,1,0
off,shoot,offshoot,shoot,offshoot,95,0,0,10,10,1,1
off,shored,offshored,shore,offshore,105,0,0,10,10,0,0
off,screen,offscreen,screen,offscreen,100,0,0,10,10,1,0
off,ends,offends,end,offend,30,0,0,10,10,0,0
off,loaded,offloaded,load,offload,115,0,0,10,98,1,0
off,shore,offshore,shore,offshore,105,0,0,10,10,1,1
off,season,offseason,season,offseason,97,0,0,10,10,1,0
off,line,offline,line,offline,46,0,0,10,10,1,0
off,beat,offbeat,beat,offbeat,105,0,0,10,10,1,1
off,ended,offended,end,offend,30,0,0,10,10,1,1
off,sets,offsets,set,offset,105,0,0,10,10,0,0
off,ice,office,ice,office,21,0,0,10,10,1,1
off,hand,offhand,hand,offhand,100,0,0,10,10,1,1
off,end,offend,end,offend,30,0,0,10,10,1,1
off,shoring,offshoring,shore,offshore,105,0,0,10,98,1,0
off,sides,offsides,side,offside,105,0,0,10,10,0,1
off,side,offside,side,offside,105,0,0,10,10,1,1
omni,bus,omnibus,bus,omnibus,105,1,1,10,10,1,1
omni,science,omniscience,science,omniscience,74,0,0,10,10,1,1
omni,potent,omnipotent,potent,omnipotent,105,0,0,10,10,1,1
omni,buses,omnibuses,bus,omnibus,105,0,0,10,10,0,0
omni,present,omnipresent,present,omnipresent,105,0,0,10,10,1,1
out,cries,outcries,crie,outcry,52,0,0,10,10,0,0
out,look,outlook,look,outlook,105,0,0,10,10,1,1
out,flows,outflows,flow,outflow,105,0,0,10,10,0,0
out,class,outclass,class,outclass,103,0,0,10,10,1,1
out,smarting,outsmarting,smart,outsmart,105,0,0,10,10,1,0
out,wear,outwear,wear,outwear,105,1,1,10,10,1,1
out,stayed,outstayed,stay,outstay,105,0,0,10,10,0,0
out,set,outset,set,outset,105,0,0,10,10,1,1
out,weighing,outweighing,weigh,outweigh,105,0,0,10,10,1,0
out,putted,outputted,putt,outputt,99,0,0,10,10,0,0
out,gained,outgained,gain,outgain,99,0,0,10,10,0,0
out,hitting,outhitting,hit,outhitting,68,0,0,10,10,1,0
out,growths,outgrowths,growth,outgrowth,105,0,0,10,10,0,0
out,gunning,outgunning,gun,outgun,100,0,0,10,10,0,0
out,sold,outsold,sold,outsell,105,0,0,10,10,1,0
out,living,outliving,live,outlive,105,0,0,10,10,1,0
out,post,outpost,post,outpost,105,0,0,10,10,1,1
out,did,outdid,doe,outdo,11,0,0,999999,10,0,0
out,smart,outsmart,smart,outsmart,105,0,0,10,10,1,1
out,flanked,outflanked,flank,outflank,105,0,0,10,10,0,0
out,stripped,outstripped,strip,outstrip,96,0,0,10,10,1,0
out,maneuver,outmaneuver,maneuver,outmaneuver,105,0,0,10,10,1,1
out,drink,outdrink,drink,outdrink,99,0,0,10,10,1,0
out,number,outnumber,number,outnumber,105,0,0,10,10,1,1
out,maneuvering,outmaneuvering,maneuver,outmaneuver,105,0,0,10,10,0,0
out,ride,outride,ride,outride,105,0,0,10,10,1,1
out,front,outfront,front,outfront,84,0,0,10,10,1,0
out,growth,outgrowth,growth,outgrowth,105,1,1,10,10,1,1
out,compete,outcompete,compete,outcompete,96,0,0,10,10,1,0
out,scoring,outscoring,score,outscore,105,0,0,10,10,1,0
out,line,outline,line,outline,115,0,0,10,10,1,1
out,does,outdoes,doe,outdo,11,0,0,999999,10,0,0
out,buildings,outbuildings,building,outbuilding,98,0,0,10,10,0,0
out,fox,outfox,fox,outfox,100,0,0,10,10,1,1
out,riders,outriders,rider,outrider,105,0,0,10,10,0,0
out,let,outlet,let,outlet,92,0,0,10,10,1,1
out,flank,outflank,flank,outflank,105,0,0,10,10,1,1
out,right,outright,right,outright,102,0,0,10,10,1,1
out,reaches,outreaches,reach,outreach,105,0,0,10,10,0,0
out,grows,outgrows,grow,outgrow,105,0,0,10,10,0,0
out,selling,outselling,sell,outsell,105,0,0,10,10,1,0
out,lay,outlay,lay,outlay,99,0,0,10,10,1,1
out,break,outbreak,break,outbreak,105,0,0,10,10,1,1
out,posts,outposts,post,outpost,105,0,0,10,10,0,0
out,classing,outclassing,class,outclass,103,0,0,10,10,0,0
out,draw,outdraw,draw,outdraw,105,0,0,10,10,1,1
out,distancing,outdistancing,distance,outdistance,105,0,0,10,10,0,0
out,thought,outthought,thought,outthought,24,0,0,10,10,1,0
out,matched,outmatched,match,outmatch,100,0,0,10,10,1,0
out,growing,outgrowing,grow,outgrow,105,0,0,10,10,1,0
over,riding,overriding,ride,override,100,0,0,10,10,1,1
over,coat,overcoat,coat,overcoat,105,0,0,10,10,1,1
over,dramatize,overdramatize,dramatize,overdramatize,105,0,0,10,10,1,1
over,analyzing,overanalyzing,analyze,overanalyzing,95,0,0,10,10,0,0
over,turned,overturned,turn,overturn,105,0,0,10,10,1,1
over,estimating,overestimating,estimate,overestimate,105,0,0,10,10,0,0
over,eat,overeat,eat,overeat,105,0,0,10,10,1,1
over,shoot,overshoot,shoot,overshoot,105,0,0,10,10,1,1
over,lap,overlap,lap,overlap,105,1,1,10,10,1,1
over,seer,overseer,seer,overseer,98,0,0,10,10,1,1
over,developed,overdeveloped,develop,overdeveloped,98,0,0,10,10,1,0
over,rode,overrode,ride,override,100,0,0,10,10,0,0
over,cooks,overcooks,cook,overcook,105,0,0,10,10,0,0
over,funded,overfunded,fund,overfund,99,0,0,10,10,1,0
over,statement,overstatement,statement,overstatement,105,0,0,10,10,1,1
over,exploited,overexploited,exploit,overexploit,105,0,0,10,10,1,0
over,blowing,overblowing,blow,overblowing,63,0,0,10,10,1,0
over,fond,overfond,fond,overfond,105,0,0,10,10,1,1
over,stepping,overstepping,step,overstep,104,0,0,10,10,0,0
over,shadowing,overshadowing,shadow,overshadow,105,0,0,10,10,1,0
over,hang,overhang,hang,overhang,105,0,0,10,10,1,1
over,supplies,oversupplies,supply,oversupply,105,0,0,10,10,0,0
over,sew,oversew,sew,oversew,105,0,0,10,10,1,1
over,stuff,overstuff,stuff,overstuff,105,0,0,10,10,1,1
over,took,overtook,tek,overtake,41,0,0,10,10,0,0
over,weight,overweight,weight,overweight,105,0,0,10,10,1,1
over,produce,overproduce,produce,overproduce,105,0,0,10,10,1,1
over,exerting,overexerting,exert,overexert,105,0,0,10,10,0,0
over,saw,oversaw,saw,oversee,41,0,0,10,10,1,0
over,reacted,overreacted,react,overreact,105,0,0,10,10,0,0
over,much,overmuch,much,overmuch,105,0,0,10,10,1,1
over,heads,overheads,head,overhead,100,0,0,10,10,0,0
over,heats,overheats,heat,overheat,115,0,0,10,10,0,0
over,price,overprice,price,overprice,105,0,0,10,10,1,1
over,worked,overworked,worke,overwork,88,0,0,10,10,0,0
over,lain,overlain,lye,overlie,14,0,0,10,10,0,0
over,looked,overlooked,looke,overlook,78,0,0,10,10,0,1
over,step,overstep,step,overstep,104,0,0,10,10,1,1
over,bill,overbill,bill,overbill,99,0,0,10,10,1,0
over,thrown,overthrown,thrown,overthrow,100,0,0,10,10,1,0
over,rated,overrated,rate,overrate,105,0,0,10,10,0,0
over,flowing,overflowing,flow,overflow,115,0,0,10,10,1,1
over,uses,overuses,use,overuse,105,0,0,10,10,0,0
over,sees,oversees,see,oversee,84,0,0,10,10,0,0
over,estimates,overestimates,estimate,overestimate,105,0,0,10,10,0,0
over,sights,oversights,sights,oversight,18,0,0,10,10,1,0
over,dramatizing,overdramatizing,dramatize,overdramatize,105,0,0,10,10,0,0
over,protect,overprotect,protect,overprotect,105,0,0,10,10,1,1
over,balanced,overbalanced,balance,overbalance,105,0,0,10,10,1,0
over,printed,overprinted,print,overprint,105,0,0,10,10,0,0
post,mortem,postmortem,mortem,postmortem,97,0,0,10,10,0,1
post,office,postoffice,office,postoffice,96,0,0,10,10,1,0
post,date,postdate,date,postdate,105,0,0,10,10,1,1
post,card,postcard,card,postcard,105,0,0,10,10,1,1
post,age,postage,age,postage,88,0,0,10,10,1,1
post,operative,postoperative,operative,postoperative,105,0,0,10,10,1,1
post,master,postmaster,master,postmaster,100,0,0,10,10,1,1
post,war,postwar,war,postwar,105,0,0,10,10,1,1
post,traumatic,posttraumatic,traumatic,posttraumatic,99,0,0,10,10,1,0
post,processing,postprocessing,process,postprocess,99,0,0,10,10,1,0
post,scripts,postscripts,script,postscript,105,0,0,10,10,0,0
post,mark,postmark,mark,postmark,105,0,0,10,10,1,1
post,code,postcode,code,postcode,105,0,0,10,10,1,1
post,dated,postdated,date,postdate,105,0,0,10,10,1,0
post,marking,postmarking,mark,postmark,105,0,0,10,10,1,0
post,script,postscript,script,postscript,105,0,0,10,10,1,1
post,dates,postdates,date,postdate,105,0,0,10,10,0,0
post,modern,postmodern,modern,postmodern,105,0,0,10,10,1,1
post,marks,postmarks,marks,postmark,94,0,0,10,10,1,0
post,doctoral,postdoctoral,doctoral,postdoctoral,105,0,0,10,10,1,1
post,graduate,postgraduate,graduate,postgraduate,105,1,1,10,10,1,1
post,season,postseason,season,postseason,98,0,0,10,10,1,0
post,orbital,postorbital,orbital,postorbital,97,0,0,10,10,1,0
post,masters,postmasters,masters,postmaster,66,0,0,10,10,1,0
post,dating,postdating,date,postdate,105,0,0,10,10,1,0
post,man,postman,man,postman,93,0,0,10,10,1,1
post,haste,posthaste,haste,posthaste,99,0,0,10,10,1,0
post,cards,postcards,cards,postcard,100,0,0,10,10,1,0
post,natal,postnatal,natal,postnatal,105,0,0,10,10,1,1
post,men,postmen,men,postmen,95,0,0,10,10,1,0
post,meridian,postmeridian,meridian,postmeridian,100,0,0,10,10,1,1
post,marked,postmarked,mark,postmark,105,0,0,10,10,1,0
pre,server,preserver,server,preserver,49,0,0,10,10,1,1
pre,fab,prefab,fab,prefab,98,0,0,10,10,1,1
pre,pared,prepared,pare,prepare,96,0,0,10,10,0,1
pre,caution,precaution,caution,precaution,115,1,1,10,10,1,1
pre,registered,preregistered,register,preregistered,84,0,0,10,10,1,0
pre,fetch,prefetch,fetch,prefetch,97,0,0,10,10,1,0
pre,conditions,preconditions,conditions,precondition,105,0,0,10,10,1,0
pre,payment,prepayment,payment,prepayment,105,0,0,10,10,1,1
pre,maturely,prematurely,mature,premature,105,0,0,10,10,1,1
pre,cursor,precursor,cursor,precursor,45,0,0,10,10,1,1
pre,figures,prefigures,figure,prefigure,105,0,0,10,10,0,0
pre,vent,prevent,vent,prevent,60,0,0,10,10,1,1
pre,tensions,pretensions,tension,pretension,98,0,0,10,10,0,0
pre,pay,prepay,pay,prepay,105,0,0,10,10,1,1
pre,occupying,preoccupying,occupy,preoccupy,105,0,0,10,10,0,0
pre,amble,preamble,amble,preamble,63,0,0,10,10,1,1
pre,registration,preregistration,registration,preregistration,99,0,0,10,10,1,0
pre,cursors,precursors,cursor,precursor,45,0,0,10,10,0,0
pre,viewed,previewed,view,preview,115,0,0,10,10,0,0
pre,sides,presides,side,preside,13,0,0,10,10,0,0
pre,meditate,premeditate,meditate,premeditate,105,0,0,10,10,1,1
pre,dated,predated,date,predate,105,0,0,10,10,1,0
pre,med,premed,med,premed,95,0,0,10,10,1,0
pre,menstrual,premenstrual,menstrual,premenstrual,105,0,0,10,10,1,1
pre,ceded,preceded,cede,precede,52,0,0,10,10,0,0
pre,viewing,previewing,view,preview,115,0,0,10,10,1,0
pre,destined,predestined,destine,predestine,105,0,0,10,10,1,1
pre,digest,predigest,digest,predigest,105,0,0,10,10,1,1
pre,production,preproduction,production,preproduction,100,0,0,10,10,1,0
pre,packaged,prepackaged,package,prepackaged,105,0,0,10,10,1,1
pre,face,preface,face,preface,23,0,0,10,10,1,1
pre,judging,prejudging,judge,prejudge,105,0,0,10,10,1,0
pre,achy,preachy,achy,preachy,39,0,0,10,10,1,1
pre,tense,pretense,tense,pretense,31,0,0,10,10,1,1
pre,teen,preteen,teen,preteen,105,0,0,10,10,1,1
pre,destination,predestination,destination,predestination,101,0,0,10,10,1,1
pre,ached,preached,ache,preach,10,0,0,10,10,0,0
pre,orders,preorders,order,preorder,100,0,0,10,10,0,0
pre,fixing,prefixing,fix,prefix,87,0,0,10,10,1,0
pre,judicial,prejudicial,judicial,prejudicial,105,0,0,10,10,1,1
pre,frontal,prefrontal,frontal,prefrontal,105,0,0,10,10,1,1
pre,determined,predetermined,determine,predetermine,105,0,0,10,10,1,1
pre,teens,preteens,teens,preteen,105,0,0,10,10,1,0
pre,cede,precede,cede,precede,52,0,0,10,10,1,1
pre,form,preform,form,preform,105,0,0,10,10,1,1
pre,programmed,preprogrammed,programme,preprogrammed,100,0,0,10,10,0,0
pre,selected,preselected,select,preselected,99,0,0,10,10,1,0
pre,figuring,prefiguring,figure,prefigure,105,0,0,10,10,1,0
pre,texts,pretexts,text,pretext,68,0,0,10,10,0,0
pre,school,preschool,school,preschool,105,0,0,10,10,1,1
pro,tester,protester,tester,protester,82,0,0,10,10,1,1
pro,test,protest,test,protest,83,0,0,10,10,1,1
pro,genies,progenies,genie,progeny,41,0,0,10,10,0,0
pro,visions,provisions,vision,provisions,14,0,0,10,10,0,1
pro,creates,procreates,create,procreate,105,0,0,10,10,0,0
pro,bes,probes,be,probe,100,0,0,10,10,0,0
pro,visioning,provisioning,vision,provision,83,0,0,10,10,0,0
pro,cess,process,cess,process,64,0,0,10,10,0,1
pro,claimed,proclaimed,claim,proclaim,105,0,0,10,10,0,1
pro,positioning,propositioning,position,proposition,105,0,0,10,10,1,0
pro,created,procreated,create,procreate,105,0,0,10,10,0,0
pro,pound,propound,pound,propound,27,0,0,10,10,1,1
pro,mote,promote,mote,promote,13,0,0,10,10,1,1
pro,curator,procurator,curator,procurator,100,0,0,10,10,1,1
pro,bated,probated,bated,probate,31,0,0,10,10,1,0
pro,tests,protests,test,protest,83,0,0,10,10,0,0
pro,testers,protesters,tester,protester,82,0,0,10,10,0,0
pro,scribe,proscribe,scribe,proscribe,34,0,0,10,10,1,1
pro,vide,provide,vide,provide,32,0,0,10,10,0,1
pro,noun,pronoun,noun,pronoun,115,0,0,10,10,1,1
pro,cure,procure,cure,procure,105,0,0,10,10,1,1
pro,fess,profess,fess,profess,94,0,0,10,10,1,1
pro,ducts,products,duct,product,93,0,0,10,10,0,0
pro,lapses,prolapses,lapse,prolapse,84,0,0,10,10,0,0
pro,verb,proverb,verb,proverb,99,0,0,10,10,1,1
pro,fit,profit,fit,profit,80,0,0,10,10,1,1
pro,vocations,provocations,vocation,provocation,44,0,0,10,10,0,0
pro,poser,proposer,poser,proposer,76,0,0,10,10,1,1
pro,tease,protease,tease,protease,24,0,0,10,10,1,1
pro,claims,proclaims,claim,proclaim,105,0,0,10,10,0,0
pro,tractors,protractors,tractor,protractor,92,0,0,10,10,0,0
pro,verbs,proverbs,verb,proverbs,99,0,0,10,10,0,1
pro,cures,procures,cure,procure,105,0,0,10,10,0,0
pro,tractor,protractor,tractor,protractor,92,0,0,10,10,1,1
pro,bates,probates,bate,probate,47,0,0,10,10,0,0
pro,motes,promotes,mote,promote,13,0,0,10,10,0,0
pro,rate,prorate,rate,prorate,105,0,0,10,10,1,1
pro,slavery,proslavery,slavery,proslavery,96,0,0,10,10,1,0
pro,create,procreate,create,procreate,105,0,0,10,10,1,1
pro,fusion,profusion,fusion,profusion,55,0,0,10,10,1,1
pro,creating,procreating,create,procreate,105,0,0,10,10,0,0
pro,posed,proposed,pose,propose,105,0,0,10,10,1,0
pro,claiming,proclaiming,claim,proclaim,105,0,0,10,10,0,0
pro,ton,proton,ton,proton,30,0,0,10,10,1,1
pro,filers,profilers,filer,profilers,34,0,0,10,10,0,0
pro,scribing,proscribing,scribe,proscribe,34,0,0,10,10,0,0
pro,pose,propose,pose,propose,105,0,0,10,10,1,1
pro,lapse,prolapse,lapse,prolapse,84,0,0,10,10,1,1
pro,longed,prolonged,longe,prolong,28,0,0,10,10,0,1
pro,bed,probed,bed,probe,45,0,0,10,10,1,0
re,capping,recapping,cap,recap,99,0,0,10,10,0,0
re,investing,reinvesting,invest,reinvest,98,0,0,10,10,1,0
re,learn,relearn,learn,relearn,105,0,0,10,10,1,1
re,told,retold,tell,retold,98,0,0,10,10,0,0
re,joins,rejoins,join,rejoin,105,0,0,10,10,0,0
re,potting,repotting,pot,repot,105,0,0,10,10,0,0
re,strains,restrains,strain,restrain,102,0,0,10,10,0,0
re,awakens,reawakens,awaken,reawaken,105,0,0,10,10,0,0
re,cites,recites,cite,recite,105,0,0,10,10,0,0
re,paving,repaving,pave,repave,98,0,0,10,10,1,0
re,union,reunion,union,reunion,105,0,0,10,10,1,1
re,marketing,remarketing,market,remarket,97,0,0,10,10,1,0
re,united,reunited,unite,reunite,105,0,0,10,10,1,0
re,educated,reeducated,educate,reeducate,98,0,0,10,10,1,0
re,petitions,repetitions,petition,repetition,97,0,0,10,10,0,0
re,port,report,port,report,79,0,0,10,10,1,1
re,negotiated,renegotiated,negotiate,renegotiate,105,0,0,10,10,0,0
re,affirms,reaffirms,affirm,reaffirm,105,0,0,10,10,0,0
re,actively,reactively,active,reactive,105,0,0,10,10,1,0
re,surging,resurging,surge,resurge,105,0,0,10,10,1,0
re,interprets,reinterprets,interpret,reinterpret,105,0,0,10,10,0,0
re,currently,recurrently,current,recurrent,105,0,0,10,10,1,1
re,payment,repayment,payment,repayment,105,0,0,10,10,1,1
re,section,resection,section,resection,105,0,0,10,10,1,1
re,assembling,reassembling,assemble,reassemble,105,0,0,10,10,1,0
re,paint,repaint,paint,repaint,105,0,0,10,10,1,1
re,check,recheck,check,recheck,99,0,0,10,10,1,0
re,portable,reportable,portable,reportable,88,0,0,10,10,1,1
re,purchase,repurchase,purchase,repurchase,105,0,0,10,10,1,1
re,version,reversion,version,reversion,99,0,0,10,10,1,1
re,consolidation,reconsolidation,consolidation,reconsolidation,97,0,0,10,10,1,0
re,purchasing,repurchasing,purchase,repurchase,105,0,0,10,10,1,0
re,actors,reactors,actor,reactor,17,0,0,10,10,0,0
re,asserting,reasserting,assert,reassert,105,0,0,10,10,1,0
re,evaluate,reevaluate,evaluate,reevaluate,105,0,0,10,10,1,1
re,varnished,revarnished,varnish,revarnished,39,0,0,10,10,1,0
re,classify,reclassify,classify,reclassify,105,0,0,10,10,1,1
re,posit,reposit,posit,reposit,87,0,0,10,10,1,1
re,presents,represents,present,represent,105,0,0,10,10,0,0
re,file,refile,file,refile,100,0,0,10,99,1,0
re,fractions,refractions,fraction,refraction,101,0,0,10,10,0,0
re,enter,reenter,enter,reenter,99,0,0,10,10,1,0
re,connecting,reconnecting,connect,reconnect,99,0,0,10,10,0,0
re,collected,recollected,collect,recollect,104,0,0,10,10,1,0
re,test,retest,test,ret,64,0,0,10,10,1,0
re,visit,revisit,visit,revisit,105,0,0,10,10,1,1
re,configures,reconfigures,configure,reconfigure,99,0,0,10,10,0,0
re,boot,reboot,boot,reboot,105,1,1,10,10,1,1
re,wilds,rewilds,wild,rewild,100,0,0,10,98,0,0
re,valuations,revaluations,valuation,revaluation,105,0,0,10,10,0,0
south,western,southwestern,western,southwestern,105,0,0,10,10,1,1
south,lands,southlands,land,southlands,97,0,0,10,10,0,0
south,westerly,southwesterly,wester,southwester,105,0,0,10,10,1,1
south,west,southwest,west,southwest,105,0,0,10,10,1,1
south,easterly,southeasterly,easter,southeaster,69,0,0,10,10,1,1
south,east,southeast,east,southeast,105,0,0,10,10,1,1
south,eastern,southeastern,eastern,southeastern,105,0,0,10,10,1,1
south,ward,southward,ward,southward,87,0,0,10,10,1,1
south,bound,southbound,bound,southbound,105,0,0,10,10,1,1
sub,section,subsection,section,subsection,105,0,0,10,10,1,1
sub,human,subhuman,human,subhuman,105,0,0,10,10,1,1
sub,groups,subgroups,group,subgroup,105,0,0,10,10,0,0
sub,ducting,subducting,duct,subducting,12,0,0,10,10,0,0
sub,mission,submission,mission,submission,101,0,0,10,10,1,1
sub,space,subspace,space,subspace,105,0,0,10,10,1,1
sub,zero,subzero,zero,subzero,100,0,0,10,10,1,0
sub,scribes,subscribes,scribe,subscribe,93,0,0,10,10,0,0
sub,versions,subversions,version,subversion,100,0,0,10,10,0,0
sub,lets,sublets,let,sublet,97,0,0,10,10,0,0
sub,types,subtypes,type,subtype,100,0,0,10,99,0,0
sub,surface,subsurface,surface,subsurface,105,0,0,10,10,1,1
sub,routine,subroutine,routine,subroutine,105,1,1,10,10,1,1
sub,ordinate,subordinate,ordinate,subordinate,105,0,0,10,10,1,1
sub,tweets,subtweets,tweet,subtweets,80,0,0,10,98,0,0
sub,sections,subsections,section,subsection,105,0,0,10,10,0,0
sub,dividing,subdividing,divide,subdivide,105,0,0,10,10,0,0
sub,culture,subculture,culture,subculture,105,0,0,10,10,1,1
sub,prime,subprime,prime,subprime,100,0,0,10,98,1,0
sub,typed,subtyped,type,subtype,100,0,0,10,99,0,0
sub,stance,substance,stance,substance,50,0,0,10,10,1,1
sub,committees,subcommittees,committee,subcommittee,105,0,0,10,10,0,0
sub,contract,subcontract,contract,subcontract,105,0,0,10,10,1,1
sub,soil,subsoil,soil,subsoil,105,0,0,10,10,1,1
sub,merging,submerging,merge,submerge,97,0,0,10,10,1,1
sub,paragraph,subparagraph,paragraph,subparagraph,99,0,0,10,10,1,0
sub,level,sublevel,level,sublevel,100,0,0,10,10,1,0
sub,routines,subroutines,routine,subroutine,105,0,0,10,10,0,0
sub,assemblies,subassemblies,assembly,subassembly,88,0,0,10,10,0,0
sub,marines,submarines,marines,submarine,115,0,0,10,10,1,0
sub,spaces,subspaces,space,subspace,105,0,0,10,10,0,0
sub,stations,substations,stations,substation,100,0,0,10,10,1,0
sub,divided,subdivided,divide,subdivide,105,0,0,10,10,1,0
sub,machine,submachine,machine,submachine,99,0,0,10,10,1,0
sub,type,subtype,type,subtype,100,0,0,10,99,1,0
sub,committee,subcommittee,committee,subcommittee,105,0,0,10,10,1,1
sub,typing,subtyping,type,subtype,100,0,0,10,99,1,0
sub,mariner,submariner,mariner,submariner,105,0,0,10,10,1,1
sub,clause,subclause,clause,subclause,95,0,0,10,10,1,0
sub,texts,subtexts,text,subtext,99,0,0,10,10,0,0
sub,ordinating,subordinating,ordinate,subordinate,105,0,0,10,10,0,1
sub,sets,subsets,set,subset,105,0,0,10,10,0,0
sub,station,substation,station,substation,105,0,0,10,10,1,1
sub,let,sublet,let,sublet,97,0,0,10,10,1,1
sub,divides,subdivides,divide,subdivide,105,0,0,10,10,0,0
sub,continent,subcontinent,continent,subcontinent,105,0,0,10,10,1,1
sub,glacial,subglacial,glacial,subglacial,96,0,0,10,10,1,0
sub,due,subdue,due,subdue,94,0,0,10,10,1,1
sub,text,subtext,text,subtext,99,0,0,10,10,1,0
sub,leasing,subleasing,lease,sublease,105,0,0,10,10,0,0
super,conductor,superconductor,conductor,superconductor,99,0,0,10,10,1,0
super,novas,supernovas,nova,supernova,105,0,0,10,10,0,0
super,girl,supergirl,girl,supergirl,97,0,0,10,10,1,0
super,imposed,superimposed,impose,superimpose,99,0,0,10,10,1,1
super,charged,supercharged,charge,supercharge,105,1,1,10,10,1,1
super,models,supermodels,model,supermodel,105,0,0,10,10,0,0
super,visor,supervisor,visor,supervisor,22,0,0,10,10,1,1
super,conducting,superconducting,conduct,superconduct,98,0,0,10,10,1,0
super,conductors,superconductors,conductor,superconductor,99,0,0,10,10,0,0
super,intended,superintended,intend,superintend,90,0,0,10,10,1,0
super,imposition,superimposition,imposition,superimposition,99,0,0,10,10,1,0
super,intending,superintending,intend,superintend,90,0,0,10,10,0,0
super,charges,supercharges,charge,supercharge,105,0,0,10,10,0,0
super,computer,supercomputer,computer,supercomputer,105,0,0,10,10,1,1
super,markets,supermarkets,market,supermarket,115,0,0,10,10,0,0
super,centers,supercenters,center,supercenter,100,0,0,10,99,0,0
super,sized,supersized,size,supersized,99,0,0,10,10,1,0
super,size,supersize,size,supersize,99,0,0,10,10,1,0
super,oxide,superoxide,oxide,superoxide,105,0,0,10,10,1,1
super,imposing,superimposing,impose,superimpose,99,0,0,10,10,1,0
super,market,supermarket,market,supermarket,115,0,0,10,10,1,1
super,set,superset,set,superset,100,0,0,10,10,1,0
super,ceded,superceded,cede,superceded,47,0,0,10,10,0,0
super,human,superhuman,human,superhuman,105,0,0,10,10,1,1
super,heat,superheat,heat,superheat,99,0,0,10,10,1,0
super,station,superstation,station,superstation,99,0,0,10,10,1,0
super,posed,superposed,pose,superpose,104,0,0,10,10,1,0
super,visors,supervisors,visor,supervisor,22,0,0,10,10,0,0
super,positions,superpositions,position,superposition,103,0,0,10,10,0,0
super,sizes,supersizes,size,supersizes,80,0,0,10,98,0,0
super,powers,superpowers,power,superpower,105,0,0,10,10,0,0
super,stores,superstores,store,superstores,53,0,0,10,10,0,0
super,conductivity,superconductivity,conductivity,superconductivity,105,0,0,10,10,1,1
super,natural,supernatural,natural,supernatural,105,0,0,10,10,1,1
super,naturally,supernaturally,natural,supernatural,105,0,0,10,10,1,1
super,cool,supercool,cool,supercool,100,0,0,10,10,1,0
super,stars,superstars,star,superstar,100,0,0,10,10,0,0
super,powered,superpowered,power,superpower,105,0,0,10,10,1,0
super,user,superuser,user,superuser,96,0,0,10,10,1,0
super,visions,supervisions,vision,supervision,81,0,0,10,10,0,0
super,glue,superglue,glue,superglue,99,0,0,10,10,1,0
super,star,superstar,star,superstar,100,1,1,10,10,1,1
super,cede,supercede,cede,supercede,95,0,0,10,10,1,0
super,position,superposition,position,superposition,103,0,0,10,10,1,1
super,tanker,supertanker,tanker,supertanker,105,0,0,10,10,1,1
super,tankers,supertankers,tanker,supertanker,105,0,0,10,10,0,0
super,heroes,superheroes,heroe,superhero,61,0,0,10,10,0,0
super,intend,superintend,intend,superintend,90,0,0,10,10,1,1
super,ego,superego,ego,superego,105,0,0,10,10,1,1
super,organism,superorganism,organism,superorganism,100,0,0,10,10,1,0
sym,pathetic,sympathetic,pathetic,sympathetic,115,0,0,10,10,1,1
sym,phony,symphony,phony,symphony,1,0,0,10,10,1,1
sym,phonies,symphonies,phony,symphony,1,0,0,10,10,0,0
sym,metric,symmetric,metric,symmetric,105,0,0,10,10,1,1
sym,pathetically,sympathetically,pathetically,sympathetically,105,0,0,10,10,1,1
sym,metrical,symmetrical,metrical,symmetrical,105,0,0,10,10,1,1
syn,ching,synching,ching,synch,31,0,0,10,10,0,0
syn,taxes,syntaxes,taxis,syntaxis,74,0,0,10,10,0,0
syn,tax,syntax,tax,syntax,67,0,0,10,10,1,1
syn,optic,synoptic,optic,synoptic,86,0,0,10,10,1,1
syn,cope,syncope,cope,syncope,9,0,0,10,10,1,1
syn,thesis,synthesis,thesis,synthesis,99,0,0,10,10,1,1
tele,phone,telephone,phone,telephone,115,2,1,10,10,1,1
tele,porters,teleporters,porter,teleporter,82,0,0,10,10,0,0
tele,visions,televisions,vision,television,85,0,0,10,10,0,0
tele,type,teletype,type,teletype,99,0,0,10,10,1,0
tele,path,telepath,path,telepath,14,0,0,10,10,1,0
tele,types,teletypes,type,teletype,99,0,0,10,10,0,0
tele,graph,telegraph,graph,telegraph,60,0,0,10,10,1,1
tele,scoped,telescoped,scope,telescope,105,0,0,10,10,0,1
tele,porting,teleporting,port,teleport,95,0,0,10,10,0,0
tele,conference,teleconference,conference,teleconference,105,0,0,10,10,1,1
tele,vision,television,vision,television,85,0,0,10,10,1,1
tele,phoned,telephoned,phone,telephone,115,0,0,10,10,0,0
tele,ports,teleports,port,teleport,95,0,0,10,10,0,0
tele,photo,telephoto,photo,telephoto,105,0,0,10,10,1,1
tele,graphing,telegraphing,graph,telegraph,60,0,0,10,10,0,0
tele,graphed,telegraphed,graph,telegraph,60,0,0,10,10,0,0
tele,ported,teleported,port,teleport,95,0,0,10,10,0,0
tele,gram,telegram,gram,telegram,35,0,0,10,10,1,1
tele,marketing,telemarketing,market,telemarketing,105,0,0,10,10,1,1
tele,graphic,telegraphic,graphic,telegraphic,80,0,0,10,10,1,1
tele,casts,telecasts,cast,telecast,101,0,0,10,10,0,0
tele,thon,telethon,thon,telethon,95,0,0,10,10,0,0
tele,port,teleport,port,teleport,95,0,0,10,10,1,1
tele,scoping,telescoping,scope,telescope,105,0,0,10,10,0,0
tele,commute,telecommute,commute,telecommute,97,0,0,10,10,1,0
tele,photos,telephotos,photo,telephoto,105,0,0,10,10,0,0
tele,scopes,telescopes,scopes,telescope,96,0,0,10,10,1,0
tele,graphs,telegraphs,graph,telegraph,60,0,0,10,10,0,0
tele,prompter,teleprompter,prompter,teleprompter,105,0,0,10,10,1,1
tele,kinetic,telekinetic,kinetic,telekinetic,99,0,0,10,10,1,0
tele,paths,telepaths,path,telepath,14,0,0,10,10,0,0
tele,conferences,teleconferences,conference,teleconference,105,0,0,10,10,0,0
tele,casted,telecasted,cast,telecast,101,0,0,10,10,0,0
tele,communications,telecommunications,communications,telecommunication,105,0,0,10,10,1,0
tele,marketers,telemarketers,marketer,telemarketer,100,0,0,10,10,0,0
tele,phoning,telephoning,phone,telephone,115,0,0,10,10,0,0
tele,scope,telescope,scope,telescope,105,1,1,10,10,1,1
tele,cast,telecast,cast,telecast,101,0,0,10,10,1,1
tele,phones,telephones,phone,telephone,115,0,0,10,10,0,0
tele,communication,telecommunication,communication,telecommunication,105,0,0,10,10,1,1
trans,ponders,transponders,ponder,transponder,1,0,0,10,10,0,0
trans,mission,transmission,mission,transmission,99,0,0,10,10,1,1
trans,pose,transpose,pose,transpose,73,0,0,10,10,1,1
trans,sexual,transsexual,sexual,transsexual,105,0,0,10,10,1,1
trans,fixing,transfixing,fix,transfix,100,0,0,10,10,1,0
trans,forms,transforms,form,transform,105,0,0,10,10,0,0
trans,activation,transactivation,activation,transactivation,99,0,0,10,10,1,0
trans,fusions,transfusions,fusion,transfusion,70,0,0,10,10,0,0
trans,finite,transfinite,finite,transfinite,96,0,0,10,10,1,0
trans,formation,transformation,formation,transformation,105,0,0,10,10,1,1
trans,fixed,transfixed,fix,transfix,100,0,0,10,10,1,1
trans,figure,transfigure,figure,transfigure,80,0,0,10,10,1,1
trans,continental,transcontinental,continental,transcontinental,105,0,0,10,10,1,1
trans,fusion,transfusion,fusion,transfusion,70,0,0,10,10,1,1
trans,forming,transforming,form,transform,105,0,0,10,10,0,0
trans,plants,transplants,plant,transplant,103,0,0,10,10,0,0
trans,sexuality,transsexuality,sexuality,transsexuality,99,0,0,10,10,1,0
trans,former,transformer,former,transformer,42,0,0,10,10,1,1
trans,planted,transplanted,plant,transplant,103,0,0,10,10,1,0
trans,fuse,transfuse,fuse,transfuse,70,0,0,10,10,1,1
trans,genders,transgenders,gender,transgender,105,0,0,10,10,0,0
trans,late,translate,late,translate,8,0,0,10,10,1,1
trans,fuses,transfuses,fuse,transfuse,70,0,0,10,10,0,0
trans,position,transposition,position,transposition,105,0,0,10,10,1,1
trans,plant,transplant,plant,transplant,103,0,0,10,10,1,1
trans,acting,transacting,act,transact,105,0,0,10,10,1,0
trans,literate,transliterate,literate,transliterate,105,0,0,10,10,1,1
trans,fused,transfused,fuse,transfuse,70,0,0,10,10,1,0
trans,shipped,transshipped,ship,transship,105,0,0,10,10,0,0
trans,action,transaction,action,transaction,105,0,0,10,10,1,1
trans,ports,transports,port,transport,103,0,0,10,10,0,0
trans,formers,transformers,former,transformer,42,0,0,10,10,0,0
trans,locate,translocate,locate,translocate,98,0,0,10,10,1,1
trans,port,transport,port,transport,103,0,0,10,10,1,1
trans,acts,transacts,acts,transact,96,0,0,10,10,1,0
trans,ported,transported,port,transport,103,0,0,10,10,0,0
trans,lates,translates,lates,translate,3,0,0,10,10,1,0
trans,located,translocated,locate,translocate,98,0,0,10,10,1,0
trans,verse,transverse,verse,transverse,39,0,0,10,10,1,1
trans,personal,transpersonal,personal,transpersonal,100,0,0,10,10,1,0
trans,its,transits,it,transit,100,0,0,999999,10,0,0
trans,actions,transactions,action,transactions,101,0,0,10,10,0,1
trans,portable,transportable,portable,transportable,105,0,0,10,10,1,1
trans,oceanic,transoceanic,oceanic,transoceanic,105,0,0,10,10,1,1
trans,axle,transaxle,axle,transaxle,97,0,0,10,10,1,0
trans,poses,transposes,pose,transpose,73,0,0,10,10,0,0
trans,code,transcode,code,transcode,98,0,0,10,10,1,0
trans,mute,transmute,mute,transmute,56,0,0,10,10,1,1
trans,porting,transporting,port,transport,103,0,0,10,10,0,0
trans,location,translocation,location,translocation,99,0,0,10,10,1,1
tri,pod,tripod,pod,tripod,100,0,0,10,10,1,1
tri,athletes,triathletes,athlete,triathletes,95,0,0,10,10,0,0
tri,color,tricolor,color,tricolor,105,0,0,10,10,1,1
tri,age,triage,age,triage,12,0,0,10,10,1,1
tri,lateral,trilateral,lateral,trilateral,105,0,0,10,10,1,1
tri,vial,trivial,vial,trivial,39,0,0,10,10,1,1
tri,ton,triton,ton,triton,27,0,0,10,10,1,1
tri,test,tritest,test,trite,9,0,0,10,10,1,0
tri,dent,trident,dent,trident,13,0,0,10,10,1,1
tri,angulated,triangulated,angulate,triangulate,105,0,0,10,10,0,0
tri,pled,tripled,plead,triple,70,0,0,10,10,0,0
tri,plicate,triplicate,plicate,triplicate,101,0,0,10,10,1,1
tri,angles,triangles,angle,triangle,115,0,0,10,10,0,0
tri,angle,triangle,angle,triangle,115,0,0,10,10,1,1
tri,cycle,tricycle,cycle,tricycle,107,0,0,10,10,1,1
tri,cycles,tricycles,cycle,tricycle,107,0,0,10,10,0,0
tri,ads,triads,ad,triad,29,0,0,10,10,0,0
tri,pods,tripods,pod,tripod,100,0,0,10,10,0,0
tri,via,trivia,via,trivia,36,0,0,10,10,0,1
tri,dents,tridents,dent,trident,13,0,0,10,10,0,0
tri,fled,trifled,flee,trifle,8,0,0,10,10,0,0
tri,cyclic,tricyclic,cyclic,tricyclic,105,0,0,10,10,1,1
tri,ages,triages,age,triage,12,0,0,10,10,0,0
tri,bes,tribes,be,tribe,100,0,0,10,10,0,0
tri,fling,trifling,fling,trifle,77,0,0,10,10,1,1
tri,angular,triangular,angular,triangular,105,0,0,10,10,1,1
tri,tons,tritons,tons,triton,29,0,0,10,10,1,0
un,clasp,unclasp,clasp,unclasp,105,0,0,10,10,1,1
un,bind,unbind,bind,unbind,105,0,0,10,10,1,1
un,protected,unprotected,protect,unprotected,105,0,0,10,10,1,1
un,titled,untitled,title,untitled,105,0,0,10,10,1,1
un,equal,unequal,equal,unequal,115,0,0,10,10,1,1
un,conditional,unconditional,conditional,unconditional,105,0,0,10,10,1,1
un,known,unknown,known,unknown,115,0,0,10,10,1,1
un,naturally,unnaturally,natural,unnatural,105,0,0,10,10,1,1
un,bleached,unbleached,bleach,unbleached,105,0,0,10,10,1,1
un,planned,unplanned,plan,unplanned,105,0,0,10,10,1,1
un,ionized,unionized,ionize,unionize,56,0,0,10,10,1,1
un,charitable,uncharitable,charitable,uncharitable,105,0,0,10,10,1,1
un,fairly,unfairly,fair,unfair,115,0,0,10,10,1,1
un,balanced,unbalanced,balance,unbalance,105,0,0,10,10,1,1
un,palatable,unpalatable,palatable,unpalatable,105,0,0,10,10,1,1
un,trained,untrained,train,untrained,103,0,0,10,10,1,1
un,deliverable,undeliverable,deliverable,undeliverable,99,0,0,10,10,1,0
un,insured,uninsured,insure,uninsured,105,0,0,10,10,1,1
un,predictably,unpredictably,predictable,unpredictable,105,0,0,10,10,1,1
un,diagnosed,undiagnosed,diagnose,undiagnosed,105,0,0,10,10,0,1
un,bend,unbend,bend,unbend,105,0,0,10,10,1,1
un,chaste,unchaste,chaste,unchaste,105,0,0,10,10,1,1
un,realistic,unrealistic,realistic,unrealistic,105,0,0,10,10,1,1
un,ethical,unethical,ethical,unethical,105,0,0,10,10,1,1
un,produced,unproduced,produce,unproduced,99,0,0,10,10,0,0
un,recoverable,unrecoverable,recoverable,unrecoverable,105,0,0,10,10,1,1
un,certainly,uncertainly,certain,uncertain,115,0,0,10,10,1,1
un,forgiving,unforgiving,forgive,unforgiving,105,0,0,10,10,1,1
un,contaminated,uncontaminated,contaminate,uncontaminated,105,0,0,10,10,1,1
un,doubted,undoubted,doubt,undoubted,98,0,0,10,10,0,0
un,edited,unedited,edit,unedited,105,0,0,10,10,1,1
un,buttoned,unbuttoned,button,unbutton,105,0,0,10,10,1,1
un,impressive,unimpressive,impressive,unimpressive,105,0,0,10,10,1,1
un,coordinated,uncoordinated,coordinate,uncoordinated,105,0,0,10,10,1,1
un,plugging,unplugging,plug,unplug,105,0,0,10,10,0,0
un,its,units,it,unit,100,0,0,999999,10,0,0
un,matched,unmatched,match,unmatched,104,0,0,10,10,1,1
un,matching,unmatching,match,unmatching,99,0,0,10,10,1,0
un,grammatical,ungrammatical,grammatical,ungrammatical,105,0,0,10,10,1,1
un,responsive,unresponsive,responsive,unresponsive,105,0,0,10,10,1,1
un,tangle,untangle,tangle,untangle,105,0,0,10,10,1,1
un,compromising,uncompromising,compromise,uncompromising,105,0,0,10,10,1,1
un,coupling,uncoupling,couple,uncouple,105,0,0,10,10,1,0
un,veiling,unveiling,veil,unveil,105,0,0,10,10,1,1
un,sealing,unsealing,seal,unseal,105,0,0,10,10,1,0
un,gentlemanly,ungentlemanly,gentleman,ungentlemanly,105,0,0,10,10,1,1
un,install,uninstall,install,uninstall,99,0,0,10,98,1,0
un,tangling,untangling,tangle,untangle,105,0,0,10,10,0,1
un,relenting,unrelenting,relent,unrelenting,98,0,0,10,10,0,1
un,orthodox,unorthodox,orthodox,unorthodox,105,0,0,10,10,1,1
under,wears,underwears,wear,underwear,115,0,0,10,10,0,0
under,state,understate,state,understate,81,0,0,10,10,1,1
under,arms,underarms,arms,underarm,100,0,0,10,10,1,0
under,exposed,underexposed,expose,underexpose,105,0,0,10,10,1,0
under,lying,underlying,lying,underlying,75,0,0,10,10,1,1
under,study,understudy,study,understudy,88,0,0,10,10,1,1
under,subscribed,undersubscribed,subscribe,undersubscribed,99,0,0,10,10,1,0
under,handed,underhanded,hand,underhand,105,0,0,10,10,1,1
under,line,underline,line,underline,105,0,0,10,10,1,1
under,written,underwritten,written,underwrite,97,0,0,10,10,1,0
under,way,underway,way,underway,104,0,0,10,10,1,1
under,currents,undercurrents,current,undercurrent,105,0,0,10,10,0,0
under,dog,underdog,dog,underdog,99,0,0,10,10,1,1
under,pins,underpins,pin,underpin,90,0,0,10,10,0,0
under,estimates,underestimates,estimate,underestimate,105,0,0,10,10,0,0
under,taker,undertaker,taker,undertaker,97,0,0,10,10,1,1
under,went,underwent,gan,underwent,18,0,0,10,10,0,0
under,lining,underlining,line,underline,105,0,0,10,10,1,0
under,achieved,underachieved,achieve,underachieve,105,0,0,10,10,0,0
under,used,underused,use,underuse,99,0,0,10,10,1,0
under,classes,underclasses,classis,underclass,72,0,0,10,10,0,0
under,carriage,undercarriage,carriage,undercarriage,105,0,0,10,10,1,1
under,wear,underwear,wear,underwear,115,0,0,10,10,1,1
under,prepared,underprepared,prepare,underprepared,99,0,0,10,10,1,0
under,standing,understanding,stand,understand,78,0,0,10,10,1,1
under,bite,underbite,bite,underbite,97,0,0,10,10,1,0
under,served,underserved,serve,underserve,99,0,0,10,10,0,0
under,pricing,underpricing,price,underprice,105,0,0,10,10,1,0
under,dressed,underdressed,dress,underdress,105,0,0,10,10,1,1
under,states,understates,state,understate,81,0,0,10,10,0,0
under,rates,underrates,rates,underrate,77,0,0,10,10,1,0
under,grounds,undergrounds,grounds,underground,98,0,0,10,10,1,0
under,payment,underpayment,payment,underpayment,105,0,0,10,10,1,1
under,lies,underlies,lie,underly,97,0,0,10,10,0,0
under,water,underwater,water,underwater,115,0,0,10,10,1,1
under,side,underside,side,underside,105,0,0,10,10,1,1
under,pinning,underpinning,pin,underpin,90,0,0,10,10,1,0
under,investment,underinvestment,investment,underinvestment,99,0,0,10,10,1,0
under,appreciated,underappreciated,appreciate,underappreciated,99,0,0,10,10,1,0
under,studies,understudies,studie,understudy,77,0,0,10,10,0,0
under,current,undercurrent,current,undercurrent,105,0,0,10,10,1,1
under,nourish,undernourish,nourish,undernourish,105,0,0,10,10,1,1
under,funding,underfunding,fund,underfund,99,0,0,10,10,1,0
under,powered,underpowered,power,underpower,98,0,0,10,10,1,0
under,mine,undermine,mine,undermine,105,0,0,10,10,1,1
under,growth,undergrowth,growth,undergrowth,105,0,0,10,10,1,1
under,sold,undersold,sold,undersell,105,0,0,10,10,1,0
under,glaze,underglaze,glaze,underglaze,97,0,0,10,10,1,0
under,stands,understands,stand,understand,78,0,0,10,10,0,0
under,expose,underexpose,expose,underexpose,105,0,0,10,10,1,1
uni,forming,uniforming,form,uniform,98,0,0,10,10,0,0
uni,cycles,unicycles,cycle,unicycle,100,0,0,10,10,0,0
uni,cellular,unicellular,cellular,unicellular,105,0,0,10,10,1,1
uni,verse,universe,verse,universe,72,0,0,10,10,1,1
uni,sex,unisex,sex,unisex,105,0,0,10,10,1,1
uni,ties,unities,tie,unity,65,0,0,10,10,0,0
uni,verses,universes,verse,universe,72,0,0,10,10,0,0
uni,corn,unicorn,corn,unicorn,38,0,0,10,10,1,1
uni,formed,uniformed,form,uniform,98,0,0,10,10,1,1
uni,form,uniform,form,uniform,98,0,0,10,10,1,1
uni,forms,uniforms,form,uniform,98,0,0,10,10,0,0
uni,laterally,unilaterally,lateral,unilateral,105,0,0,10,10,1,1
uni,corns,unicorns,corn,unicorn,38,0,0,10,10,0,0
uni,cycle,unicycle,cycle,unicycle,100,0,0,10,10,1,1
uni,son,unison,son,unison,21,0,0,10,10,1,1
uni,lateral,unilateral,lateral,unilateral,105,0,0,10,10,1,1
up,side,upside,side,upside,105,0,0,10,10,1,1
up,roars,uproars,roar,uproar,105,0,0,10,10,0,0
up,scale,upscale,scale,upscale,92,0,0,10,10,1,1
up,rooting,uprooting,root,uproot,105,0,0,10,10,1,0
up,standing,upstanding,stand,upstanding,99,0,0,10,10,1,1
up,loaded,uploaded,load,upload,99,0,0,10,10,1,0
up,river,upriver,river,upriver,105,0,0,10,10,1,1
up,graded,upgraded,grade,upgrade,100,0,0,10,10,1,0
up,ping,upping,ping,up,100,0,0,10,10,1,0
up,right,upright,right,upright,105,0,0,10,10,1,1
up,tick,uptick,tick,uptick,100,0,0,10,10,1,1
up,stream,upstream,stream,upstream,115,0,0,10,10,1,1
up,holstered,upholstered,holster,upholster,93,0,0,10,10,0,0
up,swing,upswing,swing,upswing,99,0,0,10,10,1,0
up,town,uptown,town,uptown,105,0,0,10,10,1,1
up,draft,updraft,draft,updraft,103,0,0,10,10,1,1
up,sizes,upsizes,size,upsize,100,0,0,10,99,0,0
up,hold,uphold,hold,uphold,115,0,0,10,10,1,1
up,stairs,upstairs,stairs,upstairs,115,0,0,10,10,1,1
up,take,uptake,take,uptake,105,0,0,10,10,1,1
up,setting,upsetting,set,upset,50,0,0,10,10,1,1
up,set,upset,set,upset,50,0,0,10,10,1,1
up,tight,uptight,tight,uptight,115,0,0,10,10,1,1
up,lands,uplands,land,upland,105,0,0,10,10,0,0
up,sizing,upsizing,size,upsize,100,0,0,10,99,1,0
up,tempo,uptempo,tempo,uptempo,95,0,0,10,10,1,0
up,pity,uppity,pity,uppity,56,0,0,10,10,1,1
up,country,upcountry,country,upcountry,105,0,0,10,10,1,1
up,lifts,uplifts,lift,uplift,105,0,0,10,10,0,0
up,surge,upsurge,surge,upsurge,105,2,1,10,10,1,1
up,scaling,upscaling,scale,upscale,92,0,0,10,10,1,0
up,braid,upbraid,braid,upbraid,50,0,0,10,10,1,1
up,roar,uproar,roar,uproar,105,0,0,10,10,1,1
up,hill,uphill,hill,uphill,105,0,0,10,10,1,1
up,date,update,date,update,115,0,0,10,10,1,1
up,lifted,uplifted,lift,uplift,105,0,0,10,10,1,1
up,rising,uprising,rise,uprise,105,1,1,10,10,1,1
up,dating,updating,date,update,115,0,0,10,10,1,1
up,front,upfront,front,upfront,105,0,0,10,10,1,1
up,bringing,upbringing,bring,upbringing,59,0,0,10,10,1,1
up,load,upload,load,upload,99,0,0,10,10,1,1
up,turned,upturned,turn,upturned,105,0,0,10,10,1,1
up,takes,uptakes,take,uptake,105,0,0,10,10,0,0
up,dates,updates,date,update,115,0,0,10,10,0,0
up,loading,uploading,load,upload,99,0,0,10,10,1,0
up,state,upstate,state,upstate,105,0,0,10,10,1,1
up,beat,upbeat,beat,upbeat,105,0,0,10,10,1,1
up,lift,uplift,lift,uplift,105,0,0,10,10,1,1
up,lifting,uplifting,lift,uplift,105,0,0,10,10,0,1
up,stage,upstage,stage,upstage,105,0,0,10,10,1,1
