context,word,kind,important,skip,notes
stop words,a,common,1,"",""
stop words,be,common,1,"",""
stop words,in,common,1,"",""
stop words,it,common,1,"",""
stop words,me,common,1,"",""
stop words,i,common,1,"",""
stop words,you,common,1,"",""
stop words,to,common,1,"",""
stop words,of,common,1,"",""
stop words,at,common,1,"",""
stop words,he,common,1,"",""
stop words,she,common,1,"",""
stop words,they,common,1,"",""
stop words,their,common,1,"",""
stop words,theirs,common,1,"",""
stop words,his,common,1,"",""
stop words,hers,common,1,"",""
stop words,yours,common,1,"",""
stop words,my,common,1,"",""
stop words,about,common,1,"",""
stop words,because,common,1,"",""
stop words,and,common,1,"",""
obvious,up,common,1,"",""
obvious,away,common,1,"",""
obvious,cat,common,1,"",""
obvious,alive,common,1,"",""
obvious,i've,common,1,"",""
obvious,next,common,1,"",""
obvious,around,common,1,"",""
obvious,flight,common,1,"",""
obvious,yeah,common,1,"",""
obvious,whatever,common,1,"",""
obvious,anymore,common,1,"",""
obvious,pray,common,1,"",""
obvious,obey,common,1,"",""
obvious,divine,common,1,"",""
obvious,adore,common,1,"",""
obvious,wicker,common,1,"",""
initialisms,tv,common_ish,1,"",""
initialisms,cctv,rare,1,"",""
initialisms,ok,forbidden,1,"",""
initialisms,okay,common,1,"",""
initialisms,ai,common_ish,1,"",""
initialisms,aol,rare,1,"",""
initialisms,al,rare,1,"",""
initialisms,api,rare_ish,1,"",""
initialisms,atm,rare_ish,1,"",""
initialisms,ba,rare,1,"",""
initialisms,bbc,rare,1,"",""
initialisms,ca,rare,1,"",""
initialisms,cbs,rare,1,"",""
initialisms,cnn,rare,1,"",""
initialisms,cu,rare,1,"",""
initialisms,dnc,rare,1,"",""
initialisms,ds,rare,1,"",""
initialisms,dvd,rare_ish,1,"",""
initialisms,er,rare,1,"",""
initialisms,et,rare_ish,1,"",""
initialisms,ex,common,1,"",""
initialisms,fe,rare,1,"",""
initialisms,fm,rare,1,"",""
initialisms,fyi,rare,1,"",""
initialisms,nba,rare,1,"",""
initialisms,nbc,rare,1,"",""
initialisms,nfl,rare,1,"",""
initialisms,ni,rare,1,"",""
initialisms,npr,rare,1,"",""
initialisms,pdf,rare,1,"",""
initialisms,pga,rare,1,"",""
initialisms,pm,rare,1,"",""
initialisms,sms,rare,1,"",""
initialisms,uae,rare,1,"",""
initialisms,usb,rare,1,"",""
initialisms,vs,forbidden,1,"",""
initialisms,versus,common,1,"",""
initialisms / four- and five-letter initialisms,nato,common_ish,1,1,""
initialisms / four- and five-letter initialisms,hdtv,rare,1,"",""
initialisms / four- and five-letter initialisms,nasa,uncommon,1,"",""
initialisms / four- and five-letter initialisms,wifi,rare,1,"",""
initialisms / four- and five-letter initialisms,wi-fi,uncommon,1,"",""
initialisms / four- and five-letter initialisms,nafta,rare,1,"",""
initialisms / four- and five-letter initialisms,ascii,rare_ish,1,"",""
initialisms / four- and five-letter initialisms,scsi,rare,1,"",""
initialisms / four- and five-letter initialisms,http,rare_ish,1,"",""
initialisms / four- and five-letter initialisms,asean,rare,1,"",""
initialisms / four- and five-letter initialisms,aarp,rare_ish,1,"",""
initialisms / four- and five-letter initialisms,naacp,rare_ish,1,"",""
initialisms / four- and five-letter initialisms,imax,uncommon,1,"",""
initialisms / four- and five-letter initialisms,mips,uncommon,1,"",""
initialisms / four- and five-letter initialisms,oled,uncommon,1,"",""
initialisms / four- and five-letter initialisms,fifo,rare,1,"",""
initialisms / four- and five-letter initialisms,lifo,rare,1,"",""
initialisms / four- and five-letter initialisms,unix,common_ish,1,1,""
initialisms / four- and five-letter initialisms,apis,rare_ish,1,"",""
initialisms / four- and five-letter initialisms,sram,rare,1,"",""
initialisms / four- and five-letter initialisms,perl,rare,1,"",""
initialisms / four- and five-letter initialisms,noaa,rare,1,"",""
initialisms / four- and five-letter initialisms,umass,rare,1,"",""
initialisms / four- and five-letter initialisms,unhcr,rare,1,"",""
initialisms / four- and five-letter initialisms,scada,rare,1,"",""
names,ciardi,rare,1,"",""
names,tuscaloosa,rare,1,"",""
names,bors,rare,1,"",""
names,matias,rare,1,"",""
names,soweto,forbidden,1,"",""
names,steinman,rare,1,"",""
names,vicker,rare,1,"",""
names,timmins,rare,1,"",""
names,phileas,forbidden,1,"",""
names,schwantes,forbidden,1,"",""
uncommon but not rare,astray,common,1,"",""
uncommon but not rare,everyday,common,1,"",""
uncommon but not rare,faraway,common,1,"",""
uncommon but not rare,halfway,common,1,"",""
uncommon but not rare,risque,common,1,"",""
uncommon but not rare,underway,common,1,"",""
uncommon but not rare,renowned,common,1,"",""
uncommon but not rare,newfound,common,1,"",""
uncommon but not rare,shat,common,1,"",""
uncommon but not rare,bra,common,1,"",""
uncommon but not rare,daft,common,1,"",""
uncommon but not rare,evict,common,1,"",""
uncommon but not rare,flighty,common,1,"",""
uncommon but not rare,canned,common,1,"",""
uncommon but not rare,convex,common,1,"",""
uncommon but not rare,gasoline,common,1,"",""
uncommon but not rare,holy,common,1,"",""
uncommon but not rare,paroled,common,1,"",""
uncommon but not rare,saffron,common,1,"",""
uncommon but not rare,slacker,common,1,"",""
uncommon but not rare,trillion,common,1,"",""
uncommon but not rare,vanes,common,1,"",""
uncommon but not rare,chicanery,common,1,"",""
uncommon but not rare,combatants,common,1,"",""
uncommon but not rare,noncombatants,common_ish,1,1,""
uncommon but not rare,rapt,common,1,"",""
uncommon but not rare,sparkly,common,1,"",""
uncommon but not rare,splashy,common,1,"",""
uncommon but not rare,straightforward,common,1,"",""
uncommon but not rare,suicidal,common,1,"",""
uncommon but not rare,surgical,common,1,"",""
uncommon but not rare,tenuous,common,1,"",""
uncommon but not rare,tearful,common,1,"",""
uncommon but not rare,teary,common,1,"",""
uncommon but not rare,tasteless,common,1,"",""
uncommon but not rare,uncut,common,1,"",""
uncommon but not rare,viral,common,1,"",""
uncommon but not rare,wholehearted,common,1,"",""
uncommon but not rare,aground,common,1,"",""
uncommon but not rare,inbound,common,1,"",""
colloquial and slang,dude,common,1,"",""
colloquial and slang,gonna,common,1,"",""
colloquial and slang,wanna,common,1,"",""
colloquial and slang,gotta,common,1,"",""
colloquial and slang,awesome,common,1,"",""
colloquial and slang,bummer,common,1,"",""
colloquial and slang,chill,common,1,"",""
colloquial and slang,sketchy,common,1,"",""
colloquial and slang,crappy,common,1,"",""
colloquial and slang,goofy,common,1,"",""
colloquial and slang,nerdy,common,1,"",""
colloquial and slang,snarky,common,1,"",""
colloquial and slang,quirky,common,1,"",""
colloquial and slang,freaky,common,1,"",""
colloquial and slang,cheesy,common,1,"",""
colloquial and slang,trashy,common,1,"",""
colloquial and slang,grumpy,common,1,"",""
colloquial and slang,feisty,common,1,"",""
colloquial and slang,badass,common,1,"",""
colloquial and slang,cranky,common,1,"",""
food and drink,pizza,common,1,"",""
food and drink,sushi,common,1,"",""
food and drink,taco,common,1,"",""
food and drink,burrito,common,1,"",""
food and drink,burger,common,1,"",""
food and drink,pasta,common,1,"",""
food and drink,whiskey,common,1,"",""
food and drink,vanilla,common,1,"",""
food and drink,cinnamon,common,1,"",""
food and drink,garlic,common,1,"",""
food and drink,avocado,common,1,"",""
food and drink,chocolate,common,1,"",""
common animals,alligator,common,1,"",""
common animals,cheetah,common,1,"",""
common animals,dolphin,common,1,"",""
common animals,flamingo,common,1,"",""
common animals,gator,common,1,"",""
common animals,gorilla,common,1,"",""
common animals,hedgehog,common,1,"",""
common animals,jellyfish,common,1,"",""
common animals,kangaroo,common,1,"",""
common animals,octopus,common,1,"",""
common animals,penguin,common,1,"",""
common animals,raccoon,common,1,"",""
common animals,porcupine,common,1,"",""
emotions and personality,anxious,common,1,"",""
emotions and personality,cynical,common,1,"",""
emotions and personality,desperate,common,1,"",""
emotions and personality,eccentric,common,1,"",""
emotions and personality,furious,common,1,"",""
emotions and personality,gullible,common,1,"",""
emotions and personality,jealous,common,1,"",""
emotions and personality,paranoid,common,1,"",""
emotions and personality,nostalgic,common,1,"",""
emotions and personality,skeptical,common,1,"",""
emotions and personality,arrogant,common,1,"",""
emotions and personality,ecstatic,common,1,"",""
performing arts,acoustic,common,1,"",""
performing arts,ballad,common,1,"",""
performing arts,encore,common,1,"",""
performing arts,graffiti,common,1,"",""
performing arts,karaoke,common,1,"",""
performing arts,lullaby,common,1,"",""
performing arts,symphony,common,1,"",""
common science knowledge,algorithm,common,1,"",""
common science knowledge,satellite,common,1,"",""
common science knowledge,telescope,common,1,"",""
common science knowledge,molecule,common,1,"",""
common science knowledge,oxygen,common,1,"",""
common science knowledge,gravity,common,1,"",""
common science knowledge,bacteria,common,1,"",""
crime and law,alibi,common,1,"",""
crime and law,contraband,common,1,"",""
crime and law,extortion,common,1,"",""
crime and law,felony,common,1,"",""
crime and law,arson,common,1,"",""
crime and law,blackmail,common,1,"",""
crime and law,treason,common,1,"",""
medical terms everyone knows,allergic,common,1,"",""
medical terms everyone knows,bruise,common,1,"",""
medical terms everyone knows,bruised,common,1,"",""
medical terms everyone knows,bruiser,common,1,"",""
medical terms everyone knows,bruisers,common_ish,1,"",""
medical terms everyone knows,bruising,common,1,"",""
medical terms everyone knows,unbruised,uncommon,1,"",""
medical terms everyone knows,dizzy,common,1,"",""
medical terms everyone knows,insomnia,common,1,"",""
medical terms everyone knows,migraine,common,1,"",""
medical terms everyone knows,concussion,common,1,"",""
medical terms everyone knows,pneumonia,common,1,"",""
sophisticated but widely known,absurd,common,1,"",""
sophisticated but widely known,clandestine,common,1,"",""
sophisticated but widely known,eloquent,common,1,"",""
sophisticated but widely known,flamboyant,common,1,"",""
sophisticated but widely known,grotesque,common,1,"",""
sophisticated but widely known,hypocrite,common,1,"",""
sophisticated but widely known,infamous,common,1,"",""
sophisticated but widely known,macabre,common,1,"",""
sophisticated but widely known,mediocre,common,1,"",""
sophisticated but widely known,outrageous,common,1,"",""
sophisticated but widely known,preposterous,common,1,"",""
sophisticated but widely known,sinister,common,1,"",""
sophisticated but widely known,treacherous,common,1,"",""
profanity and insults,damn,common,1,"",""
profanity and insults,crap,common,1,"",""
profanity and insults,moron,common,1,"",""
profanity and insults,idiot,common,1,"",""
profanity and insults,bastard,common,1,"",""
body parts and household objects,elbow,common,1,"",""
body parts and household objects,armpit,common,1,"",""
body parts and household objects,nostril,common,1,"",""
body parts and household objects,eyebrow,common,1,"",""
body parts and household objects,doorknob,common,1,"",""
body parts and household objects,dishwasher,common,1,"",""
body parts and household objects,microwave,common,1,"",""
body parts and household objects,toothbrush,common,1,"",""
weather and natural disasters,avalanche,common,1,"",""
weather and natural disasters,blizzard,common,1,"",""
weather and natural disasters,drought,common,1,"",""
weather and natural disasters,tornado,common,1,"",""
weather and natural disasters,tsunami,common,1,"",""
weather and natural disasters,hurricane,common,1,"",""
sounds and textures,screech,common,1,"",""
sounds and textures,rumble,common,1,"",""
sounds and textures,sizzle,common,1,"",""
sounds and textures,crackle,common,1,"",""
sounds and textures,velvet,common,1,"",""
sounds and textures,velvety,common,1,"",""
sounds and textures,grit,common,1,"",""
sounds and textures,gritty,common,1,"",""
sounds and textures,slime,common,1,"",""
sounds and textures,slimy,common,1,"",""
sounds and textures,crunch,common,1,"",""
sounds and textures,crunchy,common,1,"",""
french loanwords naturalized in english,rendezvous,common,1,"",""
french loanwords naturalized in english,chauffeur,common,1,"",""
french loanwords naturalized in english,silhouette,common,1,"",""
french loanwords naturalized in english,sabotage,common,1,"",""
french loanwords naturalized in english,camouflage,common,1,"",""
japanese loanwords naturalized in english,origami,common,1,"",""
japanese loanwords naturalized in english,samurai,common,1,"",""
japanese loanwords naturalized in english,karate,common,1,"",""
japanese loanwords naturalized in english,judo,common,1,"",""
clothing and fabric,tux,common,1,"",""
clothing and fabric,tuxedo,common,1,"",""
clothing and fabric,flannel,common,1,"",""
clothing and fabric,corduroy,common,1,"",""
clothing and fabric,denim,common,1,"",""
words that sound rare but are widely known,cantankerous,common,1,"",""
words that sound rare but are widely known,curmudgeon,common,1,"",""
words that sound rare but are widely known,serendipity,common,1,"",""
words that sound rare but are widely known,brouhaha,common,1,"",""
words that sound rare but are widely known,kerfuffle,common,1,1,""
words that sound rare but are widely known,hullabaloo,common,1,"",""
words that sound rare but are widely known,bamboozle,common,1,"",""
words that sound rare but are widely known,bamboozled,common,1,"",""
words that ought to be plural but not singular,shenanigans,common,1,"",""
words that ought to be plural but not singular,shenanigan,rare,1,"",""
words that ought to be plural but not singular,cahoot,forbidden,1,"",""
words that ought to be plural but not singular,cahoots,common,1,"",""
words that ought to be plural but not singular,alice,common_ish,1,"",""
words that ought to be plural but not singular,alices,forbidden,1,"",""
common words seldom used in writing,sycophant,common,1,"",""
common words seldom used in writing,obsequious,common,1,"",""
common words seldom used in writing,nefarious,common,1,"",""
common words seldom used in writing,insidious,common,1,"",""
common words seldom used in writing,malarkey,common,1,"",""
common words seldom used in writing,tomfoolery,common,1,"",""
common words seldom used in writing,skulduggery,common,1,1,""
common words seldom used in writing,flabbergasted,common,1,"",""
modern words (post-2009),blog,common,1,"",""
modern words (post-2009),blogs,common,1,"",""
modern words (post-2009),blogged,common,1,"",""
modern words (post-2009),blogger,common,1,"",""
modern words (post-2009),bloggers,common,1,"",""
modern words (post-2009),blogging,common,1,"",""
modern words (post-2009),vlog,common_ish,1,"",""
modern words (post-2009),vlogs,common_ish,1,"",""
modern words (post-2009),vlogged,common_ish,1,"",""
modern words (post-2009),vlogging,common_ish,1,"",""
modern words (post-2009),vlogger,common_ish,1,1,""
modern words (post-2009),vloggers,common_ish,1,1,""
modern words (post-2009),selfie,common,1,"",""
modern words (post-2009),hashtag,common,1,"",""
modern words (post-2009),emoji,common,1,"",""
modern words (post-2009),meme,common,1,"",""
modern words (post-2009),malware,common,1,"",""
modern words (post-2009),trans,common,1,"",""
modern words (post-2009),bi,common,1,"",""
modern words (post-2009),poly,common,1,"",""
modern words (post-2009),polyam,common,1,"",""
modern words (post-2009),polyamory,common,1,"",""
modern words (post-2009),polyamorous,common,1,"",""
modern words (post-2009),throuple,common,1,1,""
modern words (post-2009),throuples,common,1,1,""
modern words (post-2009),thruple,forbidden,1,"",""
modern words (post-2009),thrupple,forbidden,1,"",""
modern words (post-2009),yeet,common,1,"",""
modern words (post-2009),yeets,common,1,"",""
modern words (post-2009),yeeted,common,1,"",""
modern words (post-2009),yeeting,common,1,"",""
modern words (post-2009),yote,uncommon,1,"",past tense of 'yeet'
modern words (post-2009),twerk,common,1,"",""
modern words (post-2009),twerks,common,1,"",""
modern words (post-2009),twerked,common,1,"",""
modern words (post-2009),twerking,common,1,"",""
modern words (post-2009),url,common_ish,1,1,""
modern words (post-2009),urls,common_ish,1,"",""
modern words (post-2009),urled,forbidden,1,"",""
modern words (post-2009),urling,forbidden,1,"",""
modern words (post-2009),twink,common,1,"",""
modern words (post-2009),doxxed,common,1,"",""
modern words (post-2009),doxxing,common,1,"",""
surnames in cmudict,attaway,rare,1,"",""
surnames in cmudict,beaupre,rare,1,"",""
surnames in cmudict,bergstrom,rare,1,"",""
surnames in cmudict,carstens,rare,1,"",""
surnames in cmudict,colborn,rare,1,"",""
surnames in cmudict,drinkwater,rare,1,"",""
surnames in cmudict,gruenhagen,forbidden,1,"",""
surnames in cmudict,hanauer,forbidden,1,"",""
surnames in cmudict,kirkbride,forbidden,1,"",""
surnames in cmudict,kreimer,rare,1,"",""
surnames in cmudict,lamarque,rare,1,"",""
surnames in cmudict,massingill,rare,1,"",""
surnames in cmudict,nordlund,rare,1,"",""
surnames in cmudict,pfleger,forbidden,1,"",""
surnames in cmudict,schnabel,forbidden,1,"",""
surnames in cmudict,stankiewicz,forbidden,1,"",""
surnames in cmudict,tewksbury,rare,1,"",""
surnames in cmudict,vandermeer,rare,1,"",""
surnames in cmudict,mcnaughton,forbidden,1,"",""
surnames in cmudict,brumfield,forbidden,1,"",""
more surnames,abernethy,rare,1,"",""
more surnames,baumgardner,rare,1,"",""
more surnames,crenwelge,forbidden,1,"",""
more surnames,dettweiler,forbidden,1,"",""
more surnames,eckstrom,rare,1,"",""
more surnames,fitzgibbons,rare,1,"",""
more surnames,grzelak,forbidden,1,"",""
more surnames,humpherys,forbidden,1,"",""
more surnames,iannaccone,forbidden,1,"",""
more surnames,kriegshauser,forbidden,1,"",""
more surnames,muehlberger,forbidden,1,"",""
more surnames,oesterling,forbidden,1,"",""
more surnames,przybylski,forbidden,1,"",""
more surnames,rheinhardt,forbidden,1,"",""
more surnames,thistlethwaite,forbidden,1,"",""
obscure place names,djibouti,uncommon,1,"",""
obscure place names,kinshasa,rare,1,"",""
obscure place names,liechtenstein,rare,1,"",""
obscure place names,suriname,rare,1,"",""
obscure place names,vladivostok,rare,1,"",""
obscure place names,mogadishu,uncommon,1,"",""
obscure place names,ouagadougou,rare,1,"",""
obscure place names,turkmenistan,rare,1,"",""
obscure place names,kyrgyzstan,rare,1,"",""
obscure place names,tajikistan,rare,1,"",""
obscure english words,anfractuous,rare,1,"",""
obscure english words,borborygmus,rare,1,"",""
obscure english words,clerihew,rare,1,"",""
obscure english words,colophon,rare,1,"",""
obscure english words,defenestrate,common,1,"",""
obscure english words,escritoire,rare,1,"",""
obscure english words,fylfot,rare,1,"",""
obscure english words,gallimaufry,rare,1,"",""
obscure english words,gegenschein,rare,1,"",""
obscure english words,haruspex,rare,1,"",""
obscure english words,inspissate,rare,1,"",""
obscure english words,jeremiad,rare,1,"",""
obscure english words,louche,rare,1,"",""
obscure english words,maffick,rare,1,"",""
obscure english words,narthex,rare,1,"",""
obscure english words,oppugn,rare,1,"",""
obscure english words,quahog,rare,1,"",""
obscure english words,rebarbative,rare,1,"",""
obscure english words,tatterdemalion,rare,1,"",""
obscure english words,widdershins,rare,1,"",""
literary and rhetorical terms,palimpsest,common,1,1,""
literary and rhetorical terms,quincunx,common,1,"",""
literary and rhetorical terms,tmesis,rare,1,"",""
literary and rhetorical terms,hendiadys,rare,1,"",""
literary and rhetorical terms,litotes,rare,1,"",""
literary and rhetorical terms,zeugma,rare,1,"",""
literary and rhetorical terms,chiasmus,rare,1,"",""
academic and scientific jargon,anisotropic,rare,1,"",""
academic and scientific jargon,stoichiometry,rare,1,"",""
academic and scientific jargon,titration,rare,1,"",""
academic and scientific jargon,eschaton,uncommon,1,"",""
academic and scientific jargon,eschatology,rare,1,"",""
academic and scientific jargon,homiletics,rare,1,"",""
academic and scientific jargon,hagiography,rare,1,"",""
academic and scientific jargon,isomorphic,uncommon,1,"",""
academic and scientific jargon,isomorphism,uncommon,1,"",""
academic and scientific jargon,hermeneutics,rare,1,"",""
academic and scientific jargon,eigenvalue,rare,1,"",""
academic and scientific jargon,chromatography,rare_ish,1,1,""
academic and scientific jargon,electrophoresis,rare,1,1,""
academic and scientific jargon,spectrometer,rare_ish,1,1,""
academic and scientific jargon,reagent,common,1,"",""
academic and scientific jargon,adiabatic,rare,1,"",""
obscure animals,axolotl,common,1,"",""
obscure animals,cassowary,uncommon,1,"",""
obscure animals,dugong,uncommon,1,"",""
obscure animals,echidna,common_ish,1,"",""
obscure animals,gharial,rare,1,"",""
obscure animals,pangolin,uncommon,1,"",""
obscure animals,tapir,common,1,"",""
obscure animals,numbat,rare,1,"",""
archaic vocabulary,forsooth,common_ish,1,1,""
archaic vocabulary,hauberk,uncommon,1,"",""
archaic vocabulary,varlet,rare,1,"",""
archaic vocabulary,seneschal,uncommon,1,"",""
archaic vocabulary,pottage,rare,1,"",""
archaic vocabulary,prithee,uncommon,1,"",""
archaic vocabulary,diapason,rare,1,"",""
archaic vocabulary,cynosure,rare,1,"",""
archaic vocabulary,panegyric,uncommon,1,"",""
archaic vocabulary,synecdoche,common_ish,1,1,""
archaic vocabulary,schenectady,rare,1,"",""
astronomy,umbra,uncommon,1,"",""
astronomy,penumbra,uncommon,1,"",""
astronomy,parallax,uncommon,1,"",""
astronomy,aphelion,rare,1,"",""
astronomy,perihelion,rare,1,"",""
miscellaneous rare,petrichor,uncommon,1,"",""
miscellaneous rare,spoonerism,rare_ish,1,"",""
miscellaneous rare,malapropism,rare_ish,1,"",""
miscellaneous rare,kafkaesque,rare_ish,1,"",""
miscellaneous rare,cupola,rare_ish,1,"",""
miscellaneous rare,balustrade,rare_ish,1,"",""
miscellaneous rare,evanescent,rare_ish,1,"",""
miscellaneous rare,velleity,rare,1,"",""
miscellaneous rare,zugzwang,rare_ish,1,"",""
miscellaneous rare,ephemeron,rare,1,"",""
rare (original),alam,rare,1,"",""
rare (original),bahm,rare,1,"",""
rare (original),beacham,rare,1,"",""
rare (original),bram,rare,1,"",""
rare (original),burcham,rare,1,"",""
rare (original),camm,rare,1,"",""
rare (original),cham,rare,1,"",""
rare (original),dahm,rare,1,"",""
rare (original),damm,rare,1,"",""
rare (original),dirlam,rare,1,"",""
rare (original),flam,rare,1,"",""
rare (original),flamm,rare,1,"",""
rare (original),frahm,rare,1,"",""
rare (original),gahm,rare,1,"",""
rare (original),gamm,rare,1,"",""
rare (original),graeme,rare,1,"",""
rare (original),gramm,rare,1,"",""
rare (original),hahm,rare,1,"",""
rare (original),hamm,rare,1,"",""
rare (original),hamme,rare,1,"",""
rare (original),kam,rare,1,"",""
rare (original),kamm,rare,1,"",""
rare (original),klamm,rare,1,"",""
rare (original),kram,rare,1,"",""
rare (original),kramm,rare,1,"",""
rare (original),kramme,rare,1,"",""
rare (original),kvam,rare,1,"",""
rare (original),kvamme,rare,1,"",""
rare (original),laflam,rare,1,"",""
rare (original),laflamme,rare,1,"",""
rare (original),lahm,rare,1,"",""
rare (original),lambe,rare,1,"",""
rare (original),lamm,rare,1,"",""
rare (original),lamme,rare,1,"",""
rare (original),mcclam,rare,1,"",""
rare (original),mcham,rare,1,"",""
rare (original),mclamb,rare,1,"",""
rare (original),nahm,rare,1,"",""
rare (original),nam,rare_ish,1,"",""
rare (original),pam,uncommon,1,"",""
rare (original),panam,rare,1,"",""
rare (original),pham,rare,1,"",""
rare (original),plam,rare,1,"",""
rare (original),quamme,rare,1,"",""
rare (original),rahm,rare,1,"",""
rare (original),ramm,rare,1,"",""
rare (original),sahm,rare,1,"",""
rare (original),schram,rare,1,"",""
rare (original),schramm,rare,1,"",""
rare (original),stam,rare,1,"",""
rare (original),stamm,rare,1,"",""
rare (original),stram,rare,1,"",""
rare (original),t-lam,rare,1,"",""
rare (original),tham,rare,1,"",""
rare (original),vandam,rare,1,"",""
rare (original),vandamme,rare,1,"",""
rare (original),zahm,rare,1,"",""
rare (original),sadat,rare,1,"",""
rare (original),spratt,rare,1,"",""
rare (original),arnatt,rare,1,"",""
rare (original),balyeat,rare,1,"",""
rare (original),batte,rare,1,"",""
rare (original),bhatt,rare,1,"",""
rare (original),biernat,rare,1,"",""
rare (original),blatt,rare,1,"",""
rare (original),bratt,rare,1,"",""
rare (original),catt,rare,1,"",""
rare (original),delatte,rare,1,"",""
rare (original),deslatte,rare,1,"",""
rare (original),elat,rare,1,"",""
rare (original),flatt,rare,1,"",""
rare (original),glatt,rare,1,"",""
rare (original),hatt,rare,1,"",""
rare (original),hnat,rare,1,"",""
rare (original),inmarsat,rare,1,"",""
rare (original),jagt,rare,1,"",""
rare (original),katt,rare,1,"",""
rare (original),klatt,rare,1,"",""
rare (original),krat,rare,1,"",""
rare (original),kratt,rare,1,"",""
rare (original),labatt,rare,1,"",""
rare (original),landsat,rare,1,"",""
rare (original),mcnatt,rare,1,"",""
rare (original),patt,rare,1,"",""
rare (original),platt,rare,1,"",""
rare (original),pratte,rare,1,"",""
rare (original),prevatt,rare,1,"",""
rare (original),prevatte,rare,1,"",""
rare (original),ratte,rare,1,"",""
rare (original),sarratt,rare,1,"",""
rare (original),schadt,rare,1,"",""
rare (original),shatt,rare,1,"",""
rare (original),slaght,rare,1,"",""
rare (original),tvsat,rare,1,"",""
rare (original),junco,rare,1,"",""
rare (original),stylites,rare,1,"",""
rare (original),devine,rare,1,"",""
rare (original),pote,rare,1,"",""
rare (original),fifer,rare,1,"",""
rare word forms,rebruised,rare,1,"",""
rare word forms,rebruiser,rare,1,"",""
rare word forms,rebruisers,rare,1,"",""
rare word forms,rebruising,rare,1,"",""
rare word forms,bruisedness,rare,1,"",""
rare word forms,bruisednesses,rare,1,"",""
rare word forms,bruisingly,rare,1,"",""
rare word forms,unbruise,rare,1,"",""
rare word forms,unbruising,rare,1,"",""
rare word forms,unrebruised,forbidden,1,"",""
rare word forms,unrebruising,forbidden,1,"",""
rare word forms,unrebruisedness,forbidden,1,"",""
rare word forms,unrebruisednesses,forbidden,1,"",""
rare word forms,unrebruisingly,forbidden,1,"",""
rare word forms,unrebruisingness,forbidden,1,"",""
rare word forms,unrebruisingnesses,forbidden,1,"",""
rare word forms,unrebruisingly,forbidden,1,"",""
rare word forms,rerebruised,forbidden,1,"",""
inflections,sky,common,1,"",""
inflections,skies,common,1,"",""
inflections,skys,rare,1,"",""
inflections,skying,rare,1,1,""
inflections,goose,common,1,"",""
inflections,geese,common,1,"",""
inflections,gooses,common,1,1,""
inflections,mouse,common,1,"",""
inflections,mice,common,1,"",""
inflections,mouses,uncommon,1,"",""
inflections,mousing,uncommon,1,"",""
inflections,moused,uncommon,1,"",""
inflections,mousingly,rare,1,"",""
inflections,mousiness,common_ish,1,1,""
inflections,mousinesses,rare,1,"",""
inflections,mousinessly,rare,1,"",""
inflections,mouser,common_ish,1,"",""
inflections,mousers,common_ish,1,"",""
inflections,fox,common,1,"",""
inflections,foxes,common,1,"",""
inflections,foxs,forbidden,1,"",""
inflections,foxed,rare,1,"",""
inflections,foxing,rare,1,"",""
inflections,foxly,rare,1,"",""
inflections,foxy,common,1,"",""
inflections,foxyness,rare,1,"",""
inflections,foxily,common_ish,1,1,""
inflections,foxyly,rare,1,"",""
inflections,foxiness,common_ish,1,1,""
inflections,foxinesses,rare,1,"",""
inflections,foxier,common,1,"",""
inflections,foxiest,common,1,"",""
inflections,foxyer,forbidden,1,"",""
inflections,foxyest,forbidden,1,"",""
inflections,foxynesses,forbidden,1,"",""
inflections,crotch,common,1,"",""
inflections,crotches,common,1,"",""
inflections,crotchs,forbidden,1,"",""
inflections,crotched,rare,1,"",""
inflections,crotching,rare,1,"",""
inflections,tulip,common,1,"",""
inflections,tulips,common,1,"",""
inflections,tulipes,forbidden,1,"",""
inflections,tulipped,rare,1,"",""
inflections,tulipping,rare,1,"",""
inflections,free,common,1,"",""
inflections,frees,common,1,"",""
inflections,freed,common,1,"",""
inflections,freer,common,1,"",""
inflections,freest,common,1,"",""
inflections,freeing,common,1,"",""
inflections,ghost,common,1,"",""
inflections,ghosts,common,1,"",""
inflections,ghosted,common,1,"",""
inflections,ghosting,common,1,"",""
inflections,ghostly,common,1,"",""
inflections,campal,forbidden,1,"",spurious *al* from *campus* if *us→*al-style rules ever return
inflections,mochaed,forbidden,1,"",""
inflections,mochaer,forbidden,1,"",""
inflections,mochaest,forbidden,1,"",""
inflections,mochaing,forbidden,1,"",""
inflections,white,common,1,"",""
inflections,whiter,common,1,"",""
inflections,whitest,common,1,"",""
inflections,magenta,common,1,"",""
inflections,magentaed,forbidden,1,"",""
inflections,magentaer,forbidden,1,"",""
inflections,magentaest,forbidden,1,"",""
inflections,magentad,forbidden,1,"",""
inflections,magentar,forbidden,1,"",""
inflections,magentast,forbidden,1,"",""
inflections,recherche,common,1,"",""
inflections,rechercher,rare,1,"",""
inflections,rechercheer,forbidden,1,"",""
inflections,recherched,forbidden,1,"",""
inflections,rechercheed,forbidden,1,"",""
inflections,recherchest,rare,1,"",""
inflections,rechercheest,rare,1,"",""
inflections,khaki,common,1,"",""
inflections,khakis,common,1,"",""
inflections,khakied,forbidden,1,"",""
inflections,khakier,rare,1,"",""
inflections,khakiest,rare,1,"",""
inflections,jumbo,common,1,"",""
inflections,jumboed,forbidden,1,"",""
inflections,jumboer,rare,1,"",""
inflections,jumboest,rare,1,"",""
inflections,taboo,common,1,"",""
inflections,taboos,common,1,"",""
inflections,tabood,rare,1,"",""
inflections,tabooed,forbidden,1,"",""
inflections,tabooer,rare,1,"",""
inflections,tabooest,rare,1,"",""
inflections,impromptu,common,1,"",""
inflections,impromptus,rare,1,"",""
inflections,impromptud,forbidden,1,"",""
inflections,impromptued,forbidden,1,"",""
inflections,impromptuer,rare,1,"",""
inflections,impromptuest,rare,1,"",""
inflections,happy,common,1,"",""
inflections,happyer,forbidden,1,"",""
inflections,happier,common,1,"",""
inflections,happyest,forbidden,1,"",""
inflections,happiest,common,1,"",""
inflections,ant,common,1,"",""
inflections,ants,common,1,"",""
inflections,anting,forbidden,1,"",""
inflections,buddier,forbidden,1,"",""
inflections,drabbed,forbidden,1,"",""
spurious inherited frequency,kitchening,forbidden,1,"",""
spurious inherited frequency,cousining,forbidden,1,"",""
spurious inherited frequency,jealousing,forbidden,1,"",""
spurious inherited frequency,beautying,forbidden,1,"",""
spurious inherited frequency,opinioning,forbidden,1,"",""
spurious inherited frequency,attorneying,forbidden,1,"",""
spurious inherited frequency,televisioning,forbidden,1,"",""
spurious inherited frequency,permissioning,forbidden,1,"",""
spurious inherited frequency,secretarying,forbidden,1,"",""
spurious inherited frequency,missioning,forbidden,1,"",""
spurious inherited frequency,conversationing,forbidden,1,"",""
spurious inherited frequency,dearing,forbidden,1,"",""
spurious inherited frequency,deering,forbidden,1,"",""
hyphenated words / without existing final words,avant-garde,common,1,"",""
hyphenated words / without existing final words,cul-de-sac,common,1,"",""
hyphenated words / without existing final words,culs-de-sac,uncommon,1,"",""
hyphenated words / without existing final words,cul-de-sacs,common,1,"",""
hyphenated words / without existing final words,culdesac,forbidden,1,"",""
hyphenated words / without existing final words,culdesacs,forbidden,1,"",""
hyphenated words / without existing final words,hoity-toity,common_ish,1,"",""
hyphenated words / without existing final words,hoity-toitys,forbidden,1,"",""
hyphenated words / without existing final words,hoity-toities,forbidden,1,"",""
hyphenated words / without existing final words,namby-pamby,common_ish,1,"",""
hyphenated words / without existing final words,namby-pambys,forbidden,1,"",""
hyphenated words / without existing final words,namby-pambies,rare,1,"",""
hyphenated words / without existing final words,coco-de-mer,rare_ish,1,"",""
hyphenated words / without existing final words,sans-culotte,rare_ish,1,"",""
hyphenated words / without existing final words,sans-culottes,rare_ish,1,"",""
hyphenated words / without existing final words,dinky-di,rare,1,"",""
hyphenated words / without existing final words,topsy-turvy,common_ish,1,"",""
hyphenated words / without existing final words,topsy-turvies,rare,1,"",""
hyphenated words / without existing final words,topsy-turvys,forbidden,1,"",""
hyphenated words / without existing final words,topsy-turvying,forbidden,1,"",""
hyphenated words / without existing final words,topsy-turvier,rare_ish,1,"",""
hyphenated words / without existing final words,topsy-turviest,rare_ish,1,"",""
hyphenated words / without existing final words,boogie-woogie,forbidden,1,"",""
hyphenated words / without existing final words,hanky-panky,forbidden,1,"",""
hyphenated words / without existing final words,heebie-jeebie,forbidden,1,"",""
hyphenated words / without existing final words,heebie-jeebies,forbidden,1,"",""
hyphenated words / without existing final words,hara-kiri,forbidden,1,"",""
hyphenated words / without existing final words,itsy-bitsy,common_ish,1,"",""
hyphenated words / without existing final words,hurdy-gurdy,rare_ish,1,1,""
hyphenated words / without existing final words,okey-dokey,common_ish,1,1,""
hyphenated words / without existing final words,tutti-frutti,forbidden,1,"",""
hyphenated words / without existing final words,willy-nilly,common_ish,1,"",""
hyphenated words / without existing final words,pell-mell,forbidden,1,"",""
hyphenated words / without existing final words,flim-flam,forbidden,1,"",""
hyphenated words / without existing final words,savoir-faire,common_ish,1,1,""
hyphenated words / without existing final words,papier-mache,common_ish,1,"",""
hyphenated words / without existing final words,pince-nez,forbidden,1,"",""
hyphenated words / without existing final words,cock-a-doodle-doo,common_ish,1,1,""
hyphenated words / without existing final words,roly-poly,common_ish,1,"",""
hyphenated words / with existing final words,ping-pong,common_ish,1,1,""
hyphenated words / with existing final words,yo-yo,common,1,"",""
hyphenated words / with existing final words,yoyo,forbidden,1,"",""
hyphenated words / with existing final words,about-face,rare,1,"",""
hyphenated words / with existing final words,face-to-face,rare,1,"",""
hyphenated words / with existing final words,good-looking,rare,1,"",""
hyphenated words / with existing final words,eye-catching,rare,1,"",""
hyphenated words / with existing final words,long-term,rare,1,"",""
hyphenated words / with existing final words,record-breaking,rare,1,"",""
hyphenated words / with existing final words,laid-back,rare,1,"",""
hyphenated words / with existing final words,one-sided,rare,1,1,""
hyphenated words / with existing final words,non-stop,rare,1,"",""
hyphenated words / with existing final words,one-way,rare,1,"",""
hyphenated words / with existing final words,two-way,rare,1,"",""
hyphenated words / with existing final words,well-known,rare,1,"",""
hyphenated words / with existing final words,well-being,rare,1,"",""
hyphenated words / with existing final words,old-fashioned,forbidden,1,"",""
hyphenated words / with existing final words,oldfashioned,forbidden,1,"",""
hyphenated words / with existing final words,left-handed,rare,1,"",""
hyphenated words / with existing final words,mother-in-law,rare,1,"",""
hyphenated words / with existing final words,nitty-gritty,rare,1,"",""
hyphenated words / with existing final words,helter-skelter,rare_ish,1,"",""
hyphenated words / with existing final words,self-defense,rare,1,"",""
hyphenated words / with existing final words,up-to-date,rare,1,"",""
hyphenated words / with existing final words,ding-dong,rare,1,"",""
hyphenated words / with existing final words,boo-boo,rare_ish,1,"",""
hyphenated words / with existing final words,aye-aye,rare,1,"",""
hyphenated words / with existing final words,ha-ha,rare,1,"",""
hyphenated words / with existing final words,so-so,rare,1,"",""
hyphenated words / with existing final words,badass,common,1,"",""
hyphenated words / with existing final words,bad-ass,forbidden,1,"",""
hyphenated words / with existing final words,checkup,common,1,"",""
hyphenated words / with existing final words,check-up,forbidden,1,"",""
hyphenated words / with existing final words,heads-up,forbidden,1,"",""
hyphenated words / with existing final words,headsup,forbidden,1,"",""
hyphenated words / with existing final words,self-portrait,forbidden,1,"",""
hyphenated words / with existing final words,self-portraits,forbidden,1,"",""
hyphenated words / with existing final words,selfportrait,forbidden,1,"",""
hyphenated words / with existing final words,selfportraits,forbidden,1,"",""
hyphenated words / with existing final words,babysit,common,1,"",""
hyphenated words / with existing final words,baby-sit,forbidden,1,"",""
hyphenated words / with existing final words,babysitter,common,1,"",""
hyphenated words / with existing final words,baby-sitter,forbidden,1,"",""
hyphenated words / with existing final words,babysitting,common,1,"",""
hyphenated words / with existing final words,baby-sitting,forbidden,1,"",""
hyphenated words / with existing final words,psychosocial,uncommon,1,"",""
hyphenated words / with existing final words,psycho-social,forbidden,1,"",""
hyphenated words / with existing final words,ad-hoc,common,1,"",""
hyphenated words / with existing final words,adhoc,forbidden,1,"",""
hyphenated words / with existing final words,ad-lib,common,1,"",""
hyphenated words / with existing final words,adlib,forbidden,1,"",""
hyphenated words / with existing final words,able-bodied,forbidden,1,"",""
hyphenated words / with existing final words,ablebodied,forbidden,1,"",""
hyphenated words / with existing final words,non-paying,uncommon,1,"",""
hyphenated words / with existing final words,nonpaying,forbidden,1,"",""
hyphenated words / with existing final words,nonpoisonous,uncommon,1,"",""
hyphenated words / with existing final words,non-poisonous,forbidden,1,"",""
explicitly forbidden,gypsy,forbidden,1,"",""
explicitly forbidden,gypsys,forbidden,1,"",""
explicitly forbidden,gypsies,forbidden,1,"",""
explicitly forbidden,gypsyism,forbidden,1,"",""
explicitly forbidden,gypsyisms,forbidden,1,"",""
explicitly forbidden,gypsying,forbidden,1,"",""
explicitly forbidden,gyp,forbidden,1,"",""
explicitly forbidden,gypped,forbidden,1,"",""
explicitly forbidden,gypping,forbidden,1,"",""
explicitly forbidden,tranny,forbidden,1,"",""
explicitly forbidden,trannys,forbidden,1,"",""
explicitly forbidden,trannies,forbidden,1,"",""
explicitly forbidden,trannies,forbidden,1,"",""
explicitly forbidden,trannying,forbidden,1,"",""
explicitly forbidden,faggot,forbidden,1,"",""
explicitly forbidden,fag,common,1,"",this is fine I guess
explicitly forbidden,spic,forbidden,1,"",""
explicitly forbidden,spics,forbidden,1,"",""
explicitly forbidden,spice,common,1,"",naive prefix matching is too broad
common_words.txt,bluejeans,uncommon,1,"",""
common_words.txt,fedex,uncommon,1,"",""
common_words.txt,flyby,common,1,"",""
common_words.txt,golly,common,1,"",""
common_words.txt,gotcha,common,1,"",""
common_words.txt,horsey,common,1,"",""
common_words.txt,jacuzzi,common,1,"",""
common_words.txt,oversell,common_ish,1,"",""
common_words.txt,oversold,common_ish,1,"",""
common_words.txt,something,common,1,"",""
common_words.txt,tootsie,common,1,"",""
common_words.txt,tremens,rare_ish,1,"",""
common_words.txt,waterbed,common,1,"",""
common_words.txt,waterbeds,common,1,"",""
common_words.txt,willie,uncommon,1,"",""
common_words.txt,accelerant,common,1,"",""
common_words.txt,accelerants,common,1,"",""
common_words.txt,acceleranted,rare,1,"",""
common_words.txt,annualize,rare_ish,1,"",""
common_words.txt,annualizes,rare_ish,1,"",""
common_words.txt,annualized,rare_ish,1,"",""
common_words.txt,annualizee,forbidden,1,"",""
common_words.txt,annualizees,forbidden,1,"",""
common_words.txt,antidrug,uncommon,1,"",""
common_words.txt,antismoking,uncommon,1,"",""
common_words.txt,audiophile,common,1,"",""
common_words.txt,audiophiles,common,1,"",""
common_words.txt,bankshare,uncommon,1,"",""
common_words.txt,bankshares,uncommon,1,"",""
common_words.txt,carjack,common_ish,1,"",""
common_words.txt,carjacker,common_ish,1,"",""
common_words.txt,carjackers,common_ish,1,"",""
common_words.txt,carjacking,common_ish,1,"",""
common_words.txt,cataloging,common,1,"",""
common_words.txt,catalogging,forbidden,1,"",""
common_words.txt,clocker,common,1,"",""
common_words.txt,clockers,common,1,"",""
common_words.txt,departmentalize,common_ish,1,"",""
common_words.txt,departmentalized,common_ish,1,"",""
common_words.txt,departmentalizes,common_ish,1,"",""
common_words.txt,departmentalization,common_ish,1,"",""
common_words.txt,deregulate,common_ish,1,"",""
common_words.txt,deregulated,common_ish,1,"",""
common_words.txt,deregulates,common_ish,1,"",""
common_words.txt,deregulation,common_ish,1,"",""
common_words.txt,deregulator,common_ish,1,"",""
common_words.txt,deregulators,common_ish,1,"",""
common_words.txt,dewire,rare_ish,1,"",""
common_words.txt,doomsayer,common,1,"",""
common_words.txt,doomsayers,common,1,"",""
common_words.txt,endeavored,common,1,"",""
common_words.txt,entrail,common,1,"",""
common_words.txt,entrails,common,1,"",""
common_words.txt,ethnomusicologist,uncommon,1,"",""
common_words.txt,ferromagnet,uncommon,1,"",""
common_words.txt,glock,common_ish,1,"",""
common_words.txt,gramophone,common,1,"",""
common_words.txt,gramophons,forbidden,1,"",""
common_words.txt,gramophones,common,1,"",""
common_words.txt,gramaphone,forbidden,1,"",""
common_words.txt,gramaphones,forbidden,1,"",""
common_words.txt,grandbabies,common_ish,1,"",""
common_words.txt,grandbaby,common_ish,1,"",""
common_words.txt,gussied,common,1,"",""
common_words.txt,gussy,common,1,"",""
common_words.txt,herniate,common_ish,1,"",""
common_words.txt,homosapiens,forbidden,1,"",""
common_words.txt,longspur,uncommon,1,"",""
common_words.txt,longspurs,uncommon,1,"",""
common_words.txt,mindboggling,uncommon,1,"",""
common_words.txt,multiline,uncommon,1,"",""
common_words.txt,nighter,rare_ish,1,"as in 'all-nighter'",""
common_words.txt,nighters,rare_ish,1,"as in 'all-nighters'",""
common_words.txt,nighting,forbidden,1,"",""
common_words.txt,knighting,common,1,"",""
common_words.txt,norlander,rare,1,"",""
common_words.txt,norlanders,rare,1,"",""
common_words.txt,overbuild,uncommon,1,"",""
common_words.txt,overbuilding,uncommon,1,"",""
common_words.txt,pompom,common,1,"",""
common_words.txt,pompoms,common,1,"",""
common_words.txt,reallowance,uncommon,1,"",""
common_words.txt,rebook,uncommon,1,"",""
common_words.txt,rebooked,uncommon,1,"",""
common_words.txt,rebooks,uncommon,1,"",""
common_words.txt,rebooking,uncommon,1,"",""
common_words.txt,recapitalization,rare,1,"",""
common_words.txt,recapitalizations,rare,1,"",""
common_words.txt,recordkeeping,rare,1,"",""
common_words.txt,refile,common,1,"",""
common_words.txt,refiled,common,1,"",""
common_words.txt,refiles,common,1,"",""
common_words.txt,renationalize,rare,1,"",""
common_words.txt,renationalized,rare,1,"",""
common_words.txt,rezoning,common_ish,1,"",""
common_words.txt,servicer,common_ish,1,"",""
common_words.txt,sharecrop,common_ish,1,"",""
common_words.txt,slusher,common_ish,1,"",""
common_words.txt,smartcard,rare_ish,1,"",""
common_words.txt,stockbroker,common,1,"",""
common_words.txt,stockbroking,uncommon,1,"",""
common_words.txt,subtype,common,1,"",""
common_words.txt,subtyping,common,1,"",""
common_words.txt,supercenter,common,1,"",""
common_words.txt,tavernier,common_ish,1,"",""
common_words.txt,wiseguy,uncommon,1,"",""
common_words.txt,yikes,common,1,"",""
common_words.txt,blowdry,uncommon,1,"",""
common_words.txt,chilies,common,1,"",""
common_words.txt,cush,common,1,"",""
common_words.txt,gangbuster,common,1,"",""
common_words.txt,glassmaker,common_ish,1,1,""
common_words.txt,glassmaking,common_ish,1,"",""
common_words.txt,glassmake,forbidden,1,"",""
common_words.txt,glassmakes,forbidden,1,"",""
common_words.txt,glassmade,rare,1,"",""
common_words.txt,grandkids,common,1,"",""
common_words.txt,grinch,common,1,"",""
common_words.txt,humored,common,1,"",""
common_words.txt,humoring,common,1,"",""
common_words.txt,institutionalist,uncommon,1,"",""
common_words.txt,pour,common,1,"",""
common_words.txt,poured,common,1,"",""
common_words.txt,pouring,common,1,"",""
common_words.txt,downpour,common_ish,1,"",""
tacommon_words.txt,downpoured,common_ish,1,"",""
common_words.txt,downpouring,common_ish,1,"",""
common_words.txt,outpour,common_ish,1,"",""
common_words.txt,outpoured,common_ish,1,"",""
common_words.txt,outpouring,common_ish,1,"",""
common_words.txt,recon,common,1,"",""
common_words.txt,redistricting,uncommon,1,"",""
common_words.txt,regionalize,uncommon,1,"",""
common_words.txt,regionalized,uncommon,1,"",""
common_words.txt,regionalizes,uncommon,1,"",""
common_words.txt,regionalizing,uncommon,1,"",""
common_words.txt,scientologist,common,1,"",""
common_words.txt,scientologists,common,1,"",""
common_words.txt,scoping,common,1,"",""
common_words.txt,sensationalize,common,1,"",""
common_words.txt,sensationalized,common,1,"",""
common_words.txt,sensationalizes,common,1,"",""
common_words.txt,sensationalizing,common,1,"",""
common_words.txt,shant,forbidden,1,"",""
common_words.txt,shan't,common,1,"",""
common_words.txt,shader,common,1,"",""
common_words.txt,shortchange,common,1,"",""
common_words.txt,shortchanged,common,1,"",""
common_words.txt,superhero,common,1,"",""
common_words.txt,superheros,forbidden,1,"",""
common_words.txt,superheroes,common,1,"",""
common_words.txt,unsubscribe,common_ish,1,"",""
common_words.txt,upsize,common,1,"",""
common_words.txt,upsizing,common,1,"",""
common_words.txt,finessed,common,1,"",""
common_words.txt,getter,common,1,"",""
common_words.txt,getters,common,1,"",""
common_words.txt,wire,common,1,"",""
common_words.txt,wires,common,1,"",""
common_words.txt,wired,common,1,"",""
common_words.txt,wiring,common,1,"",""
common_words.txt,wireing,forbidden,1,"",""
common_words.txt,hardwire,common_ish,1,"",""
common_words.txt,hardwired,common_ish,1,"",""
common_words.txt,imagineer,common_ish,1,"",""
common_words.txt,imagineering,common_ish,1,"",""
common_words.txt,incant,common,1,"",""
common_words.txt,keto,common,1,"",""
common_words.txt,miscommunication,common,1,"",""
common_words.txt,ripoff,common,1,"",""
common_words.txt,tipoff,common,1,"",""
common_words.txt,standout,common,1,"",""
common_words.txt,standouts,common,1,"",""
common_words.txt,even,common,1,"",""
rare_words.txt,abidjan,rare,1,"",""
rare_words.txt,ane,rare,1,"",""
rare_words.txt,bataan,rare,1,"",""
rare_words.txt,bhutan,rare,1,"",""
rare_words.txt,bis,rare,1,"",""
rare_words.txt,burry,rare,1,"",""
rare_words.txt,dhahran,rare,1,"",""
rare_words.txt,fide,rare,1,"",""
rare_words.txt,gibran,rare,1,"",""
rare_words.txt,golan,rare,1,"",""
rare_words.txt,hahn,rare,1,"",""
rare_words.txt,kahn,rare,1,"",""
rare_words.txt,lausanne,rare,1,"",""
rare_words.txt,maran,rare,1,"",""
rare_words.txt,maron,rare,1,"",""
rare_words.txt,moldovan,rare,1,"",""
rare_words.txt,mon,rare,1,"",""
rare_words.txt,oran,rare,1,"",""
rare_words.txt,pon,rare,1,"",""
rare_words.txt,sonne,rare,1,"",""
rare_words.txt,sorbonne,rare,1,"",""
rare_words.txt,subacute,rare,1,"",""
rare_words.txt,urey,rare,1,"",""
rare_words.txt,xian,rare,1,"",""
rare_words.txt,zon,rare,1,"",""
random sample,needlesest,forbidden,1,"",""
random sample,needlessest,forbidden,1,"",""
random sample,exit,common,1,"",""
random sample,exits,common,1,"",""
random sample,exited,common,1,"",""
random sample,exiting,common,1,"",""
random sample,alpine,common,1,"",""
random sample,alpined,forbidden,1,"",""
random sample,alpines,rare,1,"",""
random sample,alpiner,forbidden,1,"",""
random sample,alpinest,forbidden,1,"",""
random sample,alpining,forbidden,1,"",""
random sample,success,common,1,"",""
random sample,successor,common,1,"",""
random sample,successors,common,1,"",""
random sample,succeed,common,1,"",""
random sample,succeedd,forbidden,1,"",""
random sample,succeeds,common,1,"",""
random sample,succeeded,common,1,"",""
random sample,succeeding,common,1,"",""
random sample,succeedor,forbidden,1,"",""
random sample,succeedors,forbidden,1,"",""
random sample,posse,common,1,"",""
random sample,posses,common,1,"",""
random sample,possess,common,1,"",""
random sample,possessor,common,1,"",""
random sample,possesser,forbidden,1,"",spelling variant
random sample,poseser,forbidden,1,"",""
random sample,posesor,forbidden,1,"",""
random sample,whip,common,1,"",""
random sample,whips,common,1,"",""
random sample,whipe,forbidden,1,"",""
random sample,whiping,forbidden,1,"",""
random sample,whiped,forbidden,1,"",""
random sample,whipes,forbidden,1,"",""
random sample,whipped,common,1,"",""
random sample,whipping,common,1,"",""
random sample,whippeding,forbidden,1,"",""
random sample,whippedings,forbidden,1,"",""
random sample,adore,common,1,"",""
random sample,adoration,common,1,"",""
random sample,observe,common,1,"",""
random sample,observable,common,1,"",""
random sample,observables,common,1,"",""
random sample,observeable,forbidden,1,"",""
random sample,observeables,forbidden,1,"",""
random sample,malign,common,1,"",""
random sample,maligns,common,1,"",""
random sample,maligned,common,1,"",""
random sample,maligner,rare,1,"",""
random sample,malignest,forbidden,1,"",""
random sample,malignant,common,1,"",""
random sample,malignance,common_ish,1,1,""
random sample,malignancy,common,1,"",""
random sample,malignancys,forbidden,1,"",""
random sample,malignancies,common,1,"",""
random sample,present,common,1,"",""
random sample,presents,common,1,"",""
random sample,presentss,forbidden,1,"",""
random sample,presented,common,1,"",""
random sample,presenting,common,1,"",""
random sample,presenteds,forbidden,1,"",""
random sample,presentd,forbidden,1,"",""
random sample,presentsed,forbidden,1,"",""
random sample,presentsing,forbidden,1,"",""
random sample,presentssed,forbidden,1,"",""
random sample,presentssing,forbidden,1,"",""
random sample,presence,common,1,"",""
random sample,presencing,common_ish,1,1,""
random sample,nubbin,rare,1,"",""
random sample,fealest,rare,1,"",""
random sample,byrnies,rare,1,"",""
random sample,klaas,rare,1,"",""
random sample,ecu,rare,1,"",""
random sample,brux,rare,1,"",""
random sample,disbased,rare,1,"",""
random sample,reconcile,common,1,"",""
random sample,reconciled,common,1,"",""
random sample,reconciles,common,1,"",""
random sample,reconciling,common,1,"",""
random sample,reconcils,forbidden,1,"",""
random sample,reconcilest,forbidden,1,"",""
random sample,reconcileing,forbidden,1,"",""
random sample,reconcileding,forbidden,1,"",""
random sample,reconciledest,forbidden,1,"",""
random sample,reconcilesest,forbidden,1,"",""
random sample,unreconcile,rare,1,"",""
random sample,unreconciled,rare,1,"",""
random sample,unreconciles,rare,1,"",""
random sample,pagan,common,1,"",""
random sample,paganic,rare,1,"",""
random sample,millan,rare,1,"",""
random sample,bore,common,1,"",""
random sample,bores,common,1,"",""
random sample,borest,forbidden,1,"",""
random sample,boring,common,1,"",""
random sample,boreing,forbidden,1,"",""
random sample,bored,common,1,"",""
random sample,boreding,forbidden,1,"",""
random sample,largesse,common,1,"",""
random sample,largessed,forbidden,1,"",""
random sample,gas,common,1,"",""
random sample,gases,common,1,"",""
random sample,gasses,common,1,"",""
random sample,gassed,common,1,"",""
random sample,gassing,common,1,"",""
random sample,gasser,common,1,"",""
random sample,gass,forbidden,1,"",""
random sample,gassers,forbidden,1,"",""
random sample,gasserst,forbidden,1,"",""
random sample,gaser,forbidden,1,"",""
random sample,gasers,forbidden,1,"",""
random sample,gased,forbidden,1,"",""
random sample,gaseding,forbidden,1,"",""
random sample,gasseding,forbidden,1,"",""
random sample,gassedest,forbidden,1,"",""
random sample,gasest,forbidden,1,"",""
random sample,gassest,forbidden,1,"",""
random sample,jahr,rare,1,"",""
random sample,kholop,rare,1,"",""
random sample,reard,rare,1,"",""
random sample,quagmire,common,1,"",""
random sample,persecutors,common,1,"",""
random sample,promoter,common,1,"",""
random sample,aldama,rare,1,"",""
random sample,lumbersome,rare,1,"",""
random sample,hbox,rare,1,"",""
random sample,detainee,common,1,"",""
random sample,necrophilia,common,1,"",""
random sample,necrophilias,rare,1,"",""
random sample,chairman,common,1,"",""
random sample,chairmanned,rare,1,"",""
random sample,sinned,common,1,"",""
random sample,sinneded,forbidden,1,"",""
random sample,ansible,common_ish,1,"",""
random sample,ansibles,common_ish,1,"",""
random sample,walling,common,1,"",""
random sample,yarns,common,1,"",""
random sample,poyner,rare,1,"",""
random sample,handshake,common,1,"",""
random sample,noss,rare,1,"",""
random sample,ligger,rare,1,"",""
random sample,tonsils,common,1,"",""
random sample,silencer,common,1,"",""
random sample,foal,common,1,"",""
random sample,foals,common,1,"",""
random sample,bonnor,rare,1,"",""
random sample,halva,rare,1,"",""
random sample,tacks,common,1,"",""
random sample,autocephaly,uncommon,1,"",""
random sample,brabbles,rare,1,"",""
random sample,blottoed,rare_ish,1,"",""
random sample,blitz,common,1,"",""
random sample,ding,common,1,"",""
random sample,imparts,common,1,"",""
random sample,terminations,common,1,"",""
random sample,combies,rare,1,"",""
random sample,chrysler,rare_ish,1,"",""
random sample,moralize,common,1,"",""
random sample,demoralize,common_ish,1,"",""
random sample,displays,common,1,"",""
random sample,wirehair,common_ish,1,"",""
random sample,bellies,common,1,"",""
random sample,forecast,common,1,"",""
random sample,regents,common,1,"",""
random sample,sheikhs,common,1,"",""
random sample,tirades,common,1,"",""
random sample,rebukes,common,1,"",""
random sample,lessens,common,1,"",""
random sample,townships,common,1,"",""
random sample,depart,common,1,"",""
random sample,drumstick,common,1,"",""
random sample,decline,common,1,"",""
random sample,umbrage,common_ish,1,"",""
random sample,setup,common,1,"",""
random sample,tomato,common,1,"",""
random sample,abducted,common,1,"",""
random sample,abandonment,common,1,"",""
random sample,stiletto,common,1,"",""
random sample,historians,common,1,"",""
random sample,offensives,common,1,"",""
random sample,qualified,common,1,"",""
random sample,unqualified,common_ish,1,"",""
random sample,snuck,common,1,"",""
random sample,snucks,forbidden,1,"",""
random sample,snucked,forbidden,1,"",""
random sample,snucking,forbidden,1,"",""
random sample,snuckks,forbidden,1,"",""
random sample,snuckked,forbidden,1,"",""
random sample,snuckkes,forbidden,1,"",""
random sample,snuckking,forbidden,1,"",""
random sample,sneaker,common,1,"",""
random sample,sneakker,forbidden,1,"",""
random sample,suck,common,1,"",""
random sample,sucks,common,1,"",""
random sample,sucked,common,1,"",""
random sample,sucker,common,1,"",""
random sample,suckered,common,1,"",""
random sample,suckers,common,1,"",""
random sample,suckeres,rare,1,"",""
random sample,suckering,uncommon,1,"",""
random sample,suckerring,forbidden,1,"",""
random sample,suckes,forbidden,1,"",""
random sample,sucking,common,1,"",""
random sample,suckings,uncommon,1,"",""
random sample,suckeding,forbidden,1,"",""
random sample,suckked,forbidden,1,"",""
random sample,suckkes,forbidden,1,"",""
random sample,suckking,forbidden,1,"",""
random sample,suckkeding,forbidden,1,"",""
random sample,ambulances,common,1,"",""
random sample,bleedings,common,1,"",""
random sample,rifles,common,1,"",""
random sample,unwanted,common,1,"",""
random sample,farmer,common,1,"",""
random sample,nosebleeds,common,1,"",""
random sample,ruminated,common,1,"",""
random sample,doppelgangers,common,1,"",""
random sample,hecking,common,1,"",""
random sample,teaser,common,1,"",""
random sample,revelations,common,1,"",""
random sample,rapidly,common,1,"",""
random sample,stockpiled,common,1,"",""
random sample,recitations,common,1,"",""
random sample,sew,common,1,"",""
random sample,appetizing,common,1,"",""
random sample,tangling,common,1,"",""
random sample,silhouettes,common,1,"",""
random sample,aerodynamic,common,1,"",""
random sample,mulches,common,1,"",""
random sample,orchid,common,1,"",""
random sample,weaker,common,1,"",""
random sample,linemen,common,1,"",""
random sample,chocolatey,common,1,"",""
random sample,pharisees,uncommon,1,"",""
random sample,affectation,common,1,"",""
random sample,snipped,common,1,"",""
random sample,strainer,common,1,"",""
random sample,programmedded,forbidden,1,"",""
random sample,sacristy,common_ish,1,"",""
random sample,sacristies,common_ish,1,"",""
random sample,trek,common,1,"",""
random sample,treks,common,1,"",""
random sample,trekked,common,1,"",""
random sample,trekking,common,1,"",""
random sample,treked,forbidden,1,"",""
random sample,trekes,forbidden,1,"",""
random sample,treking,forbidden,1,"",""
random sample,trekeding,forbidden,1,"",""
random sample,trekeded,forbidden,1,"",""
random sample,trekkeding,forbidden,1,"",""
random sample,trekkeded,forbidden,1,"",""
random sample,accessinged,forbidden,1,"",""
random sample,wrestle,common,1,"",""
random sample,wrestler,common,1,"",""
random sample,wrestlers,common,1,"",""
random sample,wrestles,common,1,"",""
random sample,wrestled,common,1,"",""
random sample,wrestlest,forbidden,1,"",""
random sample,wrestleder,forbidden,1,"",""
random sample,wrestledest,forbidden,1,"",""
random sample,reelinged,forbidden,1,"",""
random sample,straightened,common,1,"",""
random sample,straightener,rare_ish,1,"",""
random sample,straighteneder,forbidden,1,"",""
random sample,straightenedest,forbidden,1,"",""
random sample,stackinged,forbidden,1,"",""
random sample,stockinged,common_ish,1,"",""
random sample,imagineeringed,forbidden,1,"",""
random sample,murderinged,forbidden,1,"",""
random sample,adjoininged,forbidden,1,"",""
random sample,adjoiningged,forbidden,1,"",""
random sample,weirder,common,1,"",""
random sample,weirdder,forbidden,1,"",""
random sample,strayer,rare_ish,1,"",""
random sample,straier,forbidden,1,"",""
random sample,throwner,forbidden,1,"",""
random sample,thrownner,forbidden,1,"",""
words in cmudict but not wordfreq,cumulative,common,1,"",""
words in cmudict but not wordfreq,cumulatively,common_ish,1,"",""
words in cmudict but not wordfreq,accumulative,common_ish,1,"",""
words in cmudict but not wordfreq,accumulatively,uncommon,1,"",""
words in cmudict but not wordfreq,acid,common,1,"",""
words in cmudict but not wordfreq,acidify,common_ish,1,"",""
words in cmudict but not wordfreq,acidified,common_ish,1,"",""
words in cmudict but not wordfreq,acidifies,common_ish,1,"",""
words in cmudict but not wordfreq,backdate,common_ish,1,"",""
words in cmudict but not wordfreq,backdated,common_ish,1,"",""
words in cmudict but not wordfreq,backdates,common_ish,1,"",""
words in cmudict but not wordfreq,backdating,common_ish,1,"",""
words in cmudict but not wordfreq,backslap,common_ish,1,"",""
words in cmudict but not wordfreq,bahrain,rare,1,"",""
words in cmudict but not wordfreq,bahrains,forbidden,1,"",""
words in cmudict but not wordfreq,bahrained,forbidden,1,"",""
words in cmudict but not wordfreq,bahrainian,rare,1,"",""
words in cmudict but not wordfreq,bahrainians,rare,1,"",""
words in cmudict but not wordfreq,bahrainianed,rare,1,"",""
words in cmudict but not wordfreq,dishevel,uncommon,1,"",""
words in cmudict but not wordfreq,disheveled,common,1,"",""
words in cmudict but not wordfreq,exigent,common,1,"",""
words in cmudict but not wordfreq,exigents,uncommon,1,"",""
words in cmudict but not wordfreq,pussyfoot,common_ish,1,"",""
words in cmudict but not wordfreq,pussyfoots,common_ish,1,"",""
words in cmudict but not wordfreq,pussyfooted,common_ish,1,"",""
words in cmudict but not wordfreq,pussyfooting,common_ish,1,"",""
words in cmudict but not wordfreq,reregulate,rare,1,"",""
words in cmudict but not wordfreq,abex,forbidden,1,"",""
words in cmudict but not wordfreq,adelphia's,forbidden,1,"",""
words in cmudict but not wordfreq,aldicarb,forbidden,1,"",""
words in cmudict but not wordfreq,amdek,forbidden,1,"",""
words in cmudict but not wordfreq,ameritech's,forbidden,1,"",""
words in cmudict but not wordfreq,anti-catholicism,forbidden,1,"",""
words in cmudict but not wordfreq,anwyl,forbidden,1,"",""
words in cmudict but not wordfreq,axtman,forbidden,1,"",""
words in cmudict but not wordfreq,baby-sit,forbidden,1,"",""
words in cmudict but not wordfreq,bamburg,forbidden,1,"",""
words in cmudict but not wordfreq,baton-rouge's,forbidden,1,"",""
words in cmudict but not wordfreq,beilman,forbidden,1,"",""
words in cmudict but not wordfreq,bercor,forbidden,1,"",""
words in cmudict but not wordfreq,bernsteins,forbidden,1,"",""
words in cmudict but not wordfreq,beshore,forbidden,1,"",""
words in cmudict but not wordfreq,biebel,forbidden,1,"",""
words in cmudict but not wordfreq,bielawski,forbidden,1,"",""
words in cmudict but not wordfreq,bonenfant,forbidden,1,"",""
words in cmudict but not wordfreq,bozian,forbidden,1,"",""
words in cmudict but not wordfreq,braer,forbidden,1,"",""
words in cmudict but not wordfreq,breuninger,forbidden,1,"",""
words in cmudict but not wordfreq,buddier,forbidden,1,"",""
words in cmudict but not wordfreq,burkel,forbidden,1,"",""
words in cmudict but not wordfreq,cancienne,forbidden,1,"",""
words in cmudict but not wordfreq,cantlin,forbidden,1,"",""
words in cmudict but not wordfreq,carabajal,forbidden,1,"",""
words in cmudict but not wordfreq,cardenas's,forbidden,1,"",""
words in cmudict but not wordfreq,cheatum,forbidden,1,"",""
words in cmudict but not wordfreq,chinn's,forbidden,1,"",""
words in cmudict but not wordfreq,clanin,forbidden,1,"",""
words in cmudict but not wordfreq,coloroll,forbidden,1,"",""
words in cmudict but not wordfreq,cottongin,forbidden,1,"",""
words in cmudict but not wordfreq,couponite,forbidden,1,"",""
words in cmudict but not wordfreq,demarais,forbidden,1,"",""
words in cmudict but not wordfreq,derouin,forbidden,1,"",""
words in cmudict but not wordfreq,descarpentries,forbidden,1,"",""
words in cmudict but not wordfreq,dethloff,forbidden,1,"",""
words in cmudict but not wordfreq,dewire,forbidden,1,"",""
words in cmudict but not wordfreq,dipiero,forbidden,1,"",""
words in cmudict but not wordfreq,docila,forbidden,1,"",""
words in cmudict but not wordfreq,drabbed,forbidden,1,"",""
words in cmudict but not wordfreq,eatman,forbidden,1,"",""
words in cmudict but not wordfreq,eau-claire,forbidden,1,"",""
words in cmudict but not wordfreq,econocom,forbidden,1,"",""
words in cmudict but not wordfreq,ellan's,forbidden,1,"",""
words in cmudict but not wordfreq,endrizzi,forbidden,1,"",""
words in cmudict but not wordfreq,engelking,forbidden,1,"",""
words in cmudict but not wordfreq,eradicable,forbidden,1,"",""
words in cmudict but not wordfreq,eurofima,forbidden,1,"",""
words in cmudict but not wordfreq,eutsler,forbidden,1,"",""
words in cmudict but not wordfreq,everington,forbidden,1,"",""
words in cmudict but not wordfreq,ezrachi,forbidden,1,"",""
words in cmudict but not wordfreq,facemire,forbidden,1,"",""
words in cmudict but not wordfreq,fagundes,forbidden,1,"",""
words in cmudict but not wordfreq,fanara,forbidden,1,"",""
words in cmudict but not wordfreq,faretlow,forbidden,1,"",""
words in cmudict but not wordfreq,finnicum,forbidden,1,"",""
words in cmudict but not wordfreq,fornoff,forbidden,1,"",""
words in cmudict but not wordfreq,freemen's,forbidden,1,"",""
words in cmudict but not wordfreq,fundora,forbidden,1,"",""
words in cmudict but not wordfreq,fussner,forbidden,1,"",""
words in cmudict but not wordfreq,galie,forbidden,1,"",""
words in cmudict but not wordfreq,gejdenson,forbidden,1,"",""
words in cmudict but not wordfreq,gephardt's,forbidden,1,"",""
words in cmudict but not wordfreq,gianini,forbidden,1,"",""
words in cmudict but not wordfreq,godleski,forbidden,1,"",""
words in cmudict but not wordfreq,goglia,forbidden,1,"",""
words in cmudict but not wordfreq,goldey,forbidden,1,"",""
words in cmudict but not wordfreq,gonterman,forbidden,1,"",""
words in cmudict but not wordfreq,goodfriends,forbidden,1,"",""
words in cmudict but not wordfreq,gorrids,forbidden,1,"",""
words in cmudict but not wordfreq,guangjo's,forbidden,1,"",""
words in cmudict but not wordfreq,hammas's,forbidden,1,"",""
words in cmudict but not wordfreq,harkleroad,forbidden,1,"",""
words in cmudict but not wordfreq,heavrin,forbidden,1,"",""
words in cmudict but not wordfreq,hellums,forbidden,1,"",""
words in cmudict but not wordfreq,holthus,forbidden,1,"",""
words in cmudict but not wordfreq,huishman,forbidden,1,"",""
words in cmudict but not wordfreq,huster,forbidden,1,"",""
words in cmudict but not wordfreq,i r a,forbidden,1,"",""
words in cmudict but not wordfreq,igene,forbidden,1,"",""
words in cmudict but not wordfreq,incorvaia,forbidden,1,"",""
words in cmudict but not wordfreq,investimento,forbidden,1,"",""
words in cmudict but not wordfreq,isenhour,forbidden,1,"",""
words in cmudict but not wordfreq,jacinthe,forbidden,1,"",""
words in cmudict but not wordfreq,jaffray's,forbidden,1,"",""
words in cmudict but not wordfreq,jayroe,forbidden,1,"",""
words in cmudict but not wordfreq,joske's,forbidden,1,"",""
words in cmudict but not wordfreq,kanagy,forbidden,1,"",""
words in cmudict but not wordfreq,kaneb,forbidden,1,"",""
words in cmudict but not wordfreq,kardell,forbidden,1,"",""
words in cmudict but not wordfreq,key largo,forbidden,1,"",""
words in cmudict but not wordfreq,klaiber,forbidden,1,"",""
words in cmudict but not wordfreq,knobbe,forbidden,1,"",""
words in cmudict but not wordfreq,knogo,forbidden,1,"",""
words in cmudict but not wordfreq,knouse,forbidden,1,"",""
words in cmudict but not wordfreq,kobren,forbidden,1,"",""
words in cmudict but not wordfreq,kopko,forbidden,1,"",""
words in cmudict but not wordfreq,kosowsky,forbidden,1,"",""
words in cmudict but not wordfreq,kostrzewa,forbidden,1,"",""
words in cmudict but not wordfreq,krawitz,forbidden,1,"",""
words in cmudict but not wordfreq,kreitner,forbidden,1,"",""
words in cmudict but not wordfreq,krenzer,forbidden,1,"",""
words in cmudict but not wordfreq,la carre,forbidden,1,"",""
words in cmudict but not wordfreq,lacorte,forbidden,1,"",""
words in cmudict but not wordfreq,lancon,forbidden,1,"",""
words in cmudict but not wordfreq,lautenbach,forbidden,1,"",""
words in cmudict but not wordfreq,laventure,forbidden,1,"",""
words in cmudict but not wordfreq,leggette,forbidden,1,"",""
words in cmudict but not wordfreq,leysen,forbidden,1,"",""
words in cmudict but not wordfreq,liebl,forbidden,1,"",""
words in cmudict but not wordfreq,louvier,forbidden,1,"",""
words in cmudict but not wordfreq,maidie,forbidden,1,"",""
words in cmudict but not wordfreq,malloseismic,forbidden,1,"",""
words in cmudict but not wordfreq,manella,forbidden,1,"",""
words in cmudict but not wordfreq,marcilio,forbidden,1,"",""
words in cmudict but not wordfreq,mariusa,forbidden,1,"",""
words in cmudict but not wordfreq,marketmaker,forbidden,1,"",""
words in cmudict but not wordfreq,mccleese,forbidden,1,"",""
words in cmudict but not wordfreq,mccuan,forbidden,1,"",""
words in cmudict but not wordfreq,mcmichen,forbidden,1,"",""
words in cmudict but not wordfreq,mettlen,forbidden,1,"",""
words in cmudict but not wordfreq,mierzwa,forbidden,1,"",""
words in cmudict but not wordfreq,mikulec,forbidden,1,"",""
words in cmudict but not wordfreq,molesky,forbidden,1,"",""
words in cmudict but not wordfreq,moneycard,forbidden,1,"",""
words in cmudict but not wordfreq,mopus,forbidden,1,"",""
words in cmudict but not wordfreq,nerice,forbidden,1,"",""
words in cmudict but not wordfreq,nibert,forbidden,1,"",""
words in cmudict but not wordfreq,ninety's,forbidden,1,"",""
words in cmudict but not wordfreq,nunziato,forbidden,1,"",""
words in cmudict but not wordfreq,oakmark,forbidden,1,"",""
words in cmudict but not wordfreq,ohkawara,forbidden,1,"",""
words in cmudict but not wordfreq,oxidyne,forbidden,1,"",""
words in cmudict but not wordfreq,paulhus,forbidden,1,"",""
words in cmudict but not wordfreq,pawluk,forbidden,1,"",""
words in cmudict but not wordfreq,pelto,forbidden,1,"",""
words in cmudict but not wordfreq,peterpaul,forbidden,1,"",""
words in cmudict but not wordfreq,petraitis,forbidden,1,"",""
words in cmudict but not wordfreq,piekarski,forbidden,1,"",""
words in cmudict but not wordfreq,provencio,forbidden,1,"",""
words in cmudict but not wordfreq,psycho-social,forbidden,1,"",""
words in cmudict but not wordfreq,puusepp,forbidden,1,"",""
words in cmudict but not wordfreq,quamme,forbidden,1,"",""
words in cmudict but not wordfreq,radebaugh,forbidden,1,"",""
words in cmudict but not wordfreq,radinka,forbidden,1,"",""
words in cmudict but not wordfreq,raffensperger,forbidden,1,"",""
words in cmudict but not wordfreq,reiney,forbidden,1,"",""
words in cmudict but not wordfreq,remaley,forbidden,1,"",""
words in cmudict but not wordfreq,reveron,forbidden,1,"",""
words in cmudict but not wordfreq,risko,forbidden,1,"",""
words in cmudict but not wordfreq,roderica,forbidden,1,"",""
words in cmudict but not wordfreq,rorex,forbidden,1,"",""
words in cmudict but not wordfreq,samojlik,forbidden,1,"",""
words in cmudict but not wordfreq,sapoa,forbidden,1,"",""
words in cmudict but not wordfreq,schlender,forbidden,1,"",""
words in cmudict but not wordfreq,schlotterbeck,forbidden,1,"",""
words in cmudict but not wordfreq,schoenrock,forbidden,1,"",""
words in cmudict but not wordfreq,self-portrait,forbidden,1,"",""
words in cmudict but not wordfreq,selvidge,forbidden,1,"",""
words in cmudict but not wordfreq,shevtl,forbidden,1,"",""
words in cmudict but not wordfreq,shipholding,forbidden,1,"",""
words in cmudict but not wordfreq,shmyrev,forbidden,1,"",""
words in cmudict but not wordfreq,simulac,forbidden,1,"",""
words in cmudict but not wordfreq,sipelstein,forbidden,1,"",""
words in cmudict but not wordfreq,skillin,forbidden,1,"",""
words in cmudict but not wordfreq,slovacek,forbidden,1,"",""
words in cmudict but not wordfreq,solesbee,forbidden,1,"",""
words in cmudict but not wordfreq,sternposts,forbidden,1,"",""
words in cmudict but not wordfreq,steveson,forbidden,1,"",""
words in cmudict but not wordfreq,suminski,forbidden,1,"",""
words in cmudict but not wordfreq,swillinger,forbidden,1,"",""
words in cmudict but not wordfreq,swordfish's,forbidden,1,"",""
words in cmudict but not wordfreq,terkhorn,forbidden,1,"",""
words in cmudict but not wordfreq,tetramerous,forbidden,1,"",""
words in cmudict but not wordfreq,thordia,forbidden,1,"",""
words in cmudict but not wordfreq,timlen,forbidden,1,"",""
words in cmudict but not wordfreq,utke,forbidden,1,"",""
words in cmudict but not wordfreq,uyehara,forbidden,1,"",""
words in cmudict but not wordfreq,valsella,forbidden,1,"",""
words in cmudict but not wordfreq,vancleef,forbidden,1,"",""
words in cmudict but not wordfreq,vesser,forbidden,1,"",""
words in cmudict but not wordfreq,videodisk,forbidden,1,"",""
words in cmudict but not wordfreq,vidonia,forbidden,1,"",""
words in cmudict but not wordfreq,wallich's,forbidden,1,"",""
words in cmudict but not wordfreq,waymire,forbidden,1,"",""
words in cmudict but not wordfreq,weathersbee,forbidden,1,"",""
words in cmudict but not wordfreq,wettergreen,forbidden,1,"",""
words in cmudict but not wordfreq,wolanin,forbidden,1,"",""
words in cmudict but not wordfreq,wordell,forbidden,1,"",""
words in cmudict but not wordfreq,x.ers,forbidden,1,"",""
words in cmudict but not wordfreq,zuercher,forbidden,1,"",""
Phase 7 hyphen existence floor rejects,abat-voix,forbidden,1,"",""
Phase 7 hyphen existence floor rejects,able-bodiedness,forbidden,1,"",""
Phase 7 hyphen existence floor rejects,absent-mindedly,forbidden,1,"",""
Phase 7 hyphen existence floor rejects,absent-mindedness,forbidden,1,"",""
Phase 7 hyphen existence floor rejects,abso-fucking-lutely,forbidden,1,"",""
Phase 7 hyphen existence floor rejects,ace-aro,forbidden,1,"",""
Phase 7 hyphen existence floor rejects,ach-laut,forbidden,1,"",""
Phase 7 hyphen existence floor rejects,addis-ababa,forbidden,1,"",""
Phase 7 hyphen existence floor rejects,afro-latina,forbidden,1,"",""
Phase 7 hyphen existence floor rejects,agak-agak,forbidden,1,"",""
Phase 7 hyphen existence floor rejects,aide-mémoire,forbidden,1,"",""
Phase 7 hyphen existence floor rejects,anti-grinch,forbidden,1,"",""
Phase 7 hyphen existence floor rejects,anti-semitism,forbidden,1,"",""
Phase 7 hyphen existence floor rejects,anti-transmasculinity,forbidden,1,"",""
Phase 7 hyphen existence floor rejects,araca-boi,forbidden,1,"",""
Phase 7 hyphen existence floor rejects,argy-bargy,forbidden,1,"",""
Phase 7 hyphen existence floor rejects,bain-marie,forbidden,1,"",""
Phase 7 hyphen existence floor rejects,barang-barang,forbidden,1,"",""
Phase 7 hyphen existence floor rejects,bashi-bazouk,forbidden,1,"",""
Phase 7 hyphen existence floor rejects,bashi-bazoukery,forbidden,1,"",""
Phase 7 hyphen existence floor rejects,bass-ackwards,forbidden,1,"",""
Phase 7 hyphen existence floor rejects,biddi-biddi,forbidden,1,"",""
Phase 7 hyphen existence floor rejects,big-headedness,forbidden,1,"",""
Phase 7 hyphen existence floor rejects,billet-doux,forbidden,1,"",""
Phase 7 hyphen existence floor rejects,blood-wite,forbidden,1,"",""
Phase 7 hyphen existence floor rejects,body-ody-ody,forbidden,1,"",""
Phase 7 hyphen existence floor rejects,bouts-rimés,forbidden,1,"",""
Phase 7 hyphen existence floor rejects,bric-a-brac,forbidden,1,"",""
Phase 7 hyphen existence floor rejects,buenos-aires,forbidden,1,"",""
Phase 7 hyphen existence floor rejects,burkina-faso,forbidden,1,"",""
Phase 7 hyphen existence floor rejects,cache-sexe,forbidden,1,"",""
Phase 7 hyphen existence floor rejects,cd-rw,forbidden,1,"",""
Phase 7 hyphen existence floor rejects,cha-ching,forbidden,1,"",""
Phase 7 hyphen existence floor rejects,chasse-café,forbidden,1,"",""
Phase 7 hyphen existence floor rejects,cheyne-stokes,forbidden,1,"",""
Phase 7 hyphen existence floor rejects,choo-choo,forbidden,1,"",""
Phase 7 hyphen existence floor rejects,close-fisted,forbidden,1,"",""
Phase 7 hyphen existence floor rejects,collie-shangie,forbidden,1,"",""
Phase 7 hyphen existence floor rejects,corpus-christi,forbidden,1,"",""
Phase 7 hyphen existence floor rejects,cot-quean,forbidden,1,"",""
Phase 7 hyphen existence floor rejects,cro-magnon,forbidden,1,"",""
Phase 7 hyphen existence floor rejects,cross-bencher,forbidden,1,"",""
Phase 7 hyphen existence floor rejects,cutesy-wootsy,forbidden,1,"",""
Phase 7 hyphen existence floor rejects,dcap-btls,forbidden,1,"",""
Phase 7 hyphen existence floor rejects,demo-itis,forbidden,1,"",""
Phase 7 hyphen existence floor rejects,dibbly-dobbler,forbidden,1,"",""
Phase 7 hyphen existence floor rejects,dim-witted,forbidden,1,"",""
Phase 7 hyphen existence floor rejects,do-ocracy,forbidden,1,"",""
Phase 7 hyphen existence floor rejects,dog-earedness,forbidden,1,"",""
Phase 7 hyphen existence floor rejects,dot-commer,forbidden,1,"",""
Phase 7 hyphen existence floor rejects,double-entendre,forbidden,1,"",""
Phase 7 hyphen existence floor rejects,du-bois,forbidden,1,"",""
Phase 7 hyphen existence floor rejects,dvd-rw,forbidden,1,"",""
Phase 7 hyphen existence floor rejects,e-gnorant,forbidden,1,"",""
Phase 7 hyphen existence floor rejects,e-triker,forbidden,1,"",""
Phase 7 hyphen existence floor rejects,eighty-oneth,forbidden,1,"",""
Phase 7 hyphen existence floor rejects,eighty-secondth,forbidden,1,"",""
Phase 7 hyphen existence floor rejects,el-nino,forbidden,1,"",""
Phase 7 hyphen existence floor rejects,el-paso,forbidden,1,"",""
Phase 7 hyphen existence floor rejects,evo-devo,forbidden,1,"",""
Phase 7 hyphen existence floor rejects,eye-catchingly,forbidden,1,"",""
Phase 7 hyphen existence floor rejects,eye-talian,forbidden,1,"",""
Phase 7 hyphen existence floor rejects,fen-phen,forbidden,1,"",""
Phase 7 hyphen existence floor rejects,fifty-oneth,forbidden,1,"",""
Phase 7 hyphen existence floor rejects,fifty-secondth,forbidden,1,"",""
Phase 7 hyphen existence floor rejects,flog-bottomist,forbidden,1,"",""
Phase 7 hyphen existence floor rejects,fol-de-rol,forbidden,1,"",""
Phase 7 hyphen existence floor rejects,forty-oneth,forbidden,1,"",""
Phase 7 hyphen existence floor rejects,forty-secondth,forbidden,1,"",""
Phase 7 hyphen existence floor rejects,fuck-tard,forbidden,1,"",""
Phase 7 hyphen existence floor rejects,fuddy-duddy,forbidden,1,"",""
Phase 7 hyphen existence floor rejects,full-fledgedly,forbidden,1,"",""
Phase 7 hyphen existence floor rejects,full-fledgedness,forbidden,1,"",""
Phase 7 hyphen existence floor rejects,g-loc,forbidden,1,"",""
Phase 7 hyphen existence floor rejects,garde-faude,forbidden,1,"",""
Phase 7 hyphen existence floor rejects,gen-zer,forbidden,1,"",""
Phase 7 hyphen existence floor rejects,gender-affirming,forbidden,1,"",""
Phase 7 hyphen existence floor rejects,giggity-giggity,forbidden,1,"",""
Phase 7 hyphen existence floor rejects,god-saeng,forbidden,1,"",""
Phase 7 hyphen existence floor rejects,gold-plated,forbidden,1,"",""
Phase 7 hyphen existence floor rejects,gone-zo,forbidden,1,"",""
Phase 7 hyphen existence floor rejects,good-natured,forbidden,1,"",""
Phase 7 hyphen existence floor rejects,gutta-percha,forbidden,1,"",""
Phase 7 hyphen existence floor rejects,gympie-gympie,forbidden,1,"",""
Phase 7 hyphen existence floor rejects,ham-fisted,forbidden,1,"",""
Phase 7 hyphen existence floor rejects,harum-scarum,forbidden,1,"",""
Phase 7 hyphen existence floor rejects,has-been-dom,forbidden,1,"",""
Phase 7 hyphen existence floor rejects,havey-cavey,forbidden,1,"",""
Phase 7 hyphen existence floor rejects,hi-vis,forbidden,1,"",""
Phase 7 hyphen existence floor rejects,hobson-jobson,forbidden,1,"",""
Phase 7 hyphen existence floor rejects,hoity-toitily,forbidden,1,"",""
Phase 7 hyphen existence floor rejects,homo-erectus,forbidden,1,"",""
Phase 7 hyphen existence floor rejects,hong-kong,forbidden,1,"",""
Phase 7 hyphen existence floor rejects,honky-tonk,forbidden,1,"",""
Phase 7 hyphen existence floor rejects,ich-laut,forbidden,1,"",""
Phase 7 hyphen existence floor rejects,ill-favouredness,forbidden,1,"",""
Phase 7 hyphen existence floor rejects,ill-intentioned,forbidden,1,"",""
Phase 7 hyphen existence floor rejects,intra-octaval,forbidden,1,"",""
Phase 7 hyphen existence floor rejects,jalan-jalan,forbidden,1,"",""
Phase 7 hyphen existence floor rejects,jiggery-pokery,forbidden,1,"",""
Phase 7 hyphen existence floor rejects,jugulo-omohyoid,forbidden,1,"",""
Phase 7 hyphen existence floor rejects,julio-claudian,forbidden,1,"",""
Phase 7 hyphen existence floor rejects,kala-azar,forbidden,1,"",""
Phase 7 hyphen existence floor rejects,kha-nyou,forbidden,1,"",""
Phase 7 hyphen existence floor rejects,kiat-kiat,forbidden,1,"",""
Phase 7 hyphen existence floor rejects,kouign-amann,forbidden,1,"",""
Phase 7 hyphen existence floor rejects,lieutenant-colonelcy,forbidden,1,"",""
Phase 7 hyphen existence floor rejects,life-changingly,forbidden,1,"",""
Phase 7 hyphen existence floor rejects,long-livedness,forbidden,1,"",""
Phase 7 hyphen existence floor rejects,loup-garou,forbidden,1,"",""
Phase 7 hyphen existence floor rejects,lèse-majesté,forbidden,1,"",""
Phase 7 hyphen existence floor rejects,many-sidedness,forbidden,1,"",""
Phase 7 hyphen existence floor rejects,matchy-matchy,forbidden,1,"",""
Phase 7 hyphen existence floor rejects,matter-of-factly,forbidden,1,"",""
Phase 7 hyphen existence floor rejects,me-tooism,forbidden,1,"",""
Phase 7 hyphen existence floor rejects,mi-parti,forbidden,1,"",""
Phase 7 hyphen existence floor rejects,mill-leat,forbidden,1,"",""
Phase 7 hyphen existence floor rejects,mille-feuille,forbidden,1,"",""
Phase 7 hyphen existence floor rejects,mind-boggling,forbidden,1,"",""
Phase 7 hyphen existence floor rejects,mixty-maxty,forbidden,1,"",""
Phase 7 hyphen existence floor rejects,mubble-fubbles,forbidden,1,"",""
Phase 7 hyphen existence floor rejects,mucko-chummo,forbidden,1,"",""
Phase 7 hyphen existence floor rejects,n-ary,forbidden,1,"",""
Phase 7 hyphen existence floor rejects,n-decane,forbidden,1,"",""
Phase 7 hyphen existence floor rejects,n-nonane,forbidden,1,"",""
Phase 7 hyphen existence floor rejects,n-pentane,forbidden,1,"",""
Phase 7 hyphen existence floor rejects,nanu-nanu,forbidden,1,"",""
Phase 7 hyphen existence floor rejects,neo-nazist,forbidden,1,"",""
Phase 7 hyphen existence floor rejects,new-yorker,forbidden,1,"",""
Phase 7 hyphen existence floor rejects,ninety-secondth,forbidden,1,"",""
Phase 7 hyphen existence floor rejects,ning-nong,forbidden,1,"",""
Phase 7 hyphen existence floor rejects,non-atomised,forbidden,1,"",""
Phase 7 hyphen existence floor rejects,non-prevocalic,forbidden,1,"",""
Phase 7 hyphen existence floor rejects,non-refoulement,forbidden,1,"",""
Phase 7 hyphen existence floor rejects,non-rhotic,forbidden,1,"",""
Phase 7 hyphen existence floor rejects,non-sequitur,forbidden,1,"",""
Phase 7 hyphen existence floor rejects,nulla-nulla,forbidden,1,"",""
Phase 7 hyphen existence floor rejects,num-chuk,forbidden,1,"",""
Phase 7 hyphen existence floor rejects,nuu-chah-nulth,forbidden,1,"",""
Phase 7 hyphen existence floor rejects,ob-gyn,forbidden,1,"",""
Phase 7 hyphen existence floor rejects,ob-gyne,forbidden,1,"",""
Phase 7 hyphen existence floor rejects,off-worlder,forbidden,1,"",""
Phase 7 hyphen existence floor rejects,oicho-kabu,forbidden,1,"",""
Phase 7 hyphen existence floor rejects,omnium-gatherum,forbidden,1,"",""
Phase 7 hyphen existence floor rejects,one-upmanship,forbidden,1,"",""
Phase 7 hyphen existence floor rejects,otak-otak,forbidden,1,"",""
Phase 7 hyphen existence floor rejects,oto-manguean,forbidden,1,"",""
Phase 7 hyphen existence floor rejects,p-brane,forbidden,1,"",""
Phase 7 hyphen existence floor rejects,papier-maché,forbidden,1,"",""
Phase 7 hyphen existence floor rejects,papier-mâché,forbidden,1,"",""
Phase 7 hyphen existence floor rejects,pari-mutuel,forbidden,1,"",""
Phase 7 hyphen existence floor rejects,pea-souper,forbidden,1,"",""
Phase 7 hyphen existence floor rejects,pene-exclave,forbidden,1,"",""
Phase 7 hyphen existence floor rejects,pe̍h-ōe-jī,forbidden,1,"",""
Phase 7 hyphen existence floor rejects,ph-metry,forbidden,1,"",""
Phase 7 hyphen existence floor rejects,pied-à-terre,forbidden,1,"",""
Phase 7 hyphen existence floor rejects,piet-my-vrou,forbidden,1,"",""
Phase 7 hyphen existence floor rejects,plinky-plonky,forbidden,1,"",""
Phase 7 hyphen existence floor rejects,poe-esque,forbidden,1,"",""
Phase 7 hyphen existence floor rejects,pommie-basher,forbidden,1,"",""
Phase 7 hyphen existence floor rejects,pony-trekking,forbidden,1,"",""
Phase 7 hyphen existence floor rejects,poochie-fication,forbidden,1,"",""
Phase 7 hyphen existence floor rejects,pop-sci,forbidden,1,"",""
Phase 7 hyphen existence floor rejects,pot-et-fleur,forbidden,1,"",""
Phase 7 hyphen existence floor rejects,pouilly-fumé,forbidden,1,"",""
Phase 7 hyphen existence floor rejects,pousse-café,forbidden,1,"",""
Phase 7 hyphen existence floor rejects,pre-ap,forbidden,1,"",""
Phase 7 hyphen existence floor rejects,pre-ejaculatory,forbidden,1,"",""
Phase 7 hyphen existence floor rejects,pre-empt,forbidden,1,"",""
Phase 7 hyphen existence floor rejects,prie-dieu,forbidden,1,"",""
Phase 7 hyphen existence floor rejects,r-tard,forbidden,1,"",""
Phase 7 hyphen existence floor rejects,rio-de-janeiro,forbidden,1,"",""
Phase 7 hyphen existence floor rejects,rond-de-cuir,forbidden,1,"",""
Phase 7 hyphen existence floor rejects,ruh-roh,forbidden,1,"",""
Phase 7 hyphen existence floor rejects,rumpy-pumpy,forbidden,1,"",""
Phase 7 hyphen existence floor rejects,run-awayer,forbidden,1,"",""
Phase 7 hyphen existence floor rejects,saint-estèphe,forbidden,1,"",""
Phase 7 hyphen existence floor rejects,saint-simonian,forbidden,1,"",""
Phase 7 hyphen existence floor rejects,sama-sama,forbidden,1,"",""
Phase 7 hyphen existence floor rejects,san-diego,forbidden,1,"",""
Phase 7 hyphen existence floor rejects,san-francisco,forbidden,1,"",""
Phase 7 hyphen existence floor rejects,san-jose,forbidden,1,"",""
Phase 7 hyphen existence floor rejects,san-juan,forbidden,1,"",""
Phase 7 hyphen existence floor rejects,sans-culottic,forbidden,1,"",""
Phase 7 hyphen existence floor rejects,sans-culottide,forbidden,1,"",""
Phase 7 hyphen existence floor rejects,santa-cruz,forbidden,1,"",""
Phase 7 hyphen existence floor rejects,sci-fier,forbidden,1,"",""
Phase 7 hyphen existence floor rejects,science-fictioneer,forbidden,1,"",""
Phase 7 hyphen existence floor rejects,semi-arian,forbidden,1,"",""
Phase 7 hyphen existence floor rejects,seventy-oneth,forbidden,1,"",""
Phase 7 hyphen existence floor rejects,seventy-secondth,forbidden,1,"",""
Phase 7 hyphen existence floor rejects,shillig-a-booka,forbidden,1,"",""
Phase 7 hyphen existence floor rejects,shilly-shally,forbidden,1,"",""
Phase 7 hyphen existence floor rejects,short-livedness,forbidden,1,"",""
Phase 7 hyphen existence floor rejects,sixty-oneth,forbidden,1,"",""
Phase 7 hyphen existence floor rejects,sixty-secondth,forbidden,1,"",""
Phase 7 hyphen existence floor rejects,soi-disant,forbidden,1,"",""
Phase 7 hyphen existence floor rejects,sous-vide,forbidden,1,"",""
Phase 7 hyphen existence floor rejects,sri-lanka,forbidden,1,"",""
Phase 7 hyphen existence floor rejects,stew-pée,forbidden,1,"",""
Phase 7 hyphen existence floor rejects,suka-suka,forbidden,1,"",""
Phase 7 hyphen existence floor rejects,super-duper,forbidden,1,"",""
Phase 7 hyphen existence floor rejects,super-niño,forbidden,1,"",""
Phase 7 hyphen existence floor rejects,takesies-backsies,forbidden,1,"",""
Phase 7 hyphen existence floor rejects,tex-mex,forbidden,1,"",""
Phase 7 hyphen existence floor rejects,thirty-oneth,forbidden,1,"",""
Phase 7 hyphen existence floor rejects,thirty-secondth,forbidden,1,"",""
Phase 7 hyphen existence floor rejects,tikam-tikam,forbidden,1,"",""
Phase 7 hyphen existence floor rejects,tohu-bohu,forbidden,1,"",""
Phase 7 hyphen existence floor rejects,tuk-tuk,forbidden,1,"",""
Phase 7 hyphen existence floor rejects,twenty-oneth,forbidden,1,"",""
Phase 7 hyphen existence floor rejects,twenty-secondth,forbidden,1,"",""
Phase 7 hyphen existence floor rejects,tête-bêche,forbidden,1,"",""
Phase 7 hyphen existence floor rejects,tête-à-tête,forbidden,1,"",""
Phase 7 hyphen existence floor rejects,ukay-ukay,forbidden,1,"",""
Phase 7 hyphen existence floor rejects,unco-ordinated,forbidden,1,"",""
Phase 7 hyphen existence floor rejects,vis-à-vis,forbidden,1,"",""
Phase 7 hyphen existence floor rejects,weather-gaw,forbidden,1,"",""
Phase 7 hyphen existence floor rejects,weeny-bopper,forbidden,1,"",""
Phase 7 hyphen existence floor rejects,well-wisher,forbidden,1,"",""
Phase 7 hyphen existence floor rejects,wemba-wemba,forbidden,1,"",""
Phase 7 hyphen existence floor rejects,whiff-whaff,forbidden,1,"",""
Phase 7 hyphen existence floor rejects,wu-tanger,forbidden,1,"",""
Phase 7 hyphen existence floor rejects,xique-xique,forbidden,1,"",""
Phase 7 hyphen existence floor rejects,zam-buk,forbidden,1,"",""
Phase 7 hyphen existence floor saves,ad-nauseam,common_ish,1,"",""
Phase 7 hyphen existence floor saves,amuse-bouche,uncommon,1,"",""
Phase 7 hyphen existence floor saves,fleur-de-lis,common_ish,1,"",""
Phase 7 hyphen existence floor saves,frou-frou,common_ish,1,"",""
Phase 7 hyphen existence floor saves,higgledy-piggledy,uncommon,1,"",""
Phase 7 hyphen existence floor saves,hurdy-gurdy,rare_ish,1,"",""
Phase 7 hyphen existence floor saves,wabi-sabi,rare_ish,1,"",""
plurals,cancer,common,1,"",""
plurals,cancers,common,1,"",""
plurals,arachnophobia,common,1,"",""
plurals,arachnophobias,rare,1,"",""
plurals,ennui,common,1,"",""
plurals,ennuis,forbidden,1,"",""
plurals,phobia,common,1,"",""
plurals,phobias,common,1,"",""
plurals,agoraphobia,common_ish,1,"",""
plurals,agoraphobias,rare,1,"",""
plurals,agoraphobic,common_ish,1,"",""
plurals,agoraphobics,common_ish,1,"",""
plurals,melancholy,common,1,"",""
plurals,melancholies,rare_ish,1,"",""
plurals,nostalgia,common,1,"",""
plurals,nostalgias,rare,1,"",""
plurals,nostalgic,common,1,"",""
plurals,nostalgics,forbidden,1,"",""
plurals,biopic,common,1,"",""
plurals,biopics,common,1,"",""
plurals,myopic,common,1,"",""
plurals,myopics,forbidden,1,"",""
plurals,sheep,common,1,"",""
plurals,sheeps,forbidden,1,"",""
plurals,deer,common,1,"",""
plurals,deers,forbidden,1,"",""
plurals,goodwill,common_ish,1,"",""
plurals,goodwills,forbidden,1,"",""
plurals,ambient,common,1,"",""
plurals,ambients,forbidden,1,"",""
plurals,chaos,common,1,"",""
plurals,chaoss,forbidden,1,"",""
plurals,chaoses,forbidden,1,"",""
plurals,chaosed,forbidden,1,"",""
plurals,chaossed,forbidden,1,"",""
plurals,chaosing,forbidden,1,"",""
plurals,chaossing,forbidden,1,"",""
plurals,ubiquity,common_ish,1,"",""
plurals,ubiquities,rare,1,"",""
plurals,indifference,common,1,"",""
plurals,indifferences,rare_ish,1,"",""
plurals,rice,common,1,"",""
plurals,rices,forbidden_ish,1,"",""
plurals,sand,common,1,"",""
plurals,sands,common,1,"",""
plurals,ox,common,1,"",""
plurals,oxen,common,1,"",""
plurals,oxs,forbidden,1,"",""
plurals,oxes,forbidden,1,"",""
plurals,oxens,forbidden,1,"",""
-in',taking,common,1,"",""
-in',takin,forbidden,1,"",""
-in',takin',rare,1,"",""
-in',faking,common,1,"",""
-in',fakin,forbidden,1,"",""
-in',fakin',rare,1,"",""
-in',making,common,1,"",""
-in',makin,forbidden,1,"",""
-in',makin',rare,1,"",""
-in',wailing,common,1,"",""
-in',wailin,forbidden,1,"",""
-in',wailin',rare,1,"",""
-in',failing,common,1,"",""
-in',failin,forbidden,1,"",""
-in',failin',rare,1,"",""
-in',winning,common,1,"",""
-in',winnin,forbidden,1,"",""
-in',winnin',rare,1,"",""
-in',spinning,common,1,"",""
-in',spinnin,forbidden,1,"",""
-in',spinnin',rare,1,"",""
-in',puffing,common,1,"",""
-in',puffin,common,1,"",""
-in',puffin',rare,1,"",""
-in',huffing,common_ish,1,"",""
-in',huffin,forbidden,1,"",""
-in',huffin',rare,1,"",""
-in',cuddling,common,1,"",""
-in',cuddlin,forbidden,1,"",""
-in',cuddlin',rare,1,"",""
-in',kitchenin',forbidden,1,"",""
-in',pooping,common,1,"",""
-in',poopin,forbidden,1,"",""
-in',poopin',rare,1,"",""
-in',scooping,common,1,"",""
-in',scoopin,forbidden,1,"",""
-in',scoopin',rare,1,"",""
-in',hugging,common,1,"",""
-in',huggin,forbidden,1,"",""
-in',huggin',rare,1,"",""
-in',bobbing,common_ish,1,"",""
-in',bobbin,common_ish,1,"",""
-in',bobbin',rare,1,"",""
-in',sobbing,common_ish,1,"",""
-in',sobbin,forbidden,1,"",""
-in',sobbin',rare,1,"",""
-in',nothing,common,1,"",""
-in',nothin,forbidden,1,"",""
-in',nothin',rare,1,"",""
-in',something,common,1,"",""
-in',somethin,forbidden,1,"",""
-in',somethin',rare,1,"",""
-in',thing,common,1,"",""
-in',thin,common,1,"",""
-in',thin',forbidden,1,"",""
-in',ring,common,1,"",""
-in',rin,forbidden_ish,1,"",""
-in',rin',forbidden,1,"",""
-in',hearing,common,1,"",""
-in',hearin,forbidden_ish,1,"",""
-in',hearin',rare,1,"",""
-in',earring,common,1,"",""
-in',earrin,forbidden,1,"",""
-in',earrin',forbidden,1,"",""
-in',boring,common,1,"",""
-in',borin,forbidden_ish,1,"",""
-in',borin',rare_ish,1,"",""
-in',appearing,common,1,"",""
-in',appearin,forbidden,1,"",""
-in',appearin',rare_ish,1,"",""
-in',endearing,common,1,"",""
-in',endearin,forbidden,1,"",""
-in',endearin',rare,1,"",""
words related to pirate,mende,rare,1,"",""
words related to pirate,anders,rare,1,"",""
words related to pirate,baidu,rare,1,"",""
words related to pirate,noddy,rare_ish,1,"",""
words related to pirate,yegg,rare,1,"",""
words related to pirate,orn,rare,1,"",""
words related to pirate,gorn,rare,1,"",""
words related to pirate,hanseatic,rare_ish,1,"",""
words related to pirate,cabasset,rare,1,"",""
words related to pirate,alanna,rare,1,"",""
words related to pirate,canaille,rare,1,"",""
words related to pirate,cabg,forbidden,1,"",""
words related to pirate,moloi,rare,1,"",""
words related to pirate,partay,rare,1,"",""
words related to pirate,agbada,rare,1,"",""
words related to pirate,mobo,rare,1,"",""
misc,veinal,rare,1,"",""
pirate testing,hannah,rare_ish,1,"",""
pirate testing,bachata,rare_ish,1,"",""
pirate testing,banda,rare,1,"",""
pirate testing,barts,rare,1,"",""
pirate testing,infanta,rare,1,"",""
pirate testing,minke,rare_ish,1,"",""
pirate testing,jmaugglers,forbidden,1,"",""
pirate testing,pkeel,forbidden,1,"",""
modern,rizz,common,1,"",""
modern,boof,common,1,"",""
modern,boofs,common,1,"",""
modern,boofed,common,1,"",""
modern,boofing,common,1,"",""
modern,baller,common,1,"",""
modern,thicc,common,1,"",""
modern,thiccer,common_ish,1,"",""
modern,thiccest,common_ish,1,"",""
modern,thicced,forbidden,1,"",""
modern,thiccs,forbidden,1,"",""
modern,thiccing,forbidden,1,"",""
modern,thicking,forbidden,1,"",""
modern,thicked,forbidden,1,"",""
modern,thicks,forbidden,1,"",""
modern,thicker,common,1,"",""
modern,thickest,common,1,"",""
don't overgenerate inflected forms,aireder,forbidden,1,"",""
don't overgenerate inflected forms,airedest,forbidden,1,"",""
don't overgenerate inflected forms,airedder,forbidden,1,"",""
don't overgenerate inflected forms,aireddest,forbidden,1,"",""
don't overgenerate inflected forms,backeder,forbidden,1,"",""
don't overgenerate inflected forms,backedest,forbidden,1,"",""
don't overgenerate inflected forms,backedder,forbidden,1,"",""
don't overgenerate inflected forms,backeddest,forbidden,1,"",""
don't overgenerate inflected forms,banneder,forbidden,1,"",""
don't overgenerate inflected forms,bannedest,forbidden,1,"",""
don't overgenerate inflected forms,bannedder,forbidden,1,"",""
don't overgenerate inflected forms,banneddest,forbidden,1,"",""
don't overgenerate inflected forms,barreder,forbidden,1,"",""
don't overgenerate inflected forms,barredest,forbidden,1,"",""
don't overgenerate inflected forms,barredder,forbidden,1,"",""
don't overgenerate inflected forms,barreddest,forbidden,1,"",""
don't overgenerate inflected forms,baseder,forbidden,1,"",""
don't overgenerate inflected forms,basedest,forbidden,1,"",""
don't overgenerate inflected forms,basedder,forbidden,1,"",""
don't overgenerate inflected forms,baseddest,forbidden,1,"",""
don't overgenerate inflected forms,blankker,forbidden,1,"",""
don't overgenerate inflected forms,blankkest,forbidden,1,"",""
don't overgenerate inflected forms,bleacheder,forbidden,1,"",""
don't overgenerate inflected forms,bleachedest,forbidden,1,"",""
don't overgenerate inflected forms,bleachedder,forbidden,1,"",""
don't overgenerate inflected forms,bleacheddest,forbidden,1,"",""
don't overgenerate inflected forms,bleakker,forbidden,1,"",""
don't overgenerate inflected forms,bleakkest,forbidden,1,"",""
don't overgenerate inflected forms,blindder,forbidden,1,"",""
don't overgenerate inflected forms,blinddest,forbidden,1,"",""
don't overgenerate inflected forms,blockeder,forbidden,1,"",""
don't overgenerate inflected forms,blockedest,forbidden,1,"",""
don't overgenerate inflected forms,blockedder,forbidden,1,"",""
don't overgenerate inflected forms,blockeddest,forbidden,1,"",""
don't overgenerate inflected forms,blowner,forbidden,1,"",""
don't overgenerate inflected forms,blownest,forbidden,1,"",""
don't overgenerate inflected forms,blownner,forbidden,1,"",""
don't overgenerate inflected forms,blownnest,forbidden,1,"",""
don't overgenerate inflected forms,blufffer,forbidden,1,"",""
don't overgenerate inflected forms,blufffest,forbidden,1,"",""
don't overgenerate inflected forms,boredder,forbidden,1,"",""
don't overgenerate inflected forms,boreddest,forbidden,1,"",""
don't overgenerate inflected forms,borned,forbidden,1,"",""
don't overgenerate inflected forms,bornest,forbidden,1,"",""
don't overgenerate inflected forms,botcheder,forbidden,1,"",""
don't overgenerate inflected forms,botchedest,forbidden,1,"",""
don't overgenerate inflected forms,botchedder,forbidden,1,"",""
don't overgenerate inflected forms,botcheddest,forbidden,1,"",""
don't overgenerate inflected forms,boweder,forbidden,1,"",""
don't overgenerate inflected forms,bowedest,forbidden,1,"",""
don't overgenerate inflected forms,bowedder,forbidden,1,"",""
don't overgenerate inflected forms,boweddest,forbidden,1,"",""
don't overgenerate inflected forms,boxeder,forbidden,1,"",""
don't overgenerate inflected forms,boxedest,forbidden,1,"",""
don't overgenerate inflected forms,boxedder,forbidden,1,"",""
don't overgenerate inflected forms,boxeddest,forbidden,1,"",""
don't overgenerate inflected forms,breatheder,forbidden,1,"",""
don't overgenerate inflected forms,breathedest,forbidden,1,"",""
don't overgenerate inflected forms,breathedder,forbidden,1,"",""
don't overgenerate inflected forms,breatheddest,forbidden,1,"",""
don't overgenerate inflected forms,brusheder,forbidden,1,"",""
don't overgenerate inflected forms,brushedest,forbidden,1,"",""
don't overgenerate inflected forms,brushedder,forbidden,1,"",""
don't overgenerate inflected forms,brusheddest,forbidden,1,"",""
don't overgenerate inflected forms,bruter,forbidden,1,"",""
don't overgenerate inflected forms,brutest,forbidden,1,"",""
don't overgenerate inflected forms,buggeder,forbidden,1,"",""
don't overgenerate inflected forms,buggedest,forbidden,1,"",""
don't overgenerate inflected forms,buggedder,forbidden,1,"",""
don't overgenerate inflected forms,buggeddest,forbidden,1,"",""
don't overgenerate inflected forms,builter,forbidden,1,"",""
don't overgenerate inflected forms,builtest,forbidden,1,"",""
don't overgenerate inflected forms,builtter,forbidden,1,"",""
don't overgenerate inflected forms,builttest,forbidden,1,"",""
don't overgenerate inflected forms,burneder,forbidden,1,"",""
don't overgenerate inflected forms,burnedest,forbidden,1,"",""
don't overgenerate inflected forms,burnedder,forbidden,1,"",""
don't overgenerate inflected forms,burneddest,forbidden,1,"",""
don't overgenerate inflected forms,burnter,forbidden,1,"",""
don't overgenerate inflected forms,burntest,forbidden,1,"",""
don't overgenerate inflected forms,burntter,forbidden,1,"",""
don't overgenerate inflected forms,burnttest,forbidden,1,"",""
don't overgenerate inflected forms,canarier,forbidden,1,"",""
don't overgenerate inflected forms,canariest,forbidden,1,"",""
don't overgenerate inflected forms,canneder,forbidden,1,"",""
don't overgenerate inflected forms,cannedest,forbidden,1,"",""
don't overgenerate inflected forms,cannedder,forbidden,1,"",""
don't overgenerate inflected forms,canneddest,forbidden,1,"",""
don't overgenerate inflected forms,carveder,forbidden,1,"",""
don't overgenerate inflected forms,carvedest,forbidden,1,"",""
don't overgenerate inflected forms,carvedder,forbidden,1,"",""
don't overgenerate inflected forms,carveddest,forbidden,1,"",""
don't overgenerate inflected forms,casheder,forbidden,1,"",""
don't overgenerate inflected forms,cashedest,forbidden,1,"",""
don't overgenerate inflected forms,cashedder,forbidden,1,"",""
don't overgenerate inflected forms,casheddest,forbidden,1,"",""
don't overgenerate inflected forms,chaineder,forbidden,1,"",""
don't overgenerate inflected forms,chainedest,forbidden,1,"",""
don't overgenerate inflected forms,chainedder,forbidden,1,"",""
don't overgenerate inflected forms,chaineddest,forbidden,1,"",""
don't overgenerate inflected forms,changeder,forbidden,1,"",""
don't overgenerate inflected forms,changedest,forbidden,1,"",""
don't overgenerate inflected forms,changedder,forbidden,1,"",""
don't overgenerate inflected forms,changeddest,forbidden,1,"",""
don't overgenerate inflected forms,chargeder,forbidden,1,"",""
don't overgenerate inflected forms,chargedest,forbidden,1,"",""
don't overgenerate inflected forms,chargedder,forbidden,1,"",""
don't overgenerate inflected forms,chargeddest,forbidden,1,"",""
don't overgenerate inflected forms,charmeder,forbidden,1,"",""
don't overgenerate inflected forms,charmedest,forbidden,1,"",""
don't overgenerate inflected forms,charmedder,forbidden,1,"",""
don't overgenerate inflected forms,charmeddest,forbidden,1,"",""
don't overgenerate inflected forms,checkeder,forbidden,1,"",""
don't overgenerate inflected forms,checkedest,forbidden,1,"",""
don't overgenerate inflected forms,checkedder,forbidden,1,"",""
don't overgenerate inflected forms,checkeddest,forbidden,1,"",""
don't overgenerate inflected forms,chokeder,forbidden,1,"",""
don't overgenerate inflected forms,chokedest,forbidden,1,"",""
don't overgenerate inflected forms,chokedder,forbidden,1,"",""
don't overgenerate inflected forms,chokeddest,forbidden,1,"",""
don't overgenerate inflected forms,choppeder,forbidden,1,"",""
don't overgenerate inflected forms,choppedest,forbidden,1,"",""
don't overgenerate inflected forms,choppedder,forbidden,1,"",""
don't overgenerate inflected forms,choppeddest,forbidden,1,"",""
don't overgenerate inflected forms,cleanner,forbidden,1,"",""
don't overgenerate inflected forms,cleannest,forbidden,1,"",""
don't overgenerate inflected forms,clippeder,forbidden,1,"",""
don't overgenerate inflected forms,clippedest,forbidden,1,"",""
don't overgenerate inflected forms,clippedder,forbidden,1,"",""
don't overgenerate inflected forms,clippeddest,forbidden,1,"",""
don't overgenerate inflected forms,cloggeder,forbidden,1,"",""
don't overgenerate inflected forms,cloggedest,forbidden,1,"",""
don't overgenerate inflected forms,cloggedder,forbidden,1,"",""
don't overgenerate inflected forms,cloggeddest,forbidden,1,"",""
don't overgenerate inflected forms,closeder,forbidden,1,"",""
don't overgenerate inflected forms,closedest,forbidden,1,"",""
don't overgenerate inflected forms,closedder,forbidden,1,"",""
don't overgenerate inflected forms,closeddest,forbidden,1,"",""
don't overgenerate inflected forms,cookeder,forbidden,1,"",""
don't overgenerate inflected forms,cookedest,forbidden,1,"",""
don't overgenerate inflected forms,cookedder,forbidden,1,"",""
don't overgenerate inflected forms,cookeddest,forbidden,1,"",""
don't overgenerate inflected forms,crackeder,forbidden,1,"",""
don't overgenerate inflected forms,crackedest,forbidden,1,"",""
don't overgenerate inflected forms,crackedder,forbidden,1,"",""
don't overgenerate inflected forms,crackeddest,forbidden,1,"",""
don't overgenerate inflected forms,crampeder,forbidden,1,"",""
don't overgenerate inflected forms,crampedest,forbidden,1,"",""
don't overgenerate inflected forms,crampedder,forbidden,1,"",""
don't overgenerate inflected forms,crampeddest,forbidden,1,"",""
don't overgenerate inflected forms,crazeder,forbidden,1,"",""
don't overgenerate inflected forms,crazedest,forbidden,1,"",""
don't overgenerate inflected forms,crazedder,forbidden,1,"",""
don't overgenerate inflected forms,crazeddest,forbidden,1,"",""
don't overgenerate inflected forms,crosseder,forbidden,1,"",""
don't overgenerate inflected forms,crossedest,forbidden,1,"",""
don't overgenerate inflected forms,crossedder,forbidden,1,"",""
don't overgenerate inflected forms,crosseddest,forbidden,1,"",""
don't overgenerate inflected forms,crusheder,forbidden,1,"",""
don't overgenerate inflected forms,crushedest,forbidden,1,"",""
don't overgenerate inflected forms,crushedder,forbidden,1,"",""
don't overgenerate inflected forms,crusheddest,forbidden,1,"",""
don't overgenerate inflected forms,cureder,forbidden,1,"",""
don't overgenerate inflected forms,curedest,forbidden,1,"",""
don't overgenerate inflected forms,curedder,forbidden,1,"",""
don't overgenerate inflected forms,cureddest,forbidden,1,"",""
don't overgenerate inflected forms,cursedder,forbidden,1,"",""
don't overgenerate inflected forms,curseddest,forbidden,1,"",""
don't overgenerate inflected forms,dasheder,forbidden,1,"",""
don't overgenerate inflected forms,dashedest,forbidden,1,"",""
don't overgenerate inflected forms,dashedder,forbidden,1,"",""
don't overgenerate inflected forms,dasheddest,forbidden,1,"",""
don't overgenerate inflected forms,dippeder,forbidden,1,"",""
don't overgenerate inflected forms,dippedest,forbidden,1,"",""
don't overgenerate inflected forms,dippedder,forbidden,1,"",""
don't overgenerate inflected forms,dippeddest,forbidden,1,"",""
don't overgenerate inflected forms,disorderlier,forbidden,1,"",""
don't overgenerate inflected forms,disorderliest,forbidden,1,"",""
don't overgenerate inflected forms,doomeder,forbidden,1,"",""
don't overgenerate inflected forms,doomedest,forbidden,1,"",""
don't overgenerate inflected forms,doomedder,forbidden,1,"",""
don't overgenerate inflected forms,doomeddest,forbidden,1,"",""
don't overgenerate inflected forms,draineder,forbidden,1,"",""
don't overgenerate inflected forms,drainedest,forbidden,1,"",""
don't overgenerate inflected forms,drainedder,forbidden,1,"",""
don't overgenerate inflected forms,draineddest,forbidden,1,"",""
don't overgenerate inflected forms,drawner,forbidden,1,"",""
don't overgenerate inflected forms,drawnest,forbidden,1,"",""
don't overgenerate inflected forms,drawnner,forbidden,1,"",""
don't overgenerate inflected forms,drawnnest,forbidden,1,"",""
don't overgenerate inflected forms,dreameder,forbidden,1,"",""
don't overgenerate inflected forms,dreamedest,forbidden,1,"",""
don't overgenerate inflected forms,dreamedder,forbidden,1,"",""
don't overgenerate inflected forms,dreameddest,forbidden,1,"",""
don't overgenerate inflected forms,drieder,forbidden,1,"",""
don't overgenerate inflected forms,driedest,forbidden,1,"",""
don't overgenerate inflected forms,driedder,forbidden,1,"",""
don't overgenerate inflected forms,drieddest,forbidden,1,"",""
don't overgenerate inflected forms,drilleder,forbidden,1,"",""
don't overgenerate inflected forms,drilledest,forbidden,1,"",""
don't overgenerate inflected forms,drilledder,forbidden,1,"",""
don't overgenerate inflected forms,drilleddest,forbidden,1,"",""
don't overgenerate inflected forms,druggeder,forbidden,1,"",""
don't overgenerate inflected forms,druggedest,forbidden,1,"",""
don't overgenerate inflected forms,druggedder,forbidden,1,"",""
don't overgenerate inflected forms,druggeddest,forbidden,1,"",""
don't overgenerate inflected forms,eightest,forbidden,1,"",""
don't overgenerate inflected forms,eightter,forbidden,1,"",""
don't overgenerate inflected forms,eighttest,forbidden,1,"",""
don't overgenerate inflected forms,eightier,forbidden,1,"",""
don't overgenerate inflected forms,eightiest,forbidden,1,"",""
don't overgenerate inflected forms,faintter,forbidden,1,"",""
don't overgenerate inflected forms,fainttest,forbidden,1,"",""
don't overgenerate inflected forms,filleder,forbidden,1,"",""
don't overgenerate inflected forms,filledest,forbidden,1,"",""
don't overgenerate inflected forms,filledder,forbidden,1,"",""
don't overgenerate inflected forms,filleddest,forbidden,1,"",""
don't overgenerate inflected forms,filmeder,forbidden,1,"",""
don't overgenerate inflected forms,filmedest,forbidden,1,"",""
don't overgenerate inflected forms,filmedder,forbidden,1,"",""
don't overgenerate inflected forms,filmeddest,forbidden,1,"",""
don't overgenerate inflected forms,fixeder,forbidden,1,"",""
don't overgenerate inflected forms,fixedest,forbidden,1,"",""
don't overgenerate inflected forms,fixedder,forbidden,1,"",""
don't overgenerate inflected forms,fixeddest,forbidden,1,"",""
don't overgenerate inflected forms,flaweder,forbidden,1,"",""
don't overgenerate inflected forms,flawedest,forbidden,1,"",""
don't overgenerate inflected forms,flawedder,forbidden,1,"",""
don't overgenerate inflected forms,flaweddest,forbidden,1,"",""
don't overgenerate inflected forms,fleetter,forbidden,1,"",""
don't overgenerate inflected forms,fleettest,forbidden,1,"",""
don't overgenerate inflected forms,flusheder,forbidden,1,"",""
don't overgenerate inflected forms,flushedest,forbidden,1,"",""
don't overgenerate inflected forms,flushedder,forbidden,1,"",""
don't overgenerate inflected forms,flusheddest,forbidden,1,"",""
don't overgenerate inflected forms,forceder,forbidden,1,"",""
don't overgenerate inflected forms,forcedest,forbidden,1,"",""
don't overgenerate inflected forms,forcedder,forbidden,1,"",""
don't overgenerate inflected forms,forceddest,forbidden,1,"",""
don't overgenerate inflected forms,formeder,forbidden,1,"",""
don't overgenerate inflected forms,formedest,forbidden,1,"",""
don't overgenerate inflected forms,formedder,forbidden,1,"",""
don't overgenerate inflected forms,formeddest,forbidden,1,"",""
don't overgenerate inflected forms,frailler,forbidden,1,"",""
don't overgenerate inflected forms,fraillest,forbidden,1,"",""
don't overgenerate inflected forms,fuckeder,forbidden,1,"",""
don't overgenerate inflected forms,glueder,forbidden,1,"",""
don't overgenerate inflected forms,gluedest,forbidden,1,"",""
don't overgenerate inflected forms,gluedder,forbidden,1,"",""
don't overgenerate inflected forms,glueddest,forbidden,1,"",""
don't overgenerate inflected forms,growner,forbidden,1,"",""
don't overgenerate inflected forms,grownest,forbidden,1,"",""
don't overgenerate inflected forms,grownner,forbidden,1,"",""
don't overgenerate inflected forms,grownnest,forbidden,1,"",""
don't overgenerate inflected forms,halfwaier,forbidden,1,"",""
don't overgenerate inflected forms,halfwaiest,forbidden,1,"",""
don't overgenerate inflected forms,hatcheder,forbidden,1,"",""
don't overgenerate inflected forms,hatchedest,forbidden,1,"",""
don't overgenerate inflected forms,hatchedder,forbidden,1,"",""
don't overgenerate inflected forms,hatcheddest,forbidden,1,"",""
don't overgenerate inflected forms,healeder,forbidden,1,"",""
don't overgenerate inflected forms,healedest,forbidden,1,"",""
don't overgenerate inflected forms,healedder,forbidden,1,"",""
don't overgenerate inflected forms,healeddest,forbidden,1,"",""
don't overgenerate inflected forms,hearder,forbidden,1,"",""
don't overgenerate inflected forms,heardest,forbidden,1,"",""
don't overgenerate inflected forms,heardder,forbidden,1,"",""
don't overgenerate inflected forms,hearddest,forbidden,1,"",""
don't overgenerate inflected forms,hookeder,forbidden,1,"",""
don't overgenerate inflected forms,hookedest,forbidden,1,"",""
don't overgenerate inflected forms,hookedder,forbidden,1,"",""
don't overgenerate inflected forms,hookeddest,forbidden,1,"",""
don't overgenerate inflected forms,involuntarier,forbidden,1,"",""
don't overgenerate inflected forms,involuntariest,forbidden,1,"",""
don't overgenerate inflected forms,jammeder,forbidden,1,"",""
don't overgenerate inflected forms,jammedest,forbidden,1,"",""
don't overgenerate inflected forms,jammedder,forbidden,1,"",""
don't overgenerate inflected forms,jammeddest,forbidden,1,"",""
don't overgenerate inflected forms,joineder,forbidden,1,"",""
don't overgenerate inflected forms,joinedest,forbidden,1,"",""
don't overgenerate inflected forms,joinedder,forbidden,1,"",""
don't overgenerate inflected forms,joineddest,forbidden,1,"",""
don't overgenerate inflected forms,knowner,forbidden,1,"",""
don't overgenerate inflected forms,knownest,forbidden,1,"",""
don't overgenerate inflected forms,knownner,forbidden,1,"",""
don't overgenerate inflected forms,knownnest,forbidden,1,"",""
don't overgenerate inflected forms,laceder,forbidden,1,"",""
don't overgenerate inflected forms,lacedest,forbidden,1,"",""
don't overgenerate inflected forms,lacedder,forbidden,1,"",""
don't overgenerate inflected forms,laceddest,forbidden,1,"",""
don't overgenerate inflected forms,learneder,forbidden,1,"",""
don't overgenerate inflected forms,learnedest,forbidden,1,"",""
don't overgenerate inflected forms,learnedder,forbidden,1,"",""
don't overgenerate inflected forms,learneddest,forbidden,1,"",""
don't overgenerate inflected forms,leaseder,forbidden,1,"",""
don't overgenerate inflected forms,leasedest,forbidden,1,"",""
don't overgenerate inflected forms,leasedder,forbidden,1,"",""
don't overgenerate inflected forms,leaseddest,forbidden,1,"",""
don't overgenerate inflected forms,lickeder,forbidden,1,"",""
don't overgenerate inflected forms,lickedest,forbidden,1,"",""
don't overgenerate inflected forms,lickedder,forbidden,1,"",""
don't overgenerate inflected forms,lickeddest,forbidden,1,"",""
don't overgenerate inflected forms,lieger,forbidden,1,"",""
don't overgenerate inflected forms,liegest,forbidden,1,"",""
don't overgenerate inflected forms,likeder,forbidden,1,"",""
don't overgenerate inflected forms,likedest,forbidden,1,"",""
don't overgenerate inflected forms,likedder,forbidden,1,"",""
don't overgenerate inflected forms,likeddest,forbidden,1,"",""
don't overgenerate inflected forms,lineder,forbidden,1,"",""
don't overgenerate inflected forms,linedest,forbidden,1,"",""
don't overgenerate inflected forms,linedder,forbidden,1,"",""
don't overgenerate inflected forms,lineddest,forbidden,1,"",""
don't overgenerate inflected forms,linkeder,forbidden,1,"",""
don't overgenerate inflected forms,linkedest,forbidden,1,"",""
don't overgenerate inflected forms,linkedder,forbidden,1,"",""
don't overgenerate inflected forms,linkeddest,forbidden,1,"",""
don't overgenerate inflected forms,loveder,forbidden,1,"",""
don't overgenerate inflected forms,lovedest,forbidden,1,"",""
don't overgenerate inflected forms,lovedder,forbidden,1,"",""
don't overgenerate inflected forms,loveddest,forbidden,1,"",""
don't overgenerate inflected forms,maileder,forbidden,1,"",""
don't overgenerate inflected forms,mailedest,forbidden,1,"",""
don't overgenerate inflected forms,mailedder,forbidden,1,"",""
don't overgenerate inflected forms,maileddest,forbidden,1,"",""
don't overgenerate inflected forms,manneder,forbidden,1,"",""
don't overgenerate inflected forms,mannedest,forbidden,1,"",""
don't overgenerate inflected forms,mannedder,forbidden,1,"",""
don't overgenerate inflected forms,manneddest,forbidden,1,"",""
don't overgenerate inflected forms,markeder,forbidden,1,"",""
don't overgenerate inflected forms,markedest,forbidden,1,"",""
don't overgenerate inflected forms,markedder,forbidden,1,"",""
don't overgenerate inflected forms,markeddest,forbidden,1,"",""
don't overgenerate inflected forms,maskeder,forbidden,1,"",""
don't overgenerate inflected forms,maskedest,forbidden,1,"",""
don't overgenerate inflected forms,maskedder,forbidden,1,"",""
don't overgenerate inflected forms,maskeddest,forbidden,1,"",""
don't overgenerate inflected forms,misseder,forbidden,1,"",""
don't overgenerate inflected forms,missedest,forbidden,1,"",""
don't overgenerate inflected forms,missedder,forbidden,1,"",""
don't overgenerate inflected forms,misseddest,forbidden,1,"",""
don't overgenerate inflected forms,moveder,forbidden,1,"",""
don't overgenerate inflected forms,movedest,forbidden,1,"",""
don't overgenerate inflected forms,movedder,forbidden,1,"",""
don't overgenerate inflected forms,moveddest,forbidden,1,"",""
don't overgenerate inflected forms,nearbier,forbidden,1,"",""
don't overgenerate inflected forms,nearbiest,forbidden,1,"",""
don't overgenerate inflected forms,owneder,forbidden,1,"",""
don't overgenerate inflected forms,ownedest,forbidden,1,"",""
don't overgenerate inflected forms,ownedder,forbidden,1,"",""
don't overgenerate inflected forms,owneddest,forbidden,1,"",""
don't overgenerate inflected forms,packeder,forbidden,1,"",""
don't overgenerate inflected forms,packedest,forbidden,1,"",""
don't overgenerate inflected forms,packedder,forbidden,1,"",""
don't overgenerate inflected forms,packeddest,forbidden,1,"",""
don't overgenerate inflected forms,parkeder,forbidden,1,"",""
don't overgenerate inflected forms,parkedest,forbidden,1,"",""
don't overgenerate inflected forms,parkedder,forbidden,1,"",""
don't overgenerate inflected forms,parkeddest,forbidden,1,"",""
don't overgenerate inflected forms,patcheder,forbidden,1,"",""
don't overgenerate inflected forms,patchedest,forbidden,1,"",""
don't overgenerate inflected forms,patchedder,forbidden,1,"",""
don't overgenerate inflected forms,patcheddest,forbidden,1,"",""
don't overgenerate inflected forms,paveder,forbidden,1,"",""
don't overgenerate inflected forms,pavedest,forbidden,1,"",""
don't overgenerate inflected forms,pavedder,forbidden,1,"",""
don't overgenerate inflected forms,paveddest,forbidden,1,"",""
don't overgenerate inflected forms,peakeder,forbidden,1,"",""
don't overgenerate inflected forms,peakedest,forbidden,1,"",""
don't overgenerate inflected forms,peakedder,forbidden,1,"",""
don't overgenerate inflected forms,peakeddest,forbidden,1,"",""
don't overgenerate inflected forms,peeleder,forbidden,1,"",""
don't overgenerate inflected forms,peeledest,forbidden,1,"",""
don't overgenerate inflected forms,peeledder,forbidden,1,"",""
don't overgenerate inflected forms,peeleddest,forbidden,1,"",""
don't overgenerate inflected forms,pierceder,forbidden,1,"",""
don't overgenerate inflected forms,piercedest,forbidden,1,"",""
don't overgenerate inflected forms,piercedder,forbidden,1,"",""
don't overgenerate inflected forms,pierceddest,forbidden,1,"",""
don't overgenerate inflected forms,pincheder,forbidden,1,"",""
don't overgenerate inflected forms,pinchedest,forbidden,1,"",""
don't overgenerate inflected forms,pinchedder,forbidden,1,"",""
don't overgenerate inflected forms,pincheddest,forbidden,1,"",""
don't overgenerate inflected forms,pisseder,forbidden,1,"",""
don't overgenerate inflected forms,pissedest,forbidden,1,"",""
don't overgenerate inflected forms,pissedder,forbidden,1,"",""
don't overgenerate inflected forms,pisseddest,forbidden,1,"",""
don't overgenerate inflected forms,pitcheder,forbidden,1,"",""
don't overgenerate inflected forms,pitchedest,forbidden,1,"",""
don't overgenerate inflected forms,pitchedder,forbidden,1,"",""
don't overgenerate inflected forms,pitcheddest,forbidden,1,"",""
don't overgenerate inflected forms,placeder,forbidden,1,"",""
don't overgenerate inflected forms,placedest,forbidden,1,"",""
don't overgenerate inflected forms,placedder,forbidden,1,"",""
don't overgenerate inflected forms,placeddest,forbidden,1,"",""
don't overgenerate inflected forms,plainner,forbidden,1,"",""
don't overgenerate inflected forms,plainnest,forbidden,1,"",""
don't overgenerate inflected forms,planneder,forbidden,1,"",""
don't overgenerate inflected forms,plannedest,forbidden,1,"",""
don't overgenerate inflected forms,plannedder,forbidden,1,"",""
don't overgenerate inflected forms,planneddest,forbidden,1,"",""
don't overgenerate inflected forms,playeder,forbidden,1,"",""
don't overgenerate inflected forms,playedest,forbidden,1,"",""
don't overgenerate inflected forms,playedder,forbidden,1,"",""
don't overgenerate inflected forms,playeddest,forbidden,1,"",""
don't overgenerate inflected forms,pledgeder,forbidden,1,"",""
don't overgenerate inflected forms,pledgedest,forbidden,1,"",""
don't overgenerate inflected forms,pledgedder,forbidden,1,"",""
don't overgenerate inflected forms,pledgeddest,forbidden,1,"",""
don't overgenerate inflected forms,pluckeder,forbidden,1,"",""
don't overgenerate inflected forms,pluckedest,forbidden,1,"",""
don't overgenerate inflected forms,pluckedder,forbidden,1,"",""
don't overgenerate inflected forms,pluckeddest,forbidden,1,"",""
don't overgenerate inflected forms,pluggeder,forbidden,1,"",""
don't overgenerate inflected forms,pluggedest,forbidden,1,"",""
don't overgenerate inflected forms,pluggedder,forbidden,1,"",""
don't overgenerate inflected forms,pluggeddest,forbidden,1,"",""
don't overgenerate inflected forms,poseder,forbidden,1,"",""
don't overgenerate inflected forms,posedest,forbidden,1,"",""
don't overgenerate inflected forms,posedder,forbidden,1,"",""
don't overgenerate inflected forms,poseddest,forbidden,1,"",""
don't overgenerate inflected forms,proveder,forbidden,1,"",""
don't overgenerate inflected forms,provedest,forbidden,1,"",""
don't overgenerate inflected forms,provedder,forbidden,1,"",""
don't overgenerate inflected forms,proveddest,forbidden,1,"",""
don't overgenerate inflected forms,quaintter,forbidden,1,"",""
don't overgenerate inflected forms,quainttest,forbidden,1,"",""
don't overgenerate inflected forms,raiseder,forbidden,1,"",""
don't overgenerate inflected forms,raisedest,forbidden,1,"",""
don't overgenerate inflected forms,raisedder,forbidden,1,"",""
don't overgenerate inflected forms,raiseddest,forbidden,1,"",""
don't overgenerate inflected forms,rapeder,forbidden,1,"",""
don't overgenerate inflected forms,rapedest,forbidden,1,"",""
don't overgenerate inflected forms,rapedder,forbidden,1,"",""
don't overgenerate inflected forms,rapeddest,forbidden,1,"",""
don't overgenerate inflected forms,riggeder,forbidden,1,"",""
don't overgenerate inflected forms,riggedest,forbidden,1,"",""
don't overgenerate inflected forms,riggedder,forbidden,1,"",""
don't overgenerate inflected forms,riggeddest,forbidden,1,"",""
don't overgenerate inflected forms,rippeder,forbidden,1,"",""
don't overgenerate inflected forms,rippedest,forbidden,1,"",""
don't overgenerate inflected forms,rippedder,forbidden,1,"",""
don't overgenerate inflected forms,rippeddest,forbidden,1,"",""
don't overgenerate inflected forms,rolleder,forbidden,1,"",""
don't overgenerate inflected forms,rolledest,forbidden,1,"",""
don't overgenerate inflected forms,rolledder,forbidden,1,"",""
don't overgenerate inflected forms,rolleddest,forbidden,1,"",""
don't overgenerate inflected forms,ruleder,forbidden,1,"",""
don't overgenerate inflected forms,ruledest,forbidden,1,"",""
don't overgenerate inflected forms,ruledder,forbidden,1,"",""
don't overgenerate inflected forms,ruleddest,forbidden,1,"",""
don't overgenerate inflected forms,sackeder,forbidden,1,"",""
don't overgenerate inflected forms,sackedest,forbidden,1,"",""
don't overgenerate inflected forms,sackedder,forbidden,1,"",""
don't overgenerate inflected forms,sackeddest,forbidden,1,"",""
don't overgenerate inflected forms,saveder,forbidden,1,"",""
don't overgenerate inflected forms,savedest,forbidden,1,"",""
don't overgenerate inflected forms,savedder,forbidden,1,"",""
don't overgenerate inflected forms,saveddest,forbidden,1,"",""
don't overgenerate inflected forms,scaredder,forbidden,1,"",""
don't overgenerate inflected forms,scareddest,forbidden,1,"",""
don't overgenerate inflected forms,scarreder,forbidden,1,"",""
don't overgenerate inflected forms,scarredest,forbidden,1,"",""
don't overgenerate inflected forms,scarredder,forbidden,1,"",""
don't overgenerate inflected forms,scarreddest,forbidden,1,"",""
don't overgenerate inflected forms,scruber,forbidden,1,"",""
don't overgenerate inflected forms,scrubest,forbidden,1,"",""
don't overgenerate inflected forms,scrubbest,forbidden,1,"",""
don't overgenerate inflected forms,scrubbeder,forbidden,1,"",""
don't overgenerate inflected forms,scrubbedest,forbidden,1,"",""
don't overgenerate inflected forms,scrubbedder,forbidden,1,"",""
don't overgenerate inflected forms,scrubbeddest,forbidden,1,"",""
don't overgenerate inflected forms,sealeder,forbidden,1,"",""
don't overgenerate inflected forms,sealedest,forbidden,1,"",""
don't overgenerate inflected forms,sealedder,forbidden,1,"",""
don't overgenerate inflected forms,sealeddest,forbidden,1,"",""
don't overgenerate inflected forms,senseder,forbidden,1,"",""
don't overgenerate inflected forms,sensedest,forbidden,1,"",""
don't overgenerate inflected forms,sensedder,forbidden,1,"",""
don't overgenerate inflected forms,senseddest,forbidden,1,"",""
don't overgenerate inflected forms,shameder,forbidden,1,"",""
don't overgenerate inflected forms,shamedest,forbidden,1,"",""
don't overgenerate inflected forms,shamedder,forbidden,1,"",""
don't overgenerate inflected forms,shameddest,forbidden,1,"",""
don't overgenerate inflected forms,shapeder,forbidden,1,"",""
don't overgenerate inflected forms,shapedest,forbidden,1,"",""
don't overgenerate inflected forms,shapedder,forbidden,1,"",""
don't overgenerate inflected forms,shapeddest,forbidden,1,"",""
don't overgenerate inflected forms,shareder,forbidden,1,"",""
don't overgenerate inflected forms,sharedest,forbidden,1,"",""
don't overgenerate inflected forms,sharedder,forbidden,1,"",""
don't overgenerate inflected forms,shareddest,forbidden,1,"",""
don't overgenerate inflected forms,shaveder,forbidden,1,"",""
don't overgenerate inflected forms,shavedest,forbidden,1,"",""
don't overgenerate inflected forms,shavedder,forbidden,1,"",""
don't overgenerate inflected forms,shaveddest,forbidden,1,"",""
don't overgenerate inflected forms,shockeder,forbidden,1,"",""
don't overgenerate inflected forms,shockedest,forbidden,1,"",""
don't overgenerate inflected forms,shockedder,forbidden,1,"",""
don't overgenerate inflected forms,shockeddest,forbidden,1,"",""
don't overgenerate inflected forms,skinneder,forbidden,1,"",""
don't overgenerate inflected forms,skinnedest,forbidden,1,"",""
don't overgenerate inflected forms,skinnedder,forbidden,1,"",""
don't overgenerate inflected forms,skinneddest,forbidden,1,"",""
don't overgenerate inflected forms,slasheder,forbidden,1,"",""
don't overgenerate inflected forms,slashedest,forbidden,1,"",""
don't overgenerate inflected forms,slashedder,forbidden,1,"",""
don't overgenerate inflected forms,slasheddest,forbidden,1,"",""
don't overgenerate inflected forms,sliceder,forbidden,1,"",""
don't overgenerate inflected forms,slicedest,forbidden,1,"",""
don't overgenerate inflected forms,slicedder,forbidden,1,"",""
don't overgenerate inflected forms,sliceddest,forbidden,1,"",""
don't overgenerate inflected forms,smasheder,forbidden,1,"",""
don't overgenerate inflected forms,smashedest,forbidden,1,"",""
don't overgenerate inflected forms,smashedder,forbidden,1,"",""
don't overgenerate inflected forms,smasheddest,forbidden,1,"",""
don't overgenerate inflected forms,soakeder,forbidden,1,"",""
don't overgenerate inflected forms,soakedest,forbidden,1,"",""
don't overgenerate inflected forms,soakedder,forbidden,1,"",""
don't overgenerate inflected forms,soakeddest,forbidden,1,"",""
don't overgenerate inflected forms,solveder,forbidden,1,"",""
don't overgenerate inflected forms,solvedest,forbidden,1,"",""
don't overgenerate inflected forms,solvedder,forbidden,1,"",""
don't overgenerate inflected forms,solveddest,forbidden,1,"",""
don't overgenerate inflected forms,soughter,forbidden,1,"",""
don't overgenerate inflected forms,soughtest,forbidden,1,"",""
don't overgenerate inflected forms,soughtter,forbidden,1,"",""
don't overgenerate inflected forms,soughttest,forbidden,1,"",""
don't overgenerate inflected forms,spaceder,forbidden,1,"",""
don't overgenerate inflected forms,spacedest,forbidden,1,"",""
don't overgenerate inflected forms,spacedder,forbidden,1,"",""
don't overgenerate inflected forms,spaceddest,forbidden,1,"",""
don't overgenerate inflected forms,spenter,forbidden,1,"",""
don't overgenerate inflected forms,spentest,forbidden,1,"",""
don't overgenerate inflected forms,spentter,forbidden,1,"",""
don't overgenerate inflected forms,spenttest,forbidden,1,"",""
don't overgenerate inflected forms,spliter,forbidden,1,"",""
don't overgenerate inflected forms,splitest,forbidden,1,"",""
don't overgenerate inflected forms,splittest,forbidden,1,"",""
don't overgenerate inflected forms,spoileder,forbidden,1,"",""
don't overgenerate inflected forms,spoiledest,forbidden,1,"",""
don't overgenerate inflected forms,spoiledder,forbidden,1,"",""
don't overgenerate inflected forms,spoileddest,forbidden,1,"",""
don't overgenerate inflected forms,squater,forbidden,1,"",""
don't overgenerate inflected forms,squatest,forbidden,1,"",""
don't overgenerate inflected forms,stackeder,forbidden,1,"",""
don't overgenerate inflected forms,stackedest,forbidden,1,"",""
don't overgenerate inflected forms,stackedder,forbidden,1,"",""
don't overgenerate inflected forms,stackeddest,forbidden,1,"",""
don't overgenerate inflected forms,stageder,forbidden,1,"",""
don't overgenerate inflected forms,stagedest,forbidden,1,"",""
don't overgenerate inflected forms,stagedder,forbidden,1,"",""
don't overgenerate inflected forms,stageddest,forbidden,1,"",""
don't overgenerate inflected forms,staineder,forbidden,1,"",""
don't overgenerate inflected forms,stainedest,forbidden,1,"",""
don't overgenerate inflected forms,stainedder,forbidden,1,"",""
don't overgenerate inflected forms,staineddest,forbidden,1,"",""
don't overgenerate inflected forms,stalkeder,forbidden,1,"",""
don't overgenerate inflected forms,stalkedest,forbidden,1,"",""
don't overgenerate inflected forms,stalkedder,forbidden,1,"",""
don't overgenerate inflected forms,stalkeddest,forbidden,1,"",""
don't overgenerate inflected forms,starkker,forbidden,1,"",""
don't overgenerate inflected forms,starkkest,forbidden,1,"",""
don't overgenerate inflected forms,starveder,forbidden,1,"",""
don't overgenerate inflected forms,starvedest,forbidden,1,"",""
don't overgenerate inflected forms,starvedder,forbidden,1,"",""
don't overgenerate inflected forms,starveddest,forbidden,1,"",""
don't overgenerate inflected forms,stilller,forbidden,1,"",""
don't overgenerate inflected forms,stilllest,forbidden,1,"",""
don't overgenerate inflected forms,stirreder,forbidden,1,"",""
don't overgenerate inflected forms,stirredest,forbidden,1,"",""
don't overgenerate inflected forms,stirredder,forbidden,1,"",""
don't overgenerate inflected forms,stirreddest,forbidden,1,"",""
don't overgenerate inflected forms,stockeder,forbidden,1,"",""
don't overgenerate inflected forms,stockedest,forbidden,1,"",""
don't overgenerate inflected forms,stockedder,forbidden,1,"",""
don't overgenerate inflected forms,stockeddest,forbidden,1,"",""
don't overgenerate inflected forms,stoppeder,forbidden,1,"",""
don't overgenerate inflected forms,stoppedest,forbidden,1,"",""
don't overgenerate inflected forms,stoppedder,forbidden,1,"",""
don't overgenerate inflected forms,stoppeddest,forbidden,1,"",""
don't overgenerate inflected forms,straineder,forbidden,1,"",""
don't overgenerate inflected forms,strainedest,forbidden,1,"",""
don't overgenerate inflected forms,strainedder,forbidden,1,"",""
don't overgenerate inflected forms,straineddest,forbidden,1,"",""
don't overgenerate inflected forms,straier,forbidden,1,"",""
don't overgenerate inflected forms,straiest,forbidden,1,"",""
don't overgenerate inflected forms,stretcheder,forbidden,1,"",""
don't overgenerate inflected forms,stretchedest,forbidden,1,"",""
don't overgenerate inflected forms,stretchedder,forbidden,1,"",""
don't overgenerate inflected forms,stretcheddest,forbidden,1,"",""
don't overgenerate inflected forms,stripeder,forbidden,1,"",""
don't overgenerate inflected forms,stripedest,forbidden,1,"",""
don't overgenerate inflected forms,stripedder,forbidden,1,"",""
don't overgenerate inflected forms,stripeddest,forbidden,1,"",""
don't overgenerate inflected forms,strippeder,forbidden,1,"",""
don't overgenerate inflected forms,strippedest,forbidden,1,"",""
don't overgenerate inflected forms,strippedder,forbidden,1,"",""
don't overgenerate inflected forms,strippeddest,forbidden,1,"",""
don't overgenerate inflected forms,strucker,forbidden,1,"",""
don't overgenerate inflected forms,struckest,forbidden,1,"",""
don't overgenerate inflected forms,strunger,forbidden,1,"",""
don't overgenerate inflected forms,strungest,forbidden,1,"",""
don't overgenerate inflected forms,strungger,forbidden,1,"",""
don't overgenerate inflected forms,strunggest,forbidden,1,"",""
don't overgenerate inflected forms,stuckest,forbidden,1,"",""
don't overgenerate inflected forms,stuffeder,forbidden,1,"",""
don't overgenerate inflected forms,stuffedest,forbidden,1,"",""
don't overgenerate inflected forms,stuffedder,forbidden,1,"",""
don't overgenerate inflected forms,stuffeddest,forbidden,1,"",""
don't overgenerate inflected forms,stunger,forbidden,1,"",""
don't overgenerate inflected forms,stungest,forbidden,1,"",""
don't overgenerate inflected forms,stungger,forbidden,1,"",""
don't overgenerate inflected forms,stunggest,forbidden,1,"",""
don't overgenerate inflected forms,stunneder,forbidden,1,"",""
don't overgenerate inflected forms,stunnedest,forbidden,1,"",""
don't overgenerate inflected forms,stunnedder,forbidden,1,"",""
don't overgenerate inflected forms,stunneddest,forbidden,1,"",""
don't overgenerate inflected forms,swepter,forbidden,1,"",""
don't overgenerate inflected forms,sweptest,forbidden,1,"",""
don't overgenerate inflected forms,sweptter,forbidden,1,"",""
don't overgenerate inflected forms,swepttest,forbidden,1,"",""
don't overgenerate inflected forms,taggeder,forbidden,1,"",""
don't overgenerate inflected forms,taggedest,forbidden,1,"",""
don't overgenerate inflected forms,taggedder,forbidden,1,"",""
don't overgenerate inflected forms,taggeddest,forbidden,1,"",""
don't overgenerate inflected forms,taileder,forbidden,1,"",""
don't overgenerate inflected forms,tailedest,forbidden,1,"",""
don't overgenerate inflected forms,tailedder,forbidden,1,"",""
don't overgenerate inflected forms,taileddest,forbidden,1,"",""
don't overgenerate inflected forms,tappeder,forbidden,1,"",""
don't overgenerate inflected forms,tappedest,forbidden,1,"",""
don't overgenerate inflected forms,tappedder,forbidden,1,"",""
don't overgenerate inflected forms,tappeddest,forbidden,1,"",""
don't overgenerate inflected forms,teaseder,forbidden,1,"",""
don't overgenerate inflected forms,teasedest,forbidden,1,"",""
don't overgenerate inflected forms,teasedder,forbidden,1,"",""
don't overgenerate inflected forms,teaseddest,forbidden,1,"",""
don't overgenerate inflected forms,temporarier,forbidden,1,"",""
don't overgenerate inflected forms,temporariest,forbidden,1,"",""
don't overgenerate inflected forms,throwner,forbidden,1,"",""
don't overgenerate inflected forms,thrownest,forbidden,1,"",""
don't overgenerate inflected forms,thrownner,forbidden,1,"",""
don't overgenerate inflected forms,thrownnest,forbidden,1,"",""
don't overgenerate inflected forms,tippeder,forbidden,1,"",""
don't overgenerate inflected forms,tippedest,forbidden,1,"",""
don't overgenerate inflected forms,tippedder,forbidden,1,"",""
don't overgenerate inflected forms,tippeddest,forbidden,1,"",""
don't overgenerate inflected forms,toppeder,forbidden,1,"",""
don't overgenerate inflected forms,toppedest,forbidden,1,"",""
don't overgenerate inflected forms,toppedder,forbidden,1,"",""
don't overgenerate inflected forms,toppeddest,forbidden,1,"",""
don't overgenerate inflected forms,toucheder,forbidden,1,"",""
don't overgenerate inflected forms,touchedest,forbidden,1,"",""
don't overgenerate inflected forms,touchedder,forbidden,1,"",""
don't overgenerate inflected forms,toucheddest,forbidden,1,"",""
don't overgenerate inflected forms,trackeder,forbidden,1,"",""
don't overgenerate inflected forms,trackedest,forbidden,1,"",""
don't overgenerate inflected forms,trackedder,forbidden,1,"",""
don't overgenerate inflected forms,trackeddest,forbidden,1,"",""
don't overgenerate inflected forms,traineder,forbidden,1,"",""
don't overgenerate inflected forms,trainedest,forbidden,1,"",""
don't overgenerate inflected forms,trainedder,forbidden,1,"",""
don't overgenerate inflected forms,traineddest,forbidden,1,"",""
don't overgenerate inflected forms,trappeder,forbidden,1,"",""
don't overgenerate inflected forms,trappedest,forbidden,1,"",""
don't overgenerate inflected forms,trappedder,forbidden,1,"",""
don't overgenerate inflected forms,trappeddest,forbidden,1,"",""
don't overgenerate inflected forms,trieder,forbidden,1,"",""
don't overgenerate inflected forms,triedest,forbidden,1,"",""
don't overgenerate inflected forms,triedder,forbidden,1,"",""
don't overgenerate inflected forms,trieddest,forbidden,1,"",""
don't overgenerate inflected forms,trimmeder,forbidden,1,"",""
don't overgenerate inflected forms,trimmedest,forbidden,1,"",""
don't overgenerate inflected forms,trimmedder,forbidden,1,"",""
don't overgenerate inflected forms,trimmeddest,forbidden,1,"",""
don't overgenerate inflected forms,tuckeder,forbidden,1,"",""
don't overgenerate inflected forms,tuckedest,forbidden,1,"",""
don't overgenerate inflected forms,tuckedder,forbidden,1,"",""
don't overgenerate inflected forms,tuckeddest,forbidden,1,"",""
don't overgenerate inflected forms,turneder,forbidden,1,"",""
don't overgenerate inflected forms,turnedest,forbidden,1,"",""
don't overgenerate inflected forms,turnedder,forbidden,1,"",""
don't overgenerate inflected forms,turneddest,forbidden,1,"",""
don't overgenerate inflected forms,unnecessarier,forbidden,1,"",""
don't overgenerate inflected forms,unnecessariest,forbidden,1,"",""
don't overgenerate inflected forms,voluntarier,forbidden,1,"",""
don't overgenerate inflected forms,voluntariest,forbidden,1,"",""
don't overgenerate inflected forms,warmeder,forbidden,1,"",""
don't overgenerate inflected forms,warmedest,forbidden,1,"",""
don't overgenerate inflected forms,warmedder,forbidden,1,"",""
don't overgenerate inflected forms,warmeddest,forbidden,1,"",""
don't overgenerate inflected forms,warpeder,forbidden,1,"",""
don't overgenerate inflected forms,warpedest,forbidden,1,"",""
don't overgenerate inflected forms,warpedder,forbidden,1,"",""
don't overgenerate inflected forms,warpeddest,forbidden,1,"",""
don't overgenerate inflected forms,washeder,forbidden,1,"",""
don't overgenerate inflected forms,washedest,forbidden,1,"",""
don't overgenerate inflected forms,washedder,forbidden,1,"",""
don't overgenerate inflected forms,washeddest,forbidden,1,"",""
don't overgenerate inflected forms,wastest,forbidden,1,"",""
don't overgenerate inflected forms,weirdder,forbidden,1,"",""
don't overgenerate inflected forms,weirddest,forbidden,1,"",""
don't overgenerate inflected forms,wetest,forbidden,1,"",""
don't overgenerate inflected forms,wrappeder,forbidden,1,"",""
don't overgenerate inflected forms,wrappedest,forbidden,1,"",""
don't overgenerate inflected forms,wrappedder,forbidden,1,"",""
don't overgenerate inflected forms,wrappeddest,forbidden,1,"",""
don't overgenerate inflected forms,wreckeder,forbidden,1,"",""
don't overgenerate inflected forms,wreckedest,forbidden,1,"",""
don't overgenerate inflected forms,wreckedder,forbidden,1,"",""
don't overgenerate inflected forms,wreckeddest,forbidden,1,"",""
don't overgenerate inflected forms,wrongger,forbidden,1,"",""
don't overgenerate inflected forms,fish,common,1,"",""
don't overgenerate inflected forms,fishy,common,1,"",""
don't overgenerate inflected forms,fisher,common,1,"",""
don't overgenerate inflected forms,fishier,common,1,"",""
don't overgenerate inflected forms,fishery,common,1,"",""
don't overgenerate inflected forms,fisheries,common,1,"",""
don't overgenerate inflected forms,fisheriessed,forbidden,1,"",""
don't overgenerate inflected forms,fisheriess,forbidden,1,"",""
don't overgenerate inflected forms,fisheriesed,forbidden,1,"",""
don't overgenerate inflected forms,creaming,common,1,"",""
don't overgenerate inflected forms,creme,common,1,"",""
don't overgenerate inflected forms,creming,forbidden,1,"",""
random sample,combe,rare,1,"",""
random sample,reticulum,rare_ish,1,"",""
random sample,anises,rare_ish,1,"",""
random sample,pantywaist,rare_ish,1,"",""
random sample,caches,common,1,"",""
random sample,thingier,forbidden,1,"",""
random sample,slobberer,rare_ish,1,"",""
random sample,glid,rare,1,"",""
random sample,tings,rare_ish,1,"",""
random sample,vocaloid,common_ish,1,"",""
random sample,vocaloids,common_ish,1,"",""
random sample,nuclei,common_ish,1,"",""
random sample,magneto,uncommon,1,"",""
random sample,magnetos,uncommon,1,"",""
rhyme spec regressions,plum,common,1,"",""
rhyme spec regressions,doom,common,1,"",""
rhyme spec regressions,tomb,common,1,"",""
rhyme spec regressions,entomb,common,1,"",""
rhyme spec regressions,michael,common,1,"",""
rhyme spec regressions,cycle,common,1,"",""
rhyme spec regressions,cajun,common,1,"",""
rhyme spec regressions,contagion,common,1,"",""
rhyme spec regressions,end,common,1,"",""
rhyme spec regressions,append,common,1,"",""
rhyme spec regressions,lad,common,1,"",""
rhyme spec regressions,linen,common,1,"",""
rhyme spec regressions,making,common,1,"",""
rhyme spec regressions,makin',common,1,"",""
rhyme spec regressions,failing,common,1,"",""
rhyme spec regressions,failin',common,1,"",""
rhyme spec regressions,wailing,common,1,"",""
rhyme spec regressions,wailin',common,1,"",""
rhyme spec regressions,bacon,common,1,"",""
rhyme spec regressions,muffin,common,1,"",""
rhyme spec regressions,italian,common,1,"",""
rhyme spec regressions,scallion,common,1,"",""
rhyme spec regressions,stallion,common,1,"",""
rhyme spec regressions,fez,common,1,"",""
rhyme spec regressions,cider,common,1,"",""
random sample,mixing,common,1,"",""
random sample,mixxing,forbidden,1,"",""
random sample,remixing,common,1,"",""
random sample,remixxing,forbidden,1,"",""
random sample of preferred common lemmas with rhymes,abbasi,forbidden,1,"",""
random sample of preferred common lemmas with rhymes,ahhed,forbidden,1,"",""
random sample of preferred common lemmas with rhymes,anglia,forbidden,1,"",""
random sample of preferred common lemmas with rhymes,ans,forbidden,1,"",""
random sample of preferred common lemmas with rhymes,anther,forbidden,1,"",""
random sample of preferred common lemmas with rhymes,aright,forbidden,1,"",""
random sample of preferred common lemmas with rhymes,batavia,forbidden,1,"",""
random sample of preferred common lemmas with rhymes,beinning,forbidden,1,"",""
random sample of preferred common lemmas with rhymes,bom,forbidden,1,"",""
random sample of preferred common lemmas with rhymes,bons,forbidden,1,"",""
random sample of preferred common lemmas with rhymes,brant,forbidden,1,"",""
random sample of preferred common lemmas with rhymes,breadline,forbidden,1,"",""
random sample of preferred common lemmas with rhymes,cabot,forbidden,1,"",""
random sample of preferred common lemmas with rhymes,carlin,forbidden,1,"",""
random sample of preferred common lemmas with rhymes,carling,forbidden,1,"",""
random sample of preferred common lemmas with rhymes,ceasefired,forbidden,1,"",""
random sample of preferred common lemmas with rhymes,chering,forbidden,1,"",""
random sample of preferred common lemmas with rhymes,cohosh,forbidden,1,"",""
random sample of preferred common lemmas with rhymes,coldered,forbidden,1,"",""
random sample of preferred common lemmas with rhymes,collinned,forbidden,1,"",""
random sample of preferred common lemmas with rhymes,conus,forbidden,1,"",""
random sample of preferred common lemmas with rhymes,dannied,forbidden,1,"",""
random sample of preferred common lemmas with rhymes,davys,forbidden,1,"",""
random sample of preferred common lemmas with rhymes,dele,forbidden,1,"",""
random sample of preferred common lemmas with rhymes,durst,forbidden,1,"",""
random sample of preferred common lemmas with rhymes,ehher,forbidden,1,"",""
random sample of preferred common lemmas with rhymes,fabered,forbidden,1,"",""
random sample of preferred common lemmas with rhymes,gened,forbidden,1,"",""
random sample of preferred common lemmas with rhymes,gening,forbidden,1,"",""
random sample of preferred common lemmas with rhymes,genned,forbidden,1,"",""
random sample of preferred common lemmas with rhymes,genning,forbidden,1,"",""
random sample of preferred common lemmas with rhymes,gens,forbidden,1,"",""
random sample of preferred common lemmas with rhymes,grammier,forbidden,1,"",""
random sample of preferred common lemmas with rhymes,hee,forbidden,1,"",""
random sample of preferred common lemmas with rhymes,hees,forbidden,1,"",""
random sample of preferred common lemmas with rhymes,hehed,forbidden,1,"",""
random sample of preferred common lemmas with rhymes,hehing,forbidden,1,"",""
random sample of preferred common lemmas with rhymes,hehs,forbidden,1,"",""
random sample of preferred common lemmas with rhymes,hilal,forbidden,1,"",""
random sample of preferred common lemmas with rhymes,hisself,forbidden,1,"",""
random sample of preferred common lemmas with rhymes,hor,forbidden,1,"",""
random sample of preferred common lemmas with rhymes,hyding,forbidden,1,"",""
random sample of preferred common lemmas with rhymes,ing,forbidden,1,"",""
random sample of preferred common lemmas with rhymes,kant,forbidden,1,"",""
random sample of preferred common lemmas with rhymes,kidd,forbidden,1,"",""
random sample of preferred common lemmas with rhymes,lakh,forbidden,1,"",""
random sample of preferred common lemmas with rhymes,lawton,forbidden,1,"",""
random sample of preferred common lemmas with rhymes,leicester,forbidden,1,"",""
random sample of preferred common lemmas with rhymes,localitiessing,forbidden,1,"",""
random sample of preferred common lemmas with rhymes,loyaltiessing,forbidden,1,"",""
random sample of preferred common lemmas with rhymes,mem,forbidden,1,"",""
random sample of preferred common lemmas with rhymes,modena,forbidden,1,"",""
random sample of preferred common lemmas with rhymes,mong,forbidden,1,"",""
random sample of preferred common lemmas with rhymes,mott,forbidden,1,"",""
random sample of preferred common lemmas with rhymes,oaksed,forbidden,1,"",""
random sample of preferred common lemmas with rhymes,oe,forbidden,1,"",""
random sample of preferred common lemmas with rhymes,ozzie,forbidden,1,"",""
random sample of preferred common lemmas with rhymes,paregoric,forbidden,1,"",""
random sample of preferred common lemmas with rhymes,pellagra,forbidden,1,"",""
random sample of preferred common lemmas with rhymes,prixxed,forbidden,1,"",""
random sample of preferred common lemmas with rhymes,probabilitiessing,forbidden,1,"",""
random sample of preferred common lemmas with rhymes,pseudomona,forbidden,1,"",""
random sample of preferred common lemmas with rhymes,pseudomonas,forbidden,1,"",""
random sample of preferred common lemmas with rhymes,pukka,forbidden,1,"",""
random sample of preferred common lemmas with rhymes,raison,forbidden,1,"",""
random sample of preferred common lemmas with rhymes,randalling,forbidden,1,"",""
random sample of preferred common lemmas with rhymes,sanser,forbidden,1,"",""
random sample of preferred common lemmas with rhymes,sanses,forbidden,1,"",""
random sample of preferred common lemmas with rhymes,sansing,forbidden,1,"",""
random sample of preferred common lemmas with rhymes,sare,forbidden,1,"",""
random sample of preferred common lemmas with rhymes,sare,forbidden,1,"",""
random sample of preferred common lemmas with rhymes,sault,forbidden,1,"",""
random sample of preferred common lemmas with rhymes,scrod,forbidden,1,"",""
random sample of preferred common lemmas with rhymes,shepard,forbidden,1,"",""
random sample of preferred common lemmas with rhymes,shi,forbidden,1,"",""
random sample of preferred common lemmas with rhymes,sloane,forbidden,1,"",""
random sample of preferred common lemmas with rhymes,soubrette,forbidden,1,"",""
random sample of preferred common lemmas with rhymes,srebrenica,forbidden,1,"",""
random sample of preferred common lemmas with rhymes,strom,forbidden,1,"",""
random sample of preferred common lemmas with rhymes,utilitiessed,forbidden,1,"",""
random sample of preferred common lemmas with rhymes,voned,forbidden,1,"",""
random sample of preferred common lemmas with rhymes,yumer,forbidden,1,"",""
random sample of preferred common lemmas with rhymes,yumest,forbidden,1,"",""
